﻿{
  "SessionId": "d21e856a-bf1d-4f00-86b8-51be247e6650",
  "SessionDate": "2018-08-04T15:35:53.4336625+07:00",
  "ClientDeviceId": "A1SH83M00T9",
  "ClientUserId": "8328",
  "ClientName": "APQIS",
  "ClientVersion": "1.0.0.0",
  "SessionDataType": "QisUnitDataAndPO",
  "SessionUserRole": "SE",
  "SessionDataPath": "219",
  "Data": [
    {
      "HEADER": {
        "ProjectID": 219,
        "ProjectCode": "4/029",
        "ProjectName": "บ้านกลางเมือง THE EDITION พระราม9 - พัฒนาการ",
        "ProjectCRMCode": "40029",
        "JsonData": "{\"ProjectID\":219,\"ProjectCode\":\"4/029\",\"ProjectName\":\"บ้านกลางเมือง THE EDITION พระราม9 - พัฒนาการ\",\"ProjectCRMCode\":\"40029\",\"ProjectType\":null,\"Plant\":\"\",\"Status\":\"Active\",\"PM\":2236,\"BU\":\"2\",\"RefID\":null,\"CreatedDate\":null,\"ModifiedDate\":\"2018-04-11T16:41:21.267\",\"DeletedDate\":null,\"ProjectFullName\":\"4/029 - บ้านกลางเมือง THE EDITION พระราม9 - พัฒนาการ\",\"ProjectCRMFullName\":\"40029\",\"BUName\":\"BG 2\",\"StatusName\":\"อยู่ระหว่างก่อสร้าง\",\"PMCode\":\"AP002662\",\"PMName\":\"นายบัณฑิต คงสมคิด\",\"CanRedeem\":null,\"SERedeem\":null,\"QARedeem\":null,\"RedeemModelID\":161,\"SurveyModelID\":162,\"CanRedeemName\":\"ยังไม่ตรวจ Pre ไถ่ถอน\",\"SERedeemName\":null,\"QARedeemName\":null,\"RedeemModelName\":\"Pre ไถ่ถอน\",\"SurveyModelName\":\"Survey\",\"CanSurvey\":null,\"QASurvey\":null}",
        "BU": "2"
      },
      "DETAILS_PO": [
        {
          "UPK": "121059.8328",
          "POID": 121059,
          "DataOwnerUserId": 8328,
          "ProjectID": 219,
          "WBS": "4/029-AC-DD-002",
          "SE": 8328,
          "QA": 0,
          "POType": "F",
          "LastSyncDate": "2018-08-04T15:35:53.4336625+07:00",
          "JsonData": "{\"POID\":121059,\"PONumber\":\"4046058079\",\"Item\":\"00010\",\"POType\":\"F\",\"ProjectID\":219,\"PhaseSeq\":33,\"Block\":\"4/029-AC-DD-002\",\"WBS\":\"4/029-AC-DD-002\",\"ItemDescription\":\"ค่าภูมิสถาปัตยกรรม\",\"MaterialNumber\":\"20114-400033\",\"MaterialText\":\"Softscape Model House (Townhouse 3 ชั้น)\",\"FacilityCode\":\"DD\",\"VendorID\":718,\"Quantity\":1.0,\"SE\":8328,\"QA\":null,\"IsDelete\":\"N\",\"RefID\":66493,\"RowClientId\":null,\"RowState\":\"Modified\",\"RowVersion\":0,\"RowSyncDate\":null,\"CreateDeviceId\":null,\"CreateUserId\":null,\"ModifiedDeviceId\":\"A1SH83M00T9\",\"ModifiedUserId\":8328,\"CreatedDate\":\"2018-08-04T15:35:44.7531217+07:00\",\"ModifiedDate\":\"2018-08-04T15:35:44.7531217+07:00\",\"PhaseName\":\"33\",\"ProjectCode\":\"4/029\",\"ProjectName\":\"บ้านกลางเมือง THE EDITION พระราม9 - พัฒนาการ\",\"Plant\":\"\",\"PMCode\":\"AP002662\",\"PMName\":\"นายบัณฑิต คงสมคิด\",\"ConstructorID\":718,\"ConstructorCode\":\"0000101176\",\"ConstructorName\":\"บริษัท อัลไพน์กอล์ฟ แอนด์\",\"SECode\":\"AP004088\",\"SEName\":\"นายสหรัตน์ เดชะคุปต์\",\"QACode\":\"\",\"QAName\":\"\",\"PrevProgress\":0.0,\"PrevProgress_QAPassed\":0.1,\"PrevGRID\":0,\"PrevGRID_QAPassed\":145051,\"NextSEProgress\":0.30,\"NextSEProgressDate\":\"2018-08-04T15:35:44.4096224+07:00\",\"NextQAApprove\":\"\",\"NextQAProgress\":0.0,\"NextQAProgressDate\":null,\"ProgressLog\":\"0.100\",\"ProgressLog_QAPassed\":\"0.100\",\"Progress\":0.0,\"Progress_QAPassed\":0.1,\"Complete\":\"N\",\"ProjectFullName\":\"4/029 - บ้านกลางเมือง THE EDITION พระราม9 - พัฒนาการ\",\"FacilityName\":\"Landscape AC-DD\",\"GRStepParallelValues\":\"\",\"FacilityPO\":{\"ProjectID\":219,\"POID\":121059,\"FacilityModelID\":171,\"MaterialCode\":\"20114-400033\",\"ModelID\":236,\"SendProgress1\":10.0,\"SendProgress2\":30.0,\"SendProgress3\":55.0,\"SendProgress4\":5.0,\"SendProgress5\":null},\"GRStepType\":\"S\",\"GRStepTypeList\":\"[{ \\\"GRID\\\":145051,\\\"Quantity\\\":\\\"0.100\\\",\\\"QAApprove\\\":\\\"P\\\",\\\"PMApprove\\\":\\\"N\\\"}]\",\"GRStepTypeListItems\":null}",
          "RowState": "Modified"
        }
      ],
      "DETAILS": [],
      "RESOURCES": [
        {
          "RowClientId": "Q$RES$P219$A1SH83M00T9$20180804153540056",
          "ResourceId": 0,
          "ResourceType": 110,
          "ResourceTagCode": "U-SE",
          "ResourceTagSubCode": "H",
          "ResourceGroupSet": "22394c6c18dd4a1db99454f329001ea0",
          "ResourceGroupOrder": 1,
          "ResourceMineType": "image/jpeg",
          "ProjectId": 219,
          "UnitId": 0,
          "FilePath": "P_219\\Camera\\Camera_A1SH83M00T9_20180804153540.jpg",
          "Description": "",
          "IsActive": true,
          "PhaseId": 0,
          "HeaderId": 15741,
          "DetailId": 0,
          "UHeader_RowClientId": "",
          "UDetail_RowClientId": "",
          "UFHeader_RowClientId": "Q$PH$219$A1SH83M00T9$20180804153536975",
          "UFDetail_RowClientId": "",
          "RowState": "AddNew",
          "RowSyncDate": "2018-08-04T15:35:53.4336625+07:00",
          "FileLength": 17036,
          "CreateDeviceId": "A1SH83M00T9",
          "CreateUserId": 8328,
          "ModifiedDeviceId": "A1SH83M00T9",
          "ModifiedUserId": 8328,
          "CreatedDate": "2018-08-04T15:35:40",
          "ModifiedDate": "2018-08-04T15:35:40"
        },
        {
          "RowClientId": "Q$RES$P219$A1SH83M00T9$2018080415354008",
          "ResourceId": 0,
          "ResourceType": 110,
          "ResourceTagCode": "U-SE",
          "ResourceTagSubCode": "H",
          "ResourceGroupSet": "22394c6c18dd4a1db99454f329001ea0",
          "ResourceGroupOrder": 2,
          "ResourceMineType": "image/jpeg",
          "ProjectId": 219,
          "UnitId": 0,
          "FilePath": "P_219\\Camera\\Camera_A1SH83M00T9_20180804153539.jpg",
          "Description": "",
          "IsActive": true,
          "PhaseId": 0,
          "HeaderId": 15741,
          "DetailId": 0,
          "UHeader_RowClientId": "",
          "UDetail_RowClientId": "",
          "UFHeader_RowClientId": "Q$PH$219$A1SH83M00T9$20180804153536975",
          "UFDetail_RowClientId": "",
          "RowState": "AddNew",
          "RowSyncDate": "2018-08-04T15:35:53.4336625+07:00",
          "FileLength": 16981,
          "CreateDeviceId": "A1SH83M00T9",
          "CreateUserId": 8328,
          "ModifiedDeviceId": "A1SH83M00T9",
          "ModifiedUserId": 8328,
          "CreatedDate": "2018-08-04T15:35:40",
          "ModifiedDate": "2018-08-04T15:35:40"
        },
        {
          "RowClientId": "Q$RES$P219$A1SH83M00T9$20180804153540097",
          "ResourceId": 0,
          "ResourceType": 110,
          "ResourceTagCode": "U-SE",
          "ResourceTagSubCode": "H",
          "ResourceGroupSet": "22394c6c18dd4a1db99454f329001ea0",
          "ResourceGroupOrder": 3,
          "ResourceMineType": "image/jpeg",
          "ProjectId": 219,
          "UnitId": 0,
          "FilePath": "P_219\\Camera\\Camera_A1SH83M00T9_20180804153538.jpg",
          "Description": "",
          "IsActive": true,
          "PhaseId": 0,
          "HeaderId": 15741,
          "DetailId": 0,
          "UHeader_RowClientId": "",
          "UDetail_RowClientId": "",
          "UFHeader_RowClientId": "Q$PH$219$A1SH83M00T9$20180804153536975",
          "UFDetail_RowClientId": "",
          "RowState": "AddNew",
          "RowSyncDate": "2018-08-04T15:35:53.4336625+07:00",
          "FileLength": 17042,
          "CreateDeviceId": "A1SH83M00T9",
          "CreateUserId": 8328,
          "ModifiedDeviceId": "A1SH83M00T9",
          "ModifiedUserId": 8328,
          "CreatedDate": "2018-08-04T15:35:40",
          "ModifiedDate": "2018-08-04T15:35:40"
        }
      ],
      "DETAILS_PROJ": [
        {
          "MaxPhaseID": 1188,
          "MaxHeaderID": 15743,
          "MaxDetailID": 65672,
          "ModelProjectDataId": "219.F.236_UID8328_121059",
          "DataOwnerUserId": 8328,
          "ProjectID": 219,
          "ProjectName": "",
          "ModelID": 236,
          "ModelName": "",
          "UFFacility": "[{\"UFFacilityID\":6356,\"POID\":121059,\"ProjectID\":219,\"Quantity\":1.0,\"SE\":8328,\"SEComplete\":\"N\",\"SECompleteDate\":null,\"QA\":null,\"QAComplete\":null,\"QACompleteDate\":null,\"StartDate\":\"2018-08-04T15:32:31.653\",\"FinishDate\":null,\"IsReq\":null,\"FacilityType\":\"F\",\"Remark\":null,\"IsGRParallel\":false,\"GRParallelIndex\":null,\"GRParallelValue\":null,\"RowClientId\":\"Q$UFF$219$A1SH83M00T9$20180804153231654\",\"RowState\":\"Modified\",\"RowVersion\":2,\"RowSyncDate\":\"2018-08-04T15:35:53.4336625+07:00\",\"IssueDocNo\":\"\",\"CreateDeviceId\":\"A1SH83M00T9\",\"CreateUserId\":8328,\"ModifiedDeviceId\":\"A1SH83M00T9\",\"ModifiedUserId\":8328,\"CreatedDate\":\"2018-08-04T15:32:31.653\",\"ModifiedDate\":\"2018-08-04T15:35:44.7481312+07:00\"}]",
          "UFPhases": "[{\"UFPhaseID\":-1,\"UFFacilityID\":6356,\"ProjectID\":219,\"PhaseID\":1186,\"ModelID\":236,\"SE\":8328,\"SEComplete\":\"N\",\"SECompleteDate\":null,\"QA\":null,\"QAComplete\":null,\"QACompleteDate\":null,\"Complete\":\"N\",\"RowClientId\":\"Q$UFH$219$A1SH83M00T9$20180804153536974\",\"RowState\":\"Modified\",\"RowVersion\":1,\"RowSyncDate\":\"2018-08-04T15:35:53.4336625+07:00\",\"CreateDeviceId\":\"A1SH83M00T9\",\"CreateUserId\":8328,\"ModifiedDeviceId\":\"A1SH83M00T9\",\"ModifiedUserId\":8328,\"CreatedDate\":\"2018-08-04T15:35:36.9744679+07:00\",\"ModifiedDate\":\"2018-08-04T15:35:44.7481312+07:00\"}]",
          "UFHeaders": "[{\"UFHeaderID\":-1,\"UFFacilityID\":6356,\"ProjectID\":219,\"UFPhaseID\":-1,\"HeaderVersionID\":null,\"HeaderID\":15741,\"PhaseID\":1186,\"SEComplete\":\"N\",\"QAComplete\":\"N\",\"RowClientId\":\"Q$PH$219$A1SH83M00T9$20180804153536975\",\"RowState\":\"Modified\",\"RowVersion\":1,\"RowSyncDate\":\"2018-08-04T15:35:53.4336625+07:00\",\"CreateDeviceId\":\"A1SH83M00T9\",\"CreateUserId\":8328,\"ModifiedDeviceId\":\"A1SH83M00T9\",\"ModifiedUserId\":8328,\"CreatedDate\":\"2018-08-04T15:35:36.9744679+07:00\",\"ModifiedDate\":\"2018-08-04T15:35:44.7481312+07:00\",\"VersionNumber\":5}]",
          "UFDetails": "[{\"UFDetailID\":-1,\"UFFacilityID\":6356,\"ProjectID\":219,\"UFPhaseID\":-1,\"UFHeaderID\":-1,\"DetailVersionID\":null,\"DetailID\":65655,\"SEPass\":\"N\",\"SEScore\":null,\"SEDate\":\"2018-08-04T15:35:43.379424+07:00\",\"QAPass\":null,\"QAScore\":null,\"QADate\":null,\"RowClientId\":\"Q$PD$219$A1SH83M00T9$20180804153536975\",\"RowState\":\"Modified\",\"RowVersion\":1,\"RowSyncDate\":\"2018-08-04T15:35:53.4336625+07:00\",\"CreateDeviceId\":\"A1SH83M00T9\",\"CreateUserId\":8328,\"ModifiedDeviceId\":\"A1SH83M00T9\",\"ModifiedUserId\":8328,\"CreatedDate\":\"2018-08-04T15:35:36.9744679+07:00\",\"ModifiedDate\":\"2018-08-04T15:35:43.379424+07:00\",\"VersionNumber\":1,\"IsRequestQA\":null},{\"UFDetailID\":-2,\"UFFacilityID\":6356,\"ProjectID\":219,\"UFPhaseID\":-1,\"UFHeaderID\":-1,\"DetailVersionID\":null,\"DetailID\":65656,\"SEPass\":\"N\",\"SEScore\":null,\"SEDate\":\"2018-08-04T15:35:41.8083054+07:00\",\"QAPass\":null,\"QAScore\":null,\"QADate\":null,\"RowClientId\":\"Q$PD$219$A1SH83M00T9$20180804153537009\",\"RowState\":\"Modified\",\"RowVersion\":1,\"RowSyncDate\":\"2018-08-04T15:35:53.4336625+07:00\",\"CreateDeviceId\":\"A1SH83M00T9\",\"CreateUserId\":8328,\"ModifiedDeviceId\":\"A1SH83M00T9\",\"ModifiedUserId\":8328,\"CreatedDate\":\"2018-08-04T15:35:37.0094398+07:00\",\"ModifiedDate\":\"2018-08-04T15:35:41.8083054+07:00\",\"VersionNumber\":1,\"IsRequestQA\":null},{\"UFDetailID\":-3,\"UFFacilityID\":6356,\"ProjectID\":219,\"UFPhaseID\":-1,\"UFHeaderID\":-1,\"DetailVersionID\":null,\"DetailID\":65657,\"SEPass\":\"Y\",\"SEScore\":null,\"SEDate\":\"2018-08-04T15:35:42.5380882+07:00\",\"QAPass\":null,\"QAScore\":null,\"QADate\":null,\"RowClientId\":\"Q$PD$219$A1SH83M00T9$20180804153537046\",\"RowState\":\"Modified\",\"RowVersion\":1,\"RowSyncDate\":\"2018-08-04T15:35:53.4336625+07:00\",\"CreateDeviceId\":\"A1SH83M00T9\",\"CreateUserId\":8328,\"ModifiedDeviceId\":\"A1SH83M00T9\",\"ModifiedUserId\":8328,\"CreatedDate\":\"2018-08-04T15:35:37.0463078+07:00\",\"ModifiedDate\":\"2018-08-04T15:35:42.5380882+07:00\",\"VersionNumber\":1,\"IsRequestQA\":null},{\"UFDetailID\":-4,\"UFFacilityID\":6356,\"ProjectID\":219,\"UFPhaseID\":-1,\"UFHeaderID\":-1,\"DetailVersionID\":null,\"DetailID\":65658,\"SEPass\":\"Y\",\"SEScore\":null,\"SEDate\":\"2018-08-04T15:35:44.3830344+07:00\",\"QAPass\":null,\"QAScore\":null,\"QADate\":null,\"RowClientId\":\"Q$PD$219$A1SH83M00T9$20180804153537081\",\"RowState\":\"Modified\",\"RowVersion\":1,\"RowSyncDate\":\"2018-08-04T15:35:53.4336625+07:00\",\"CreateDeviceId\":\"A1SH83M00T9\",\"CreateUserId\":8328,\"ModifiedDeviceId\":\"A1SH83M00T9\",\"ModifiedUserId\":8328,\"CreatedDate\":\"2018-08-04T15:35:37.0819943+07:00\",\"ModifiedDate\":\"2018-08-04T15:35:44.3840327+07:00\",\"VersionNumber\":1,\"IsRequestQA\":null},{\"UFDetailID\":-5,\"UFFacilityID\":6356,\"ProjectID\":219,\"UFPhaseID\":-1,\"UFHeaderID\":-1,\"DetailVersionID\":null,\"DetailID\":65659,\"SEPass\":\"Y\",\"SEScore\":null,\"SEDate\":\"2018-08-04T15:35:44.7471318+07:00\",\"QAPass\":null,\"QAScore\":null,\"QADate\":null,\"RowClientId\":\"Q$PD$219$A1SH83M00T9$20180804153537115\",\"RowState\":\"Modified\",\"RowVersion\":1,\"RowSyncDate\":\"2018-08-04T15:35:53.4336625+07:00\",\"CreateDeviceId\":\"A1SH83M00T9\",\"CreateUserId\":8328,\"ModifiedDeviceId\":\"A1SH83M00T9\",\"ModifiedUserId\":8328,\"CreatedDate\":\"2018-08-04T15:35:37.1153792+07:00\",\"ModifiedDate\":\"2018-08-04T15:35:44.7481312+07:00\",\"VersionNumber\":1,\"IsRequestQA\":null}]",
          "FacilityType": "F",
          "LastSyncDate": "2018-08-04T15:35:53.4336625+07:00",
          "LastSyncUserId": 8328,
          "ModifiedDate": "2018-08-04T15:35:44",
          "ModifiedUserId": 8328,
          "POID": 121059,
          "RowState": "Modified",
          "IssueDocNo": ""
        }
      ]
    }
  ]
}