﻿{
  "SessionId": "9f254a0d-aecc-474b-aad4-108701148fe6",
  "SessionDate": "2018-08-10T13:39:18.777502+07:00",
  "ClientDeviceId": "A1SH83M00T9",
  "ClientUserId": "8328",
  "ClientName": "APQIS",
  "ClientVersion": "1.0.0.0",
  "SessionDataType": "QisUnitDataAndPO",
  "SessionUserRole": "SE",
  "SessionDataPath": "233",
  "Data": [
    {
      "HEADER": {
        "ProjectID": 233,
        "ProjectCode": "4/039",
        "ProjectName": "Centro พุทธบูชา32",
        "ProjectCRMCode": "40039",
        "JsonData": "{\"ProjectID\":233,\"ProjectCode\":\"4/039\",\"ProjectName\":\"Centro พุทธบูชา32\",\"ProjectCRMCode\":\"40039\",\"ProjectType\":null,\"Plant\":\"\",\"Status\":\"Active\",\"PM\":339,\"BU\":\"1\",\"RefID\":null,\"CreatedDate\":null,\"ModifiedDate\":\"2018-05-14T16:15:05.973\",\"DeletedDate\":null,\"ProjectFullName\":\"4/039 - Centro พุทธบูชา32\",\"ProjectCRMFullName\":\"40039\",\"BUName\":\"BG 1\",\"StatusName\":\"อยู่ระหว่างก่อสร้าง\",\"PMCode\":\"AP000571\",\"PMName\":\"นายโยธิน ปกสุข\",\"CanRedeem\":null,\"SERedeem\":null,\"QARedeem\":null,\"RedeemModelID\":161,\"SurveyModelID\":162,\"CanRedeemName\":\"ยังไม่ตรวจ Pre ไถ่ถอน\",\"SERedeemName\":null,\"QARedeemName\":null,\"RedeemModelName\":\"Pre ไถ่ถอน\",\"SurveyModelName\":\"Survey\",\"CanSurvey\":null,\"QASurvey\":null}",
        "BU": "1"
      },
      "DETAILS_PO": [],
      "DETAILS": [
        {
          "MaxPhaseID": 962,
          "MaxHeaderID": 12945,
          "MaxDetailID": 52445,
          "ModelUnitDataId": "63237.174_UID8328",
          "DataOwnerUserId": 8328,
          "ProjectID": 233,
          "ProjectName": "",
          "UnitID": 63237,
          "UnitNumber": "",
          "UnitWBS": "",
          "ModelID": 174,
          "ModelName": "",
          "UPhases": "[{\"UPhaseID\":465810,\"UnitID\":63237,\"PhaseID\":950,\"ModelID\":174,\"SE\":8328,\"SEComplete\":\"Y\",\"SECompleteDate\":\"2018-08-10T13:39:11.5934836+07:00\",\"QA\":null,\"QAComplete\":null,\"QACompleteDate\":null,\"Complete\":\"N\",\"StartDate\":\"2018-08-10T13:25:52.15\",\"FinishDate\":null,\"IsReq\":null,\"RefID\":null,\"RowClientId\":\"Q$UF$63237$A1SH83M00T9$2018081013255215\",\"RowState\":\"Modified\",\"RowVersion\":4,\"RowSyncDate\":\"2018-08-10T13:39:18.777502+07:00\",\"CreateDeviceId\":\"A1SH83M00T9\",\"CreateUserId\":8328,\"ModifiedDeviceId\":\"A1SH83M00T9\",\"ModifiedUserId\":8328,\"CreatedDate\":\"2018-08-10T13:25:52.15\",\"ModifiedDate\":\"2018-08-10T13:39:11.4997349+07:00\",\"ActualProcessDays\":null,\"RowSyncSessionId\":null,\"RowClientTypeID\":null,\"OfflineDetailIDs\":null,\"OfflineDetailCount\":null}]",
          "UHeaders": "[{\"UHeaderID\":-1,\"UnitID\":63237,\"UPhaseID\":465810,\"HeaderVersionID\":null,\"HeaderID\":12942,\"PhaseID\":950,\"AreaID\":0,\"SEComplete\":\"Y\",\"QAComplete\":\"P\",\"RefID\":null,\"RowClientId\":\"Q$UH$63237$A1SH83M00T9$20180810133827974\",\"RowState\":\"Modified\",\"RowVersion\":1,\"RowSyncDate\":\"2018-08-10T13:39:18.777502+07:00\",\"CreateDeviceId\":\"A1SH83M00T9\",\"CreateUserId\":8328,\"ModifiedDeviceId\":\"A1SH83M00T9\",\"ModifiedUserId\":8328,\"CreatedDate\":\"2018-08-10T13:38:27.9747636+07:00\",\"ModifiedDate\":\"2018-08-10T13:38:34.9926923+07:00\",\"VersionNumber\":1},{\"UHeaderID\":-2,\"UnitID\":63237,\"UPhaseID\":465810,\"HeaderVersionID\":null,\"HeaderID\":12943,\"PhaseID\":950,\"AreaID\":0,\"SEComplete\":\"Y\",\"QAComplete\":\"P\",\"RefID\":null,\"RowClientId\":\"Q$UH$63237$A1SH83M00T9$20180810133831443\",\"RowState\":\"Modified\",\"RowVersion\":1,\"RowSyncDate\":\"2018-08-10T13:39:18.777502+07:00\",\"CreateDeviceId\":\"A1SH83M00T9\",\"CreateUserId\":8328,\"ModifiedDeviceId\":\"A1SH83M00T9\",\"ModifiedUserId\":8328,\"CreatedDate\":\"2018-08-10T13:38:31.4433795+07:00\",\"ModifiedDate\":\"2018-08-10T13:38:36.1429957+07:00\",\"VersionNumber\":1},{\"UHeaderID\":-3,\"UnitID\":63237,\"UPhaseID\":465810,\"HeaderVersionID\":null,\"HeaderID\":12591,\"PhaseID\":950,\"AreaID\":0,\"SEComplete\":\"Y\",\"QAComplete\":\"N\",\"RefID\":null,\"RowClientId\":\"Q$UH$63237$A1SH83M00T9$20180810133840371\",\"RowState\":\"Modified\",\"RowVersion\":1,\"RowSyncDate\":\"2018-08-10T13:39:18.777502+07:00\",\"CreateDeviceId\":\"A1SH83M00T9\",\"CreateUserId\":8328,\"ModifiedDeviceId\":\"A1SH83M00T9\",\"ModifiedUserId\":8328,\"CreatedDate\":\"2018-08-10T13:38:40.371336+07:00\",\"ModifiedDate\":\"2018-08-10T13:38:51.4638368+07:00\",\"VersionNumber\":8},{\"UHeaderID\":-4,\"UnitID\":63237,\"UPhaseID\":465810,\"HeaderVersionID\":null,\"HeaderID\":12593,\"PhaseID\":950,\"AreaID\":0,\"SEComplete\":\"Y\",\"QAComplete\":\"P\",\"RefID\":null,\"RowClientId\":\"Q$UH$63237$A1SH83M00T9$20180810133855222\",\"RowState\":\"Modified\",\"RowVersion\":1,\"RowSyncDate\":\"2018-08-10T13:39:18.777502+07:00\",\"CreateDeviceId\":\"A1SH83M00T9\",\"CreateUserId\":8328,\"ModifiedDeviceId\":\"A1SH83M00T9\",\"ModifiedUserId\":8328,\"CreatedDate\":\"2018-08-10T13:38:55.2228597+07:00\",\"ModifiedDate\":\"2018-08-10T13:39:05.1493727+07:00\",\"VersionNumber\":6},{\"UHeaderID\":-5,\"UnitID\":63237,\"UPhaseID\":465810,\"HeaderVersionID\":null,\"HeaderID\":12944,\"PhaseID\":950,\"AreaID\":0,\"SEComplete\":\"Y\",\"QAComplete\":\"P\",\"RefID\":null,\"RowClientId\":\"Q$UH$63237$A1SH83M00T9$20180810133908944\",\"RowState\":\"Modified\",\"RowVersion\":1,\"RowSyncDate\":\"2018-08-10T13:39:18.777502+07:00\",\"CreateDeviceId\":\"A1SH83M00T9\",\"CreateUserId\":8328,\"ModifiedDeviceId\":\"A1SH83M00T9\",\"ModifiedUserId\":8328,\"CreatedDate\":\"2018-08-10T13:39:08.9447852+07:00\",\"ModifiedDate\":\"2018-08-10T13:39:11.4997349+07:00\",\"VersionNumber\":1}]",
          "UDetails": "[{\"UDetailID\":-1,\"UnitID\":63237,\"UPhaseID\":465810,\"UHeaderID\":-1,\"DetailVersionID\":null,\"DetailID\":52442,\"SEPass\":\"Y\",\"SEScore\":null,\"SEDate\":\"2018-08-10T13:38:34.9916947+07:00\",\"QAPass\":\"P\",\"QAScore\":null,\"QADate\":null,\"RowClientId\":\"Q$UD$63237$A1SH83M00T9$20180810133827975\",\"RowState\":\"Modified\",\"RowVersion\":1,\"RowSyncDate\":\"2018-08-10T13:39:18.777502+07:00\",\"CreateDeviceId\":\"A1SH83M00T9\",\"CreateUserId\":8328,\"ModifiedDeviceId\":\"A1SH83M00T9\",\"ModifiedUserId\":8328,\"CreatedDate\":\"2018-08-10T13:38:27.9747636+07:00\",\"ModifiedDate\":\"2018-08-10T13:38:34.9926923+07:00\",\"VersionNumber\":1,\"IsRequestQA\":false},{\"UDetailID\":-2,\"UnitID\":63237,\"UPhaseID\":465810,\"UHeaderID\":-2,\"DetailVersionID\":null,\"DetailID\":52443,\"SEPass\":\"Y\",\"SEScore\":null,\"SEDate\":\"2018-08-10T13:38:36.141001+07:00\",\"QAPass\":\"P\",\"QAScore\":null,\"QADate\":null,\"RowClientId\":\"Q$UD$63237$A1SH83M00T9$20180810133831444\",\"RowState\":\"Modified\",\"RowVersion\":1,\"RowSyncDate\":\"2018-08-10T13:39:18.777502+07:00\",\"CreateDeviceId\":\"A1SH83M00T9\",\"CreateUserId\":8328,\"ModifiedDeviceId\":\"A1SH83M00T9\",\"ModifiedUserId\":8328,\"CreatedDate\":\"2018-08-10T13:38:31.4433795+07:00\",\"ModifiedDate\":\"2018-08-10T13:38:36.1429957+07:00\",\"VersionNumber\":1,\"IsRequestQA\":false},{\"UDetailID\":-3,\"UnitID\":63237,\"UPhaseID\":465810,\"UHeaderID\":-3,\"DetailVersionID\":null,\"DetailID\":51263,\"SEPass\":\"Y\",\"SEScore\":null,\"SEDate\":\"2018-08-10T13:38:44.6756927+07:00\",\"QAPass\":null,\"QAScore\":null,\"QADate\":null,\"RowClientId\":\"Q$UD$63237$A1SH83M00T9$20180810133840371\",\"RowState\":\"Modified\",\"RowVersion\":1,\"RowSyncDate\":\"2018-08-10T13:39:18.777502+07:00\",\"CreateDeviceId\":\"A1SH83M00T9\",\"CreateUserId\":8328,\"ModifiedDeviceId\":\"A1SH83M00T9\",\"ModifiedUserId\":8328,\"CreatedDate\":\"2018-08-10T13:38:40.371336+07:00\",\"ModifiedDate\":\"2018-08-10T13:38:44.6776871+07:00\",\"VersionNumber\":1,\"IsRequestQA\":true},{\"UDetailID\":-4,\"UnitID\":63237,\"UPhaseID\":465810,\"UHeaderID\":-3,\"DetailVersionID\":null,\"DetailID\":51264,\"SEPass\":\"Y\",\"SEScore\":null,\"SEDate\":\"2018-08-10T13:38:45.1695842+07:00\",\"QAPass\":null,\"QAScore\":null,\"QADate\":null,\"RowClientId\":\"Q$UD$63237$A1SH83M00T9$20180810133840474\",\"RowState\":\"Modified\",\"RowVersion\":1,\"RowSyncDate\":\"2018-08-10T13:39:18.777502+07:00\",\"CreateDeviceId\":\"A1SH83M00T9\",\"CreateUserId\":8328,\"ModifiedDeviceId\":\"A1SH83M00T9\",\"ModifiedUserId\":8328,\"CreatedDate\":\"2018-08-10T13:38:40.4741508+07:00\",\"ModifiedDate\":\"2018-08-10T13:38:45.1715786+07:00\",\"VersionNumber\":1,\"IsRequestQA\":true},{\"UDetailID\":-5,\"UnitID\":63237,\"UPhaseID\":465810,\"UHeaderID\":-3,\"DetailVersionID\":null,\"DetailID\":51265,\"SEPass\":\"Y\",\"SEScore\":null,\"SEDate\":\"2018-08-10T13:38:49.0763751+07:00\",\"QAPass\":null,\"QAScore\":null,\"QADate\":null,\"RowClientId\":\"Q$UD$63237$A1SH83M00T9$20180810133840571\",\"RowState\":\"Modified\",\"RowVersion\":1,\"RowSyncDate\":\"2018-08-10T13:39:18.777502+07:00\",\"CreateDeviceId\":\"A1SH83M00T9\",\"CreateUserId\":8328,\"ModifiedDeviceId\":\"A1SH83M00T9\",\"ModifiedUserId\":8328,\"CreatedDate\":\"2018-08-10T13:38:40.5719619+07:00\",\"ModifiedDate\":\"2018-08-10T13:38:49.0783713+07:00\",\"VersionNumber\":1,\"IsRequestQA\":true},{\"UDetailID\":-6,\"UnitID\":63237,\"UPhaseID\":465810,\"UHeaderID\":-3,\"DetailVersionID\":null,\"DetailID\":51266,\"SEPass\":\"Y\",\"SEScore\":null,\"SEDate\":\"2018-08-10T13:38:49.7360134+07:00\",\"QAPass\":null,\"QAScore\":null,\"QADate\":null,\"RowClientId\":\"Q$UD$63237$A1SH83M00T9$20180810133840668\",\"RowState\":\"Modified\",\"RowVersion\":1,\"RowSyncDate\":\"2018-08-10T13:39:18.777502+07:00\",\"CreateDeviceId\":\"A1SH83M00T9\",\"CreateUserId\":8328,\"ModifiedDeviceId\":\"A1SH83M00T9\",\"ModifiedUserId\":8328,\"CreatedDate\":\"2018-08-10T13:38:40.668738+07:00\",\"ModifiedDate\":\"2018-08-10T13:38:49.7380127+07:00\",\"VersionNumber\":1,\"IsRequestQA\":true},{\"UDetailID\":-7,\"UnitID\":63237,\"UPhaseID\":465810,\"UHeaderID\":-3,\"DetailVersionID\":null,\"DetailID\":51267,\"SEPass\":\"Y\",\"SEScore\":null,\"SEDate\":\"2018-08-10T13:38:49.8187923+07:00\",\"QAPass\":null,\"QAScore\":null,\"QADate\":null,\"RowClientId\":\"Q$UD$63237$A1SH83M00T9$20180810133840809\",\"RowState\":\"Modified\",\"RowVersion\":1,\"RowSyncDate\":\"2018-08-10T13:39:18.777502+07:00\",\"CreateDeviceId\":\"A1SH83M00T9\",\"CreateUserId\":8328,\"ModifiedDeviceId\":\"A1SH83M00T9\",\"ModifiedUserId\":8328,\"CreatedDate\":\"2018-08-10T13:38:40.809622+07:00\",\"ModifiedDate\":\"2018-08-10T13:38:49.8207871+07:00\",\"VersionNumber\":1,\"IsRequestQA\":true},{\"UDetailID\":-8,\"UnitID\":63237,\"UPhaseID\":465810,\"UHeaderID\":-3,\"DetailVersionID\":null,\"DetailID\":51268,\"SEPass\":\"Y\",\"SEScore\":null,\"SEDate\":\"2018-08-10T13:38:49.8995794+07:00\",\"QAPass\":null,\"QAScore\":null,\"QADate\":null,\"RowClientId\":\"Q$UD$63237$A1SH83M00T9$20180810133840905\",\"RowState\":\"Modified\",\"RowVersion\":1,\"RowSyncDate\":\"2018-08-10T13:39:18.777502+07:00\",\"CreateDeviceId\":\"A1SH83M00T9\",\"CreateUserId\":8328,\"ModifiedDeviceId\":\"A1SH83M00T9\",\"ModifiedUserId\":8328,\"CreatedDate\":\"2018-08-10T13:38:40.9050811+07:00\",\"ModifiedDate\":\"2018-08-10T13:38:49.9015625+07:00\",\"VersionNumber\":1,\"IsRequestQA\":true},{\"UDetailID\":-9,\"UnitID\":63237,\"UPhaseID\":465810,\"UHeaderID\":-3,\"DetailVersionID\":null,\"DetailID\":51269,\"SEPass\":\"Y\",\"SEScore\":null,\"SEDate\":\"2018-08-10T13:38:51.4618424+07:00\",\"QAPass\":null,\"QAScore\":null,\"QADate\":null,\"RowClientId\":\"Q$UD$63237$A1SH83M00T9$20180810133841\",\"RowState\":\"Modified\",\"RowVersion\":1,\"RowSyncDate\":\"2018-08-10T13:39:18.777502+07:00\",\"CreateDeviceId\":\"A1SH83M00T9\",\"CreateUserId\":8328,\"ModifiedDeviceId\":\"A1SH83M00T9\",\"ModifiedUserId\":8328,\"CreatedDate\":\"2018-08-10T13:38:41.0005376+07:00\",\"ModifiedDate\":\"2018-08-10T13:38:51.4638368+07:00\",\"VersionNumber\":1,\"IsRequestQA\":true},{\"UDetailID\":-10,\"UnitID\":63237,\"UPhaseID\":465810,\"UHeaderID\":-4,\"DetailVersionID\":null,\"DetailID\":51271,\"SEPass\":\"Y\",\"SEScore\":null,\"SEDate\":\"2018-08-10T13:38:59.3338351+07:00\",\"QAPass\":\"P\",\"QAScore\":null,\"QADate\":null,\"RowClientId\":\"Q$UD$63237$A1SH83M00T9$20180810133855223\",\"RowState\":\"Modified\",\"RowVersion\":1,\"RowSyncDate\":\"2018-08-10T13:39:18.777502+07:00\",\"CreateDeviceId\":\"A1SH83M00T9\",\"CreateUserId\":8328,\"ModifiedDeviceId\":\"A1SH83M00T9\",\"ModifiedUserId\":8328,\"CreatedDate\":\"2018-08-10T13:38:55.2228597+07:00\",\"ModifiedDate\":\"2018-08-10T13:38:59.3358295+07:00\",\"VersionNumber\":1,\"IsRequestQA\":false},{\"UDetailID\":-11,\"UnitID\":63237,\"UPhaseID\":465810,\"UHeaderID\":-4,\"DetailVersionID\":null,\"DetailID\":51272,\"SEPass\":\"Y\",\"SEScore\":null,\"SEDate\":\"2018-08-10T13:38:59.754513+07:00\",\"QAPass\":\"P\",\"QAScore\":null,\"QADate\":null,\"RowClientId\":\"Q$UD$63237$A1SH83M00T9$20180810133855344\",\"RowState\":\"Modified\",\"RowVersion\":1,\"RowSyncDate\":\"2018-08-10T13:39:18.777502+07:00\",\"CreateDeviceId\":\"A1SH83M00T9\",\"CreateUserId\":8328,\"ModifiedDeviceId\":\"A1SH83M00T9\",\"ModifiedUserId\":8328,\"CreatedDate\":\"2018-08-10T13:38:55.3441249+07:00\",\"ModifiedDate\":\"2018-08-10T13:38:59.7555102+07:00\",\"VersionNumber\":1,\"IsRequestQA\":false},{\"UDetailID\":-12,\"UnitID\":63237,\"UPhaseID\":465810,\"UHeaderID\":-4,\"DetailVersionID\":null,\"DetailID\":51273,\"SEPass\":\"Y\",\"SEScore\":null,\"SEDate\":\"2018-08-10T13:39:00.2317309+07:00\",\"QAPass\":\"P\",\"QAScore\":null,\"QADate\":null,\"RowClientId\":\"Q$UD$63237$A1SH83M00T9$20180810133855447\",\"RowState\":\"Modified\",\"RowVersion\":1,\"RowSyncDate\":\"2018-08-10T13:39:18.777502+07:00\",\"CreateDeviceId\":\"A1SH83M00T9\",\"CreateUserId\":8328,\"ModifiedDeviceId\":\"A1SH83M00T9\",\"ModifiedUserId\":8328,\"CreatedDate\":\"2018-08-10T13:38:55.4477526+07:00\",\"ModifiedDate\":\"2018-08-10T13:39:00.2337272+07:00\",\"VersionNumber\":1,\"IsRequestQA\":false},{\"UDetailID\":-13,\"UnitID\":63237,\"UPhaseID\":465810,\"UHeaderID\":-4,\"DetailVersionID\":null,\"DetailID\":51274,\"SEPass\":\"Y\",\"SEScore\":null,\"SEDate\":\"2018-08-10T13:39:04.7705032+07:00\",\"QAPass\":\"P\",\"QAScore\":null,\"QADate\":null,\"RowClientId\":\"Q$UD$63237$A1SH83M00T9$20180810133855551\",\"RowState\":\"Modified\",\"RowVersion\":1,\"RowSyncDate\":\"2018-08-10T13:39:18.777502+07:00\",\"CreateDeviceId\":\"A1SH83M00T9\",\"CreateUserId\":8328,\"ModifiedDeviceId\":\"A1SH83M00T9\",\"ModifiedUserId\":8328,\"CreatedDate\":\"2018-08-10T13:38:55.5517066+07:00\",\"ModifiedDate\":\"2018-08-10T13:39:04.7715003+07:00\",\"VersionNumber\":1,\"IsRequestQA\":false},{\"UDetailID\":-14,\"UnitID\":63237,\"UPhaseID\":465810,\"UHeaderID\":-4,\"DetailVersionID\":null,\"DetailID\":51275,\"SEPass\":\"Y\",\"SEScore\":null,\"SEDate\":\"2018-08-10T13:39:05.1473783+07:00\",\"QAPass\":\"P\",\"QAScore\":null,\"QADate\":null,\"RowClientId\":\"Q$UD$63237$A1SH83M00T9$20180810133855656\",\"RowState\":\"Modified\",\"RowVersion\":1,\"RowSyncDate\":\"2018-08-10T13:39:18.777502+07:00\",\"CreateDeviceId\":\"A1SH83M00T9\",\"CreateUserId\":8328,\"ModifiedDeviceId\":\"A1SH83M00T9\",\"ModifiedUserId\":8328,\"CreatedDate\":\"2018-08-10T13:38:55.6564263+07:00\",\"ModifiedDate\":\"2018-08-10T13:39:05.1493727+07:00\",\"VersionNumber\":1,\"IsRequestQA\":false},{\"UDetailID\":-15,\"UnitID\":63237,\"UPhaseID\":465810,\"UHeaderID\":-5,\"DetailVersionID\":null,\"DetailID\":52444,\"SEPass\":\"Y\",\"SEScore\":null,\"SEDate\":\"2018-08-10T13:39:11.4977432+07:00\",\"QAPass\":\"P\",\"QAScore\":null,\"QADate\":null,\"RowClientId\":\"Q$UD$63237$A1SH83M00T9$20180810133908944\",\"RowState\":\"Modified\",\"RowVersion\":1,\"RowSyncDate\":\"2018-08-10T13:39:18.777502+07:00\",\"CreateDeviceId\":\"A1SH83M00T9\",\"CreateUserId\":8328,\"ModifiedDeviceId\":\"A1SH83M00T9\",\"ModifiedUserId\":8328,\"CreatedDate\":\"2018-08-10T13:39:08.9447852+07:00\",\"ModifiedDate\":\"2018-08-10T13:39:11.4997349+07:00\",\"VersionNumber\":1,\"IsRequestQA\":false}]",
          "LastSyncDate": "2018-08-10T13:39:18.777502+07:00",
          "LastSyncUserId": 8328,
          "ModifiedDate": "2018-08-10T13:39:11",
          "ModifiedUserId": 8328,
          "RowState": "Modified"
        }
      ],
      "RESOURCES": [
        {
          "RowClientId": "Q$RES$U63237$A1SH83M00T9$20180810133829885",
          "ResourceId": 0,
          "ResourceType": 110,
          "ResourceTagCode": "U-SE",
          "ResourceTagSubCode": "H",
          "ResourceGroupSet": "c2995b5ff9c245349a944444af96197e",
          "ResourceGroupOrder": 1,
          "ResourceMineType": "image/jpeg",
          "ProjectId": 233,
          "UnitId": 63237,
          "FilePath": "P_233\\U_63237\\Camera\\Camera_A1SH83M00T9_20180810133829.jpg",
          "Description": "",
          "IsActive": true,
          "PhaseId": 0,
          "HeaderId": 12942,
          "DetailId": 0,
          "UHeader_RowClientId": "Q$UH$63237$A1SH83M00T9$20180810133827974",
          "UDetail_RowClientId": "",
          "UFHeader_RowClientId": "",
          "UFDetail_RowClientId": "",
          "RowState": "AddNew",
          "RowSyncDate": "2018-08-10T13:39:18.777502+07:00",
          "FileLength": 17048,
          "CreateDeviceId": "A1SH83M00T9",
          "CreateUserId": 8328,
          "ModifiedDeviceId": "A1SH83M00T9",
          "ModifiedUserId": 8328,
          "CreatedDate": "2018-08-10T13:38:29",
          "ModifiedDate": "2018-08-10T13:38:29"
        },
        {
          "RowClientId": "Q$RES$U63237$A1SH83M00T9$20180810133833418",
          "ResourceId": 0,
          "ResourceType": 110,
          "ResourceTagCode": "U-SE",
          "ResourceTagSubCode": "H",
          "ResourceGroupSet": "73d846efac3e4d46b27fa20d0567e16a",
          "ResourceGroupOrder": 1,
          "ResourceMineType": "image/jpeg",
          "ProjectId": 233,
          "UnitId": 63237,
          "FilePath": "P_233\\U_63237\\Camera\\Camera_A1SH83M00T9_20180810133832.jpg",
          "Description": "",
          "IsActive": true,
          "PhaseId": 0,
          "HeaderId": 12943,
          "DetailId": 0,
          "UHeader_RowClientId": "Q$UH$63237$A1SH83M00T9$20180810133831443",
          "UDetail_RowClientId": "",
          "UFHeader_RowClientId": "",
          "UFDetail_RowClientId": "",
          "RowState": "AddNew",
          "RowSyncDate": "2018-08-10T13:39:18.777502+07:00",
          "FileLength": 17092,
          "CreateDeviceId": "A1SH83M00T9",
          "CreateUserId": 8328,
          "ModifiedDeviceId": "A1SH83M00T9",
          "ModifiedUserId": 8328,
          "CreatedDate": "2018-08-10T13:38:33",
          "ModifiedDate": "2018-08-10T13:38:33"
        },
        {
          "RowClientId": "Q$RES$U63237$A1SH83M00T9$20180810133843514",
          "ResourceId": 0,
          "ResourceType": 110,
          "ResourceTagCode": "U-SE",
          "ResourceTagSubCode": "H",
          "ResourceGroupSet": "20d0541e47174aa8bd9e721f1a0f203e",
          "ResourceGroupOrder": 1,
          "ResourceMineType": "image/jpeg",
          "ProjectId": 233,
          "UnitId": 63237,
          "FilePath": "P_233\\U_63237\\Camera\\Camera_A1SH83M00T9_20180810133843.jpg",
          "Description": "",
          "IsActive": true,
          "PhaseId": 0,
          "HeaderId": 12591,
          "DetailId": 0,
          "UHeader_RowClientId": "Q$UH$63237$A1SH83M00T9$20180810133840371",
          "UDetail_RowClientId": "",
          "UFHeader_RowClientId": "",
          "UFDetail_RowClientId": "",
          "RowState": "AddNew",
          "RowSyncDate": "2018-08-10T13:39:18.777502+07:00",
          "FileLength": 17035,
          "CreateDeviceId": "A1SH83M00T9",
          "CreateUserId": 8328,
          "ModifiedDeviceId": "A1SH83M00T9",
          "ModifiedUserId": 8328,
          "CreatedDate": "2018-08-10T13:38:43",
          "ModifiedDate": "2018-08-10T13:38:43"
        },
        {
          "RowClientId": "Q$RES$U63237$A1SH83M00T9$20180810133843536",
          "ResourceId": 0,
          "ResourceType": 110,
          "ResourceTagCode": "U-SE",
          "ResourceTagSubCode": "H",
          "ResourceGroupSet": "20d0541e47174aa8bd9e721f1a0f203e",
          "ResourceGroupOrder": 2,
          "ResourceMineType": "image/jpeg",
          "ProjectId": 233,
          "UnitId": 63237,
          "FilePath": "P_233\\U_63237\\Camera\\Camera_A1SH83M00T9_20180810133842.jpg",
          "Description": "",
          "IsActive": true,
          "PhaseId": 0,
          "HeaderId": 12591,
          "DetailId": 0,
          "UHeader_RowClientId": "Q$UH$63237$A1SH83M00T9$20180810133840371",
          "UDetail_RowClientId": "",
          "UFHeader_RowClientId": "",
          "UFDetail_RowClientId": "",
          "RowState": "AddNew",
          "RowSyncDate": "2018-08-10T13:39:18.777502+07:00",
          "FileLength": 17140,
          "CreateDeviceId": "A1SH83M00T9",
          "CreateUserId": 8328,
          "ModifiedDeviceId": "A1SH83M00T9",
          "ModifiedUserId": 8328,
          "CreatedDate": "2018-08-10T13:38:43",
          "ModifiedDate": "2018-08-10T13:38:43"
        },
        {
          "RowClientId": "Q$RES$U63237$A1SH83M00T9$20180810133858053",
          "ResourceId": 0,
          "ResourceType": 110,
          "ResourceTagCode": "U-SE",
          "ResourceTagSubCode": "H",
          "ResourceGroupSet": "1ea945e1186142ee9dc7cb50cbb8dcce",
          "ResourceGroupOrder": 1,
          "ResourceMineType": "image/jpeg",
          "ProjectId": 233,
          "UnitId": 63237,
          "FilePath": "P_233\\U_63237\\Camera\\Camera_A1SH83M00T9_20180810133858.jpg",
          "Description": "",
          "IsActive": true,
          "PhaseId": 0,
          "HeaderId": 12593,
          "DetailId": 0,
          "UHeader_RowClientId": "Q$UH$63237$A1SH83M00T9$20180810133855222",
          "UDetail_RowClientId": "",
          "UFHeader_RowClientId": "",
          "UFDetail_RowClientId": "",
          "RowState": "AddNew",
          "RowSyncDate": "2018-08-10T13:39:18.777502+07:00",
          "FileLength": 17081,
          "CreateDeviceId": "A1SH83M00T9",
          "CreateUserId": 8328,
          "ModifiedDeviceId": "A1SH83M00T9",
          "ModifiedUserId": 8328,
          "CreatedDate": "2018-08-10T13:38:58",
          "ModifiedDate": "2018-08-10T13:38:58"
        },
        {
          "RowClientId": "Q$RES$U63237$A1SH83M00T9$20180810133858074",
          "ResourceId": 0,
          "ResourceType": 110,
          "ResourceTagCode": "U-SE",
          "ResourceTagSubCode": "H",
          "ResourceGroupSet": "1ea945e1186142ee9dc7cb50cbb8dcce",
          "ResourceGroupOrder": 2,
          "ResourceMineType": "image/jpeg",
          "ProjectId": 233,
          "UnitId": 63237,
          "FilePath": "P_233\\U_63237\\Camera\\Camera_A1SH83M00T9_20180810133857.jpg",
          "Description": "",
          "IsActive": true,
          "PhaseId": 0,
          "HeaderId": 12593,
          "DetailId": 0,
          "UHeader_RowClientId": "Q$UH$63237$A1SH83M00T9$20180810133855222",
          "UDetail_RowClientId": "",
          "UFHeader_RowClientId": "",
          "UFDetail_RowClientId": "",
          "RowState": "AddNew",
          "RowSyncDate": "2018-08-10T13:39:18.777502+07:00",
          "FileLength": 16982,
          "CreateDeviceId": "A1SH83M00T9",
          "CreateUserId": 8328,
          "ModifiedDeviceId": "A1SH83M00T9",
          "ModifiedUserId": 8328,
          "CreatedDate": "2018-08-10T13:38:58",
          "ModifiedDate": "2018-08-10T13:38:58"
        },
        {
          "RowClientId": "Q$RES$U63237$A1SH83M00T9$20180810133910629",
          "ResourceId": 0,
          "ResourceType": 110,
          "ResourceTagCode": "U-SE",
          "ResourceTagSubCode": "H",
          "ResourceGroupSet": "3827ed29599c42378397a4e845890423",
          "ResourceGroupOrder": 1,
          "ResourceMineType": "image/jpeg",
          "ProjectId": 233,
          "UnitId": 63237,
          "FilePath": "P_233\\U_63237\\Camera\\Camera_A1SH83M00T9_20180810133910.jpg",
          "Description": "",
          "IsActive": true,
          "PhaseId": 0,
          "HeaderId": 12944,
          "DetailId": 0,
          "UHeader_RowClientId": "Q$UH$63237$A1SH83M00T9$20180810133908944",
          "UDetail_RowClientId": "",
          "UFHeader_RowClientId": "",
          "UFDetail_RowClientId": "",
          "RowState": "AddNew",
          "RowSyncDate": "2018-08-10T13:39:18.777502+07:00",
          "FileLength": 17055,
          "CreateDeviceId": "A1SH83M00T9",
          "CreateUserId": 8328,
          "ModifiedDeviceId": "A1SH83M00T9",
          "ModifiedUserId": 8328,
          "CreatedDate": "2018-08-10T13:39:10",
          "ModifiedDate": "2018-08-10T13:39:10"
        }
      ],
      "DETAILS_PROJ": []
    }
  ]
}