﻿{
  "SessionId": "f640faf3-538d-4be2-bead-5bbbd1870b5b",
  "SessionDate": "2018-08-04T15:12:55.1274207+07:00",
  "ClientDeviceId": "A1SH83M00T9",
  "ClientUserId": "8328",
  "ClientName": "APQIS",
  "ClientVersion": "1.0.0.0",
  "SessionDataType": "QisUnitDataAndPO",
  "SessionUserRole": "SE",
  "SessionDataPath": "219",
  "Data": [
    {
      "HEADER": {
        "ProjectID": 219,
        "ProjectCode": "4/029",
        "ProjectName": "บ้านกลางเมือง THE EDITION พระราม9 - พัฒนาการ",
        "ProjectCRMCode": "40029",
        "JsonData": "{\"ProjectID\":219,\"ProjectCode\":\"4/029\",\"ProjectName\":\"บ้านกลางเมือง THE EDITION พระราม9 - พัฒนาการ\",\"ProjectCRMCode\":\"40029\",\"ProjectType\":null,\"Plant\":\"\",\"Status\":\"Active\",\"PM\":2236,\"BU\":\"2\",\"RefID\":null,\"CreatedDate\":null,\"ModifiedDate\":\"2018-04-11T16:41:21.267\",\"DeletedDate\":null,\"ProjectFullName\":\"4/029 - บ้านกลางเมือง THE EDITION พระราม9 - พัฒนาการ\",\"ProjectCRMFullName\":\"40029\",\"BUName\":\"BG 2\",\"StatusName\":\"อยู่ระหว่างก่อสร้าง\",\"PMCode\":\"AP002662\",\"PMName\":\"นายบัณฑิต คงสมคิด\",\"CanRedeem\":null,\"SERedeem\":null,\"QARedeem\":null,\"RedeemModelID\":161,\"SurveyModelID\":162,\"CanRedeemName\":\"ยังไม่ตรวจ Pre ไถ่ถอน\",\"SERedeemName\":null,\"QARedeemName\":null,\"RedeemModelName\":\"Pre ไถ่ถอน\",\"SurveyModelName\":\"Survey\",\"CanSurvey\":null,\"QASurvey\":null}",
        "BU": "2"
      },
      "DETAILS_PO": [
        {
          "UPK": "121058.8328",
          "POID": 121058,
          "DataOwnerUserId": 8328,
          "ProjectID": 219,
          "WBS": "4/029-AC-DD-002",
          "SE": 8328,
          "QA": 7226,
          "POType": "F",
          "LastSyncDate": "2018-08-04T15:12:55.1274207+07:00",
          "JsonData": "{\"POID\":121058,\"PONumber\":\"4046058078\",\"Item\":\"00010\",\"POType\":\"F\",\"ProjectID\":219,\"PhaseSeq\":33,\"Block\":\"4/029-AC-DD-002\",\"WBS\":\"4/029-AC-DD-002\",\"ItemDescription\":\"ค่าภูมิสถาปัตยกรรม\",\"MaterialNumber\":\"20114-400033\",\"MaterialText\":\"Softscape Model House (Sale + Twinhouse)\",\"FacilityCode\":\"DD\",\"VendorID\":718,\"Quantity\":1.0,\"SE\":8328,\"QA\":7226,\"IsDelete\":\"N\",\"RefID\":66492,\"RowClientId\":null,\"RowState\":\"Modified\",\"RowVersion\":0,\"RowSyncDate\":null,\"CreateDeviceId\":null,\"CreateUserId\":null,\"ModifiedDeviceId\":\"A1SH83M00T9\",\"ModifiedUserId\":8328,\"CreatedDate\":\"2018-08-04T15:12:35.7554123+07:00\",\"ModifiedDate\":\"2018-08-04T15:12:35.7554123+07:00\",\"PhaseName\":\"33\",\"ProjectCode\":\"4/029\",\"ProjectName\":\"บ้านกลางเมือง THE EDITION พระราม9 - พัฒนาการ\",\"Plant\":\"\",\"PMCode\":\"AP002662\",\"PMName\":\"นายบัณฑิต คงสมคิด\",\"ConstructorID\":718,\"ConstructorCode\":\"0000101176\",\"ConstructorName\":\"บริษัท อัลไพน์กอล์ฟ แอนด์\",\"SECode\":\"AP004088\",\"SEName\":\"นายสหรัตน์ เดชะคุปต์\",\"QACode\":\"AP003580\",\"QAName\":\"นางสาวกุสุมา ดวงจรัสแสง\",\"PrevProgress\":0.3,\"PrevProgress_QAPassed\":0.1,\"PrevGRID\":145048,\"PrevGRID_QAPassed\":145047,\"NextSEProgress\":0.55,\"NextSEProgressDate\":\"2018-08-04T15:12:35.7514235+07:00\",\"NextQAApprove\":\"\",\"NextQAProgress\":0.0,\"NextQAProgressDate\":null,\"ProgressLog\":\"0.100,0.300\",\"ProgressLog_QAPassed\":\"0.100,0.300\",\"Progress\":0.3,\"Progress_QAPassed\":0.4,\"Complete\":\"N\",\"ProjectFullName\":\"4/029 - บ้านกลางเมือง THE EDITION พระราม9 - พัฒนาการ\",\"FacilityName\":\"Landscape AC-DD\",\"GRStepParallelValues\":\"\",\"FacilityPO\":{\"ProjectID\":219,\"POID\":121058,\"FacilityModelID\":171,\"MaterialCode\":\"20114-400033\",\"ModelID\":236,\"SendProgress1\":10.0,\"SendProgress2\":30.0,\"SendProgress3\":55.0,\"SendProgress4\":5.0,\"SendProgress5\":null},\"GRStepType\":\"S\",\"GRStepTypeList\":\"[{ \\\"GRID\\\":145047,\\\"Quantity\\\":\\\"0.100\\\",\\\"QAApprove\\\":\\\"P\\\",\\\"PMApprove\\\":\\\"N\\\"},{ \\\"GRID\\\":145048,\\\"Quantity\\\":\\\"0.300\\\",\\\"QAApprove\\\":\\\"N\\\",\\\"PMApprove\\\":\\\"N\\\"}]\",\"GRStepTypeListItems\":null}",
          "RowState": "Modified"
        }
      ],
      "DETAILS": [],
      "RESOURCES": [
        {
          "RowClientId": "Q$RES$P219$A1SH83M00T9$20180804151232601",
          "ResourceId": 0,
          "ResourceType": 110,
          "ResourceTagCode": "U-SE",
          "ResourceTagSubCode": "H",
          "ResourceGroupSet": "800531926565461981b022146bc17829",
          "ResourceGroupOrder": 1,
          "ResourceMineType": "image/jpeg",
          "ProjectId": 219,
          "UnitId": 0,
          "FilePath": "P_219\\Camera\\Camera_A1SH83M00T9_20180804151232.jpg",
          "Description": "",
          "IsActive": true,
          "PhaseId": 0,
          "HeaderId": 15742,
          "DetailId": 0,
          "UHeader_RowClientId": "",
          "UDetail_RowClientId": "",
          "UFHeader_RowClientId": "Q$PH$219$A1SH83M00T9$20180804151229449",
          "UFDetail_RowClientId": "",
          "RowState": "AddNew",
          "RowSyncDate": "2018-08-04T15:12:55.1274207+07:00",
          "FileLength": 17126,
          "CreateDeviceId": "A1SH83M00T9",
          "CreateUserId": 8328,
          "ModifiedDeviceId": "A1SH83M00T9",
          "ModifiedUserId": 8328,
          "CreatedDate": "2018-08-04T15:12:32",
          "ModifiedDate": "2018-08-04T15:12:32"
        },
        {
          "RowClientId": "Q$RES$P219$A1SH83M00T9$2018080415123262",
          "ResourceId": 0,
          "ResourceType": 110,
          "ResourceTagCode": "U-SE",
          "ResourceTagSubCode": "H",
          "ResourceGroupSet": "800531926565461981b022146bc17829",
          "ResourceGroupOrder": 2,
          "ResourceMineType": "image/jpeg",
          "ProjectId": 219,
          "UnitId": 0,
          "FilePath": "P_219\\Camera\\Camera_A1SH83M00T9_20180804151231.jpg",
          "Description": "",
          "IsActive": true,
          "PhaseId": 0,
          "HeaderId": 15742,
          "DetailId": 0,
          "UHeader_RowClientId": "",
          "UDetail_RowClientId": "",
          "UFHeader_RowClientId": "Q$PH$219$A1SH83M00T9$20180804151229449",
          "UFDetail_RowClientId": "",
          "RowState": "AddNew",
          "RowSyncDate": "2018-08-04T15:12:55.1274207+07:00",
          "FileLength": 17021,
          "CreateDeviceId": "A1SH83M00T9",
          "CreateUserId": 8328,
          "ModifiedDeviceId": "A1SH83M00T9",
          "ModifiedUserId": 8328,
          "CreatedDate": "2018-08-04T15:12:32",
          "ModifiedDate": "2018-08-04T15:12:32"
        }
      ],
      "DETAILS_PROJ": [
        {
          "MaxPhaseID": 1188,
          "MaxHeaderID": 15743,
          "MaxDetailID": 65672,
          "ModelProjectDataId": "219.F.236_UID8328_121058",
          "DataOwnerUserId": 8328,
          "ProjectID": 219,
          "ProjectName": "",
          "ModelID": 236,
          "ModelName": "",
          "UFFacility": "[{\"UFFacilityID\":6355,\"POID\":121058,\"ProjectID\":219,\"Quantity\":1.0,\"SE\":8328,\"SEComplete\":\"N\",\"SECompleteDate\":null,\"QA\":7226,\"QAComplete\":null,\"QACompleteDate\":null,\"StartDate\":\"2018-08-04T14:18:50.873\",\"FinishDate\":null,\"IsReq\":true,\"FacilityType\":\"F\",\"Remark\":null,\"IsGRParallel\":false,\"GRParallelIndex\":null,\"GRParallelValue\":null,\"RowClientId\":\"Q$UFF$219$A1SH83M00T9$20180804141850874\",\"RowState\":\"Modified\",\"RowVersion\":5,\"RowSyncDate\":\"2018-08-04T15:12:55.1274207+07:00\",\"IssueDocNo\":\"\",\"CreateDeviceId\":\"A1SH83M00T9\",\"CreateUserId\":8328,\"ModifiedDeviceId\":\"A1SH83M00T9\",\"ModifiedUserId\":8328,\"CreatedDate\":\"2018-08-04T14:18:50.873\",\"ModifiedDate\":\"2018-08-04T15:12:35.7514235+07:00\"}]",
          "UFPhases": "[{\"UFPhaseID\":-1,\"UFFacilityID\":6355,\"ProjectID\":219,\"PhaseID\":1187,\"ModelID\":236,\"SE\":8328,\"SEComplete\":\"Y\",\"SECompleteDate\":\"2018-08-04T15:12:35.7524211+07:00\",\"QA\":null,\"QAComplete\":null,\"QACompleteDate\":null,\"Complete\":\"N\",\"RowClientId\":\"Q$UFH$219$A1SH83M00T9$20180804151229448\",\"RowState\":\"Modified\",\"RowVersion\":1,\"RowSyncDate\":\"2018-08-04T15:12:55.1274207+07:00\",\"CreateDeviceId\":\"A1SH83M00T9\",\"CreateUserId\":8328,\"ModifiedDeviceId\":\"A1SH83M00T9\",\"ModifiedUserId\":8328,\"CreatedDate\":\"2018-08-04T15:12:29.4485187+07:00\",\"ModifiedDate\":\"2018-08-04T15:12:35.7514235+07:00\"}]",
          "UFHeaders": "[{\"UFHeaderID\":-1,\"UFFacilityID\":6355,\"ProjectID\":219,\"UFPhaseID\":-1,\"HeaderVersionID\":null,\"HeaderID\":15742,\"PhaseID\":1187,\"SEComplete\":\"Y\",\"QAComplete\":\"N\",\"RowClientId\":\"Q$PH$219$A1SH83M00T9$20180804151229449\",\"RowState\":\"Modified\",\"RowVersion\":1,\"RowSyncDate\":\"2018-08-04T15:12:55.1274207+07:00\",\"CreateDeviceId\":\"A1SH83M00T9\",\"CreateUserId\":8328,\"ModifiedDeviceId\":\"A1SH83M00T9\",\"ModifiedUserId\":8328,\"CreatedDate\":\"2018-08-04T15:12:29.4485187+07:00\",\"ModifiedDate\":\"2018-08-04T15:12:35.7514235+07:00\",\"VersionNumber\":7}]",
          "UFDetails": "[{\"UFDetailID\":-1,\"UFFacilityID\":6355,\"ProjectID\":219,\"UFPhaseID\":-1,\"UFHeaderID\":-1,\"DetailVersionID\":null,\"DetailID\":65660,\"SEPass\":\"Y\",\"SEScore\":null,\"SEDate\":\"2018-08-04T15:12:35.6504277+07:00\",\"QAPass\":null,\"QAScore\":null,\"QADate\":null,\"RowClientId\":\"Q$PD$219$A1SH83M00T9$20180804151229449\",\"RowState\":\"Modified\",\"RowVersion\":1,\"RowSyncDate\":\"2018-08-04T15:12:55.1274207+07:00\",\"CreateDeviceId\":\"A1SH83M00T9\",\"CreateUserId\":8328,\"ModifiedDeviceId\":\"A1SH83M00T9\",\"ModifiedUserId\":8328,\"CreatedDate\":\"2018-08-04T15:12:29.4485187+07:00\",\"ModifiedDate\":\"2018-08-04T15:12:35.651426+07:00\",\"VersionNumber\":1,\"IsRequestQA\":null},{\"UFDetailID\":-2,\"UFFacilityID\":6355,\"ProjectID\":219,\"UFPhaseID\":-1,\"UFHeaderID\":-1,\"DetailVersionID\":null,\"DetailID\":65661,\"SEPass\":\"Y\",\"SEScore\":null,\"SEDate\":\"2018-08-04T15:12:34.6153267+07:00\",\"QAPass\":null,\"QAScore\":null,\"QADate\":null,\"RowClientId\":\"Q$PD$219$A1SH83M00T9$20180804151229488\",\"RowState\":\"Modified\",\"RowVersion\":1,\"RowSyncDate\":\"2018-08-04T15:12:55.1274207+07:00\",\"CreateDeviceId\":\"A1SH83M00T9\",\"CreateUserId\":8328,\"ModifiedDeviceId\":\"A1SH83M00T9\",\"ModifiedUserId\":8328,\"CreatedDate\":\"2018-08-04T15:12:29.488512+07:00\",\"ModifiedDate\":\"2018-08-04T15:12:34.6153267+07:00\",\"VersionNumber\":1,\"IsRequestQA\":null},{\"UFDetailID\":-3,\"UFFacilityID\":6355,\"ProjectID\":219,\"UFPhaseID\":-1,\"UFHeaderID\":-1,\"DetailVersionID\":null,\"DetailID\":65662,\"SEPass\":\"Y\",\"SEScore\":null,\"SEDate\":\"2018-08-04T15:12:35.6752485+07:00\",\"QAPass\":null,\"QAScore\":null,\"QADate\":null,\"RowClientId\":\"Q$PD$219$A1SH83M00T9$20180804151229522\",\"RowState\":\"Modified\",\"RowVersion\":1,\"RowSyncDate\":\"2018-08-04T15:12:55.1274207+07:00\",\"CreateDeviceId\":\"A1SH83M00T9\",\"CreateUserId\":8328,\"ModifiedDeviceId\":\"A1SH83M00T9\",\"ModifiedUserId\":8328,\"CreatedDate\":\"2018-08-04T15:12:29.5224923+07:00\",\"ModifiedDate\":\"2018-08-04T15:12:35.6752485+07:00\",\"VersionNumber\":1,\"IsRequestQA\":null},{\"UFDetailID\":-4,\"UFFacilityID\":6355,\"ProjectID\":219,\"UFPhaseID\":-1,\"UFHeaderID\":-1,\"DetailVersionID\":null,\"DetailID\":65663,\"SEPass\":\"Y\",\"SEScore\":null,\"SEDate\":\"2018-08-04T15:12:35.6957721+07:00\",\"QAPass\":null,\"QAScore\":null,\"QADate\":null,\"RowClientId\":\"Q$PD$219$A1SH83M00T9$20180804151229558\",\"RowState\":\"Modified\",\"RowVersion\":1,\"RowSyncDate\":\"2018-08-04T15:12:55.1274207+07:00\",\"CreateDeviceId\":\"A1SH83M00T9\",\"CreateUserId\":8328,\"ModifiedDeviceId\":\"A1SH83M00T9\",\"ModifiedUserId\":8328,\"CreatedDate\":\"2018-08-04T15:12:29.55841+07:00\",\"ModifiedDate\":\"2018-08-04T15:12:35.6957721+07:00\",\"VersionNumber\":1,\"IsRequestQA\":null},{\"UFDetailID\":-5,\"UFFacilityID\":6355,\"ProjectID\":219,\"UFPhaseID\":-1,\"UFHeaderID\":-1,\"DetailVersionID\":null,\"DetailID\":65664,\"SEPass\":\"Y\",\"SEScore\":null,\"SEDate\":\"2018-08-04T15:12:35.7138656+07:00\",\"QAPass\":null,\"QAScore\":null,\"QADate\":null,\"RowClientId\":\"Q$PD$219$A1SH83M00T9$20180804151229591\",\"RowState\":\"Modified\",\"RowVersion\":1,\"RowSyncDate\":\"2018-08-04T15:12:55.1274207+07:00\",\"CreateDeviceId\":\"A1SH83M00T9\",\"CreateUserId\":8328,\"ModifiedDeviceId\":\"A1SH83M00T9\",\"ModifiedUserId\":8328,\"CreatedDate\":\"2018-08-04T15:12:29.591736+07:00\",\"ModifiedDate\":\"2018-08-04T15:12:35.7138656+07:00\",\"VersionNumber\":1,\"IsRequestQA\":null},{\"UFDetailID\":-6,\"UFFacilityID\":6355,\"ProjectID\":219,\"UFPhaseID\":-1,\"UFHeaderID\":-1,\"DetailVersionID\":null,\"DetailID\":65665,\"SEPass\":\"Y\",\"SEScore\":null,\"SEDate\":\"2018-08-04T15:12:35.7317918+07:00\",\"QAPass\":null,\"QAScore\":null,\"QADate\":null,\"RowClientId\":\"Q$PD$219$A1SH83M00T9$2018080415122963\",\"RowState\":\"Modified\",\"RowVersion\":1,\"RowSyncDate\":\"2018-08-04T15:12:55.1274207+07:00\",\"CreateDeviceId\":\"A1SH83M00T9\",\"CreateUserId\":8328,\"ModifiedDeviceId\":\"A1SH83M00T9\",\"ModifiedUserId\":8328,\"CreatedDate\":\"2018-08-04T15:12:29.6301401+07:00\",\"ModifiedDate\":\"2018-08-04T15:12:35.7327527+07:00\",\"VersionNumber\":1,\"IsRequestQA\":null},{\"UFDetailID\":-7,\"UFFacilityID\":6355,\"ProjectID\":219,\"UFPhaseID\":-1,\"UFHeaderID\":-1,\"DetailVersionID\":null,\"DetailID\":65666,\"SEPass\":\"Y\",\"SEScore\":null,\"SEDate\":\"2018-08-04T15:12:35.7514235+07:00\",\"QAPass\":null,\"QAScore\":null,\"QADate\":null,\"RowClientId\":\"Q$PD$219$A1SH83M00T9$20180804151229664\",\"RowState\":\"Modified\",\"RowVersion\":1,\"RowSyncDate\":\"2018-08-04T15:12:55.1274207+07:00\",\"CreateDeviceId\":\"A1SH83M00T9\",\"CreateUserId\":8328,\"ModifiedDeviceId\":\"A1SH83M00T9\",\"ModifiedUserId\":8328,\"CreatedDate\":\"2018-08-04T15:12:29.6644398+07:00\",\"ModifiedDate\":\"2018-08-04T15:12:35.7514235+07:00\",\"VersionNumber\":1,\"IsRequestQA\":null}]",
          "FacilityType": "F",
          "LastSyncDate": "2018-08-04T15:12:55.1274207+07:00",
          "LastSyncUserId": 8328,
          "ModifiedDate": "2018-08-04T15:12:35",
          "ModifiedUserId": 8328,
          "POID": 121058,
          "RowState": "Modified",
          "IssueDocNo": ""
        }
      ]
    }
  ]
}