﻿{
  "SessionId": "e360aaeb-7b42-422d-8491-6e82e48c1c51",
  "SessionDate": "2018-08-06T14:36:25.5850604+07:00",
  "ClientDeviceId": "A1SH83M00T9",
  "ClientUserId": "8328",
  "ClientName": "APQIS",
  "ClientVersion": "1.0.0.0",
  "SessionDataType": "QisUnitDataAndPO",
  "SessionUserRole": "SE",
  "SessionDataPath": "246",
  "Data": [
    {
      "HEADER": {
        "ProjectID": 246,
        "ProjectCode": "7/027",
        "ProjectName": "Pleno สรงประภา",
        "ProjectCRMCode": "70027",
        "JsonData": "{\"ProjectID\":246,\"ProjectCode\":\"7/027\",\"ProjectName\":\"Pleno สรงประภา\",\"ProjectCRMCode\":\"70027\",\"ProjectType\":null,\"Plant\":\"\",\"Status\":\"Active\",\"PM\":803,\"BU\":\"2\",\"RefID\":null,\"CreatedDate\":null,\"ModifiedDate\":\"2018-02-21T08:39:22.387\",\"DeletedDate\":null,\"ProjectFullName\":\"7/027 - Pleno สรงประภา\",\"ProjectCRMFullName\":\"70027\",\"BUName\":\"BG 2\",\"StatusName\":\"อยู่ระหว่างก่อสร้าง\",\"PMCode\":\"AP001080\",\"PMName\":\"นายพูลศักดิ์ วอนวัฒนา\",\"CanRedeem\":null,\"SERedeem\":null,\"QARedeem\":null,\"RedeemModelID\":null,\"SurveyModelID\":null,\"CanRedeemName\":\"ยังไม่ตรวจ Pre ไถ่ถอน\",\"SERedeemName\":null,\"QARedeemName\":null,\"RedeemModelName\":null,\"SurveyModelName\":null,\"CanSurvey\":null,\"QASurvey\":null}",
        "BU": "2"
      },
      "DETAILS_PO": [
        {
          "UPK": "122753.8328",
          "POID": 122753,
          "DataOwnerUserId": 8328,
          "ProjectID": 246,
          "WBS": "7/027-UT-FN-001",
          "SE": 8328,
          "QA": 7226,
          "POType": "F",
          "LastSyncDate": "2018-08-06T14:36:25.5850604+07:00",
          "JsonData": "{\"POID\":122753,\"PONumber\":\"4076024436\",\"Item\":\"00010\",\"POType\":\"F\",\"ProjectID\":246,\"PhaseSeq\":0,\"Block\":\"7/027-UT-FN-001\",\"WBS\":\"7/027-UT-FN-001\",\"ItemDescription\":\"ค่าก่อสร้างรั้วโครงการ(ส่วนเหนือดิน)\",\"MaterialNumber\":\"20111-300000\",\"MaterialText\":\"ค่าก่อสร้างรั้วเขื่อน Type P0\",\"FacilityCode\":\"FN\",\"VendorID\":280,\"Quantity\":1160.1,\"SE\":8328,\"QA\":7226,\"IsDelete\":\"N\",\"RefID\":68203,\"RowClientId\":null,\"RowState\":\"Modified\",\"RowVersion\":0,\"RowSyncDate\":null,\"CreateDeviceId\":null,\"CreateUserId\":null,\"ModifiedDeviceId\":\"A1SH83M00T9\",\"ModifiedUserId\":8328,\"CreatedDate\":\"2018-08-06T14:36:06.5054481+07:00\",\"ModifiedDate\":\"2018-08-06T14:36:06.5054481+07:00\",\"PhaseName\":\"00\",\"ProjectCode\":\"7/027\",\"ProjectName\":\"Pleno สรงประภา\",\"Plant\":\"\",\"PMCode\":\"AP001080\",\"PMName\":\"นายพูลศักดิ์ วอนวัฒนา\",\"ConstructorID\":280,\"ConstructorCode\":\"0000103583\",\"ConstructorName\":\"บจก.อัศวิน แอนด์ ฮอค คอนสตรัคชั่น\",\"SECode\":\"AP004088\",\"SEName\":\"นายสหรัตน์ เดชะคุปต์\",\"QACode\":\"AP003580\",\"QAName\":\"นางสาวกุสุมา ดวงจรัสแสง\",\"PrevProgress\":0.0,\"PrevProgress_QAPassed\":160.0,\"PrevGRID\":0,\"PrevGRID_QAPassed\":145054,\"NextSEProgress\":0.0,\"NextSEProgressDate\":\"2018-08-06T14:36:05.6036429+07:00\",\"NextQAApprove\":\"\",\"NextQAProgress\":0.0,\"NextQAProgressDate\":null,\"ProgressLog\":\"160.000,0.100\",\"ProgressLog_QAPassed\":\"160.000\",\"Progress\":0.0,\"Progress_QAPassed\":160.0,\"Complete\":\"N\",\"ProjectFullName\":\"7/027 - Pleno สรงประภา\",\"FacilityName\":\"รั้วโครงการ\",\"GRStepParallelValues\":\"[{\\\"Index\\\":1,\\\"Value\\\":160.0,\\\"POID\\\":122753,\\\"GRID\\\":145054,\\\"CreateUserId\\\":8328,\\\"CreateDate\\\":\\\"2018-08-06T14:05:13.0486143+07:00\\\",\\\"PercentageValue\\\":0.0,\\\"RemarkText\\\":\\\"ทดสอบระบบ\\\",\\\"SE\\\":8328,\\\"SEComplete\\\":\\\"Y\\\",\\\"SECompleteDate\\\":\\\"2018-08-06T14:07:30.7079209+07:00\\\",\\\"QA\\\":7226,\\\"QAComplete\\\":\\\"Y\\\",\\\"QACompleteDate\\\":\\\"2018-08-06T14:22:18.1582615+07:00\\\",\\\"Complete\\\":\\\"Y\\\",\\\"IsUserFinish\\\":false},{\\\"Index\\\":2,\\\"Value\\\":0.1,\\\"POID\\\":122753,\\\"GRID\\\":145055,\\\"CreateUserId\\\":8328,\\\"CreateDate\\\":\\\"2018-08-06T14:06:18.7009331+07:00\\\",\\\"PercentageValue\\\":0.0,\\\"RemarkText\\\":\\\"ทอสอบ 2\\\",\\\"SE\\\":8328,\\\"SEComplete\\\":\\\"Y\\\",\\\"SECompleteDate\\\":\\\"2018-08-06T14:36:06.5034537+07:00\\\",\\\"QA\\\":7226,\\\"QAComplete\\\":\\\"N\\\",\\\"QACompleteDate\\\":\\\"2018-08-06T14:22:03.935837+07:00\\\",\\\"Complete\\\":\\\"N\\\",\\\"IsUserFinish\\\":true}]\",\"FacilityPO\":{\"ProjectID\":246,\"POID\":122753,\"FacilityModelID\":51,\"MaterialCode\":\"20111-300000\",\"ModelID\":88,\"SendProgress1\":null,\"SendProgress2\":null,\"SendProgress3\":null,\"SendProgress4\":null,\"SendProgress5\":null},\"GRStepType\":\"K\",\"GRStepTypeList\":\"[{ \\\"GRID\\\":145054,\\\"Quantity\\\":\\\"160.000\\\",\\\"QAApprove\\\":\\\"Y\\\",\\\"PMApprove\\\":\\\"N\\\"},{ \\\"GRID\\\":145055,\\\"Quantity\\\":\\\"0.100\\\",\\\"QAApprove\\\":\\\"N\\\",\\\"PMApprove\\\":\\\"N\\\"}]\",\"GRStepTypeListItems\":null}",
          "RowState": "Modified"
        }
      ],
      "DETAILS": [],
      "RESOURCES": [
        {
          "RowClientId": "Q$RES$P246$A1SH83M00T9$20180806143602059",
          "ResourceId": 0,
          "ResourceType": 110,
          "ResourceTagCode": "U-SE",
          "ResourceTagSubCode": "H",
          "ResourceGroupSet": "0e29d59da4424ef997bbdfc32741e756",
          "ResourceGroupOrder": 1,
          "ResourceMineType": "image/jpeg",
          "ProjectId": 246,
          "UnitId": 0,
          "FilePath": "P_246\\Camera\\Camera_A1SH83M00T9_20180806143602.jpg",
          "Description": "",
          "IsActive": true,
          "PhaseId": 0,
          "HeaderId": 8359,
          "DetailId": 0,
          "UHeader_RowClientId": "",
          "UDetail_RowClientId": "",
          "UFHeader_RowClientId": "Q$PH$246$A1SH83M00T9$2018080614083519",
          "UFDetail_RowClientId": "",
          "RowState": "AddNew",
          "RowSyncDate": "2018-08-06T14:36:25.5850604+07:00",
          "FileLength": 17110,
          "CreateDeviceId": "A1SH83M00T9",
          "CreateUserId": 8328,
          "ModifiedDeviceId": "A1SH83M00T9",
          "ModifiedUserId": 8328,
          "CreatedDate": "2018-08-06T14:36:02",
          "ModifiedDate": "2018-08-06T14:36:02"
        },
        {
          "RowClientId": "Q$RES$P246$A1SH83M00T9$20180806143602085",
          "ResourceId": 0,
          "ResourceType": 110,
          "ResourceTagCode": "U-SE",
          "ResourceTagSubCode": "H",
          "ResourceGroupSet": "0e29d59da4424ef997bbdfc32741e756",
          "ResourceGroupOrder": 2,
          "ResourceMineType": "image/jpeg",
          "ProjectId": 246,
          "UnitId": 0,
          "FilePath": "P_246\\Camera\\Camera_A1SH83M00T9_20180806143601.jpg",
          "Description": "",
          "IsActive": true,
          "PhaseId": 0,
          "HeaderId": 8359,
          "DetailId": 0,
          "UHeader_RowClientId": "",
          "UDetail_RowClientId": "",
          "UFHeader_RowClientId": "Q$PH$246$A1SH83M00T9$2018080614083519",
          "UFDetail_RowClientId": "",
          "RowState": "AddNew",
          "RowSyncDate": "2018-08-06T14:36:25.5850604+07:00",
          "FileLength": 17046,
          "CreateDeviceId": "A1SH83M00T9",
          "CreateUserId": 8328,
          "ModifiedDeviceId": "A1SH83M00T9",
          "ModifiedUserId": 8328,
          "CreatedDate": "2018-08-06T14:36:02",
          "ModifiedDate": "2018-08-06T14:36:02"
        },
        {
          "RowClientId": "Q$RES$P246$A1SH83M00T9$20180806143602106",
          "ResourceId": 0,
          "ResourceType": 110,
          "ResourceTagCode": "U-SE",
          "ResourceTagSubCode": "H",
          "ResourceGroupSet": "0e29d59da4424ef997bbdfc32741e756",
          "ResourceGroupOrder": 3,
          "ResourceMineType": "image/jpeg",
          "ProjectId": 246,
          "UnitId": 0,
          "FilePath": "P_246\\Camera\\Camera_A1SH83M00T9_20180806143600.jpg",
          "Description": "",
          "IsActive": true,
          "PhaseId": 0,
          "HeaderId": 8359,
          "DetailId": 0,
          "UHeader_RowClientId": "",
          "UDetail_RowClientId": "",
          "UFHeader_RowClientId": "Q$PH$246$A1SH83M00T9$2018080614083519",
          "UFDetail_RowClientId": "",
          "RowState": "AddNew",
          "RowSyncDate": "2018-08-06T14:36:25.5850604+07:00",
          "FileLength": 17030,
          "CreateDeviceId": "A1SH83M00T9",
          "CreateUserId": 8328,
          "ModifiedDeviceId": "A1SH83M00T9",
          "ModifiedUserId": 8328,
          "CreatedDate": "2018-08-06T14:36:02",
          "ModifiedDate": "2018-08-06T14:36:02"
        }
      ],
      "DETAILS_PROJ": [
        {
          "MaxPhaseID": 552,
          "MaxHeaderID": 8359,
          "MaxDetailID": 52351,
          "ModelProjectDataId": "246.F.88_UID8328_122753/2",
          "DataOwnerUserId": 8328,
          "ProjectID": 246,
          "ProjectName": "",
          "ModelID": 88,
          "ModelName": "",
          "UFFacility": "[{\"UFFacilityID\":6358,\"POID\":122753,\"ProjectID\":246,\"Quantity\":1160.1,\"SE\":8328,\"SEComplete\":\"Y\",\"SECompleteDate\":\"2018-08-06T14:36:06.4994646+07:00\",\"QA\":7226,\"QAComplete\":null,\"QACompleteDate\":null,\"StartDate\":\"2018-08-06T14:07:43.043\",\"FinishDate\":null,\"IsReq\":true,\"FacilityType\":\"F\",\"Remark\":\"ทอสอบ 2\",\"IsGRParallel\":true,\"GRParallelIndex\":2,\"GRParallelValue\":0.1,\"RowClientId\":\"Q$UFF$246$A1SH83M00T9$20180806140743043\",\"RowState\":\"Modified\",\"RowVersion\":3,\"RowSyncDate\":\"2018-08-06T14:36:25.5850604+07:00\",\"IssueDocNo\":\"\",\"CreateDeviceId\":\"A1SH83M00T9\",\"CreateUserId\":8328,\"ModifiedDeviceId\":\"A1SH83M00T9\",\"ModifiedUserId\":8328,\"CreatedDate\":\"2018-08-06T14:07:43.043\",\"ModifiedDate\":\"2018-08-06T14:36:06.4994646+07:00\"}]",
          "UFPhases": "[{\"UFPhaseID\":13921,\"UFFacilityID\":6358,\"ProjectID\":246,\"PhaseID\":552,\"ModelID\":88,\"SE\":8328,\"SEComplete\":\"Y\",\"SECompleteDate\":\"2018-08-06T14:36:06.4994646+07:00\",\"QA\":7226,\"QAComplete\":\"N\",\"QACompleteDate\":null,\"Complete\":\"N\",\"RowClientId\":\"Q$UFH$246$A1SH83M00T9$20180806140835189\",\"RowState\":\"Modified\",\"RowVersion\":3,\"RowSyncDate\":\"2018-08-06T14:36:25.5850604+07:00\",\"CreateDeviceId\":\"A1SH83M00T9\",\"CreateUserId\":8328,\"ModifiedDeviceId\":\"A1SH83M00T9\",\"ModifiedUserId\":8328,\"CreatedDate\":\"2018-08-06T14:08:35.19\",\"ModifiedDate\":\"2018-08-06T14:36:06.4994646+07:00\"}]",
          "UFHeaders": "[{\"UFHeaderID\":14431,\"UFFacilityID\":6358,\"ProjectID\":246,\"UFPhaseID\":13921,\"HeaderVersionID\":26470,\"HeaderID\":8359,\"PhaseID\":552,\"SEComplete\":\"Y\",\"QAComplete\":\"N\",\"RowClientId\":\"Q$PH$246$A1SH83M00T9$2018080614083519\",\"RowState\":\"Modified\",\"RowVersion\":3,\"RowSyncDate\":\"2018-08-06T14:36:25.5850604+07:00\",\"CreateDeviceId\":\"A1SH83M00T9\",\"CreateUserId\":8328,\"ModifiedDeviceId\":\"A1SH83M00T9\",\"ModifiedUserId\":8328,\"CreatedDate\":\"2018-08-06T14:08:35.19\",\"ModifiedDate\":\"2018-08-06T14:36:06.4994646+07:00\",\"VersionNumber\":null}]",
          "UFDetails": "[{\"UFDetailID\":117292,\"UFFacilityID\":6358,\"ProjectID\":246,\"UFPhaseID\":13921,\"UFHeaderID\":14431,\"DetailVersionID\":63122,\"DetailID\":52351,\"SEPass\":\"Y\",\"SEScore\":null,\"SEDate\":\"2018-08-06T14:36:06.4555853+07:00\",\"QAPass\":\"N\",\"QAScore\":null,\"QADate\":\"2018-08-06T14:22:03.927\",\"RowClientId\":\"Q$PD$246$A1SH83M00T9$2018080614083519\",\"RowState\":\"Modified\",\"RowVersion\":2,\"RowSyncDate\":\"2018-08-06T14:36:25.5850604+07:00\",\"CreateDeviceId\":\"A1SH83M00T9\",\"CreateUserId\":8328,\"ModifiedDeviceId\":\"A1SH83M00T9\",\"ModifiedUserId\":8328,\"CreatedDate\":\"2018-08-06T14:08:35.19\",\"ModifiedDate\":\"2018-08-06T14:36:06.4555853+07:00\",\"VersionNumber\":null,\"IsRequestQA\":null},{\"UFDetailID\":117293,\"UFFacilityID\":6358,\"ProjectID\":246,\"UFPhaseID\":13921,\"UFHeaderID\":14431,\"DetailVersionID\":63114,\"DetailID\":34084,\"SEPass\":\"Y\",\"SEScore\":null,\"SEDate\":\"2018-08-06T14:36:05.5594514+07:00\",\"QAPass\":\"N\",\"QAScore\":null,\"QADate\":\"2018-08-06T14:22:04.073\",\"RowClientId\":\"Q$PD$246$A1SH83M00T9$20180806140835212\",\"RowState\":\"Modified\",\"RowVersion\":2,\"RowSyncDate\":\"2018-08-06T14:36:25.5850604+07:00\",\"CreateDeviceId\":\"A1SH83M00T9\",\"CreateUserId\":8328,\"ModifiedDeviceId\":\"A1SH83M00T9\",\"ModifiedUserId\":8328,\"CreatedDate\":\"2018-08-06T14:08:35.213\",\"ModifiedDate\":\"2018-08-06T14:36:05.5624452+07:00\",\"VersionNumber\":null,\"IsRequestQA\":null},{\"UFDetailID\":117294,\"UFFacilityID\":6358,\"ProjectID\":246,\"UFPhaseID\":13921,\"UFHeaderID\":14431,\"DetailVersionID\":63115,\"DetailID\":34085,\"SEPass\":\"Y\",\"SEScore\":null,\"SEDate\":\"2018-08-06T14:36:06.4605686+07:00\",\"QAPass\":\"N\",\"QAScore\":null,\"QADate\":\"2018-08-06T14:22:04.077\",\"RowClientId\":\"Q$PD$246$A1SH83M00T9$20180806140835233\",\"RowState\":\"Modified\",\"RowVersion\":2,\"RowSyncDate\":\"2018-08-06T14:36:25.5850604+07:00\",\"CreateDeviceId\":\"A1SH83M00T9\",\"CreateUserId\":8328,\"ModifiedDeviceId\":\"A1SH83M00T9\",\"ModifiedUserId\":8328,\"CreatedDate\":\"2018-08-06T14:08:35.233\",\"ModifiedDate\":\"2018-08-06T14:36:06.4615658+07:00\",\"VersionNumber\":null,\"IsRequestQA\":null},{\"UFDetailID\":117295,\"UFFacilityID\":6358,\"ProjectID\":246,\"UFPhaseID\":13921,\"UFHeaderID\":14431,\"DetailVersionID\":63116,\"DetailID\":34086,\"SEPass\":\"Y\",\"SEScore\":null,\"SEDate\":\"2018-08-06T14:36:06.4665521+07:00\",\"QAPass\":\"N\",\"QAScore\":null,\"QADate\":\"2018-08-06T14:22:04.08\",\"RowClientId\":\"Q$PD$246$A1SH83M00T9$20180806140835252\",\"RowState\":\"Modified\",\"RowVersion\":2,\"RowSyncDate\":\"2018-08-06T14:36:25.5850604+07:00\",\"CreateDeviceId\":\"A1SH83M00T9\",\"CreateUserId\":8328,\"ModifiedDeviceId\":\"A1SH83M00T9\",\"ModifiedUserId\":8328,\"CreatedDate\":\"2018-08-06T14:08:35.253\",\"ModifiedDate\":\"2018-08-06T14:36:06.4675501+07:00\",\"VersionNumber\":null,\"IsRequestQA\":null},{\"UFDetailID\":117296,\"UFFacilityID\":6358,\"ProjectID\":246,\"UFPhaseID\":13921,\"UFHeaderID\":14431,\"DetailVersionID\":63117,\"DetailID\":34087,\"SEPass\":\"Y\",\"SEScore\":null,\"SEDate\":\"2018-08-06T14:36:06.4725371+07:00\",\"QAPass\":\"N\",\"QAScore\":null,\"QADate\":\"2018-08-06T14:22:04.087\",\"RowClientId\":\"Q$PD$246$A1SH83M00T9$20180806140835273\",\"RowState\":\"Modified\",\"RowVersion\":2,\"RowSyncDate\":\"2018-08-06T14:36:25.5850604+07:00\",\"CreateDeviceId\":\"A1SH83M00T9\",\"CreateUserId\":8328,\"ModifiedDeviceId\":\"A1SH83M00T9\",\"ModifiedUserId\":8328,\"CreatedDate\":\"2018-08-06T14:08:35.273\",\"ModifiedDate\":\"2018-08-06T14:36:06.4735343+07:00\",\"VersionNumber\":null,\"IsRequestQA\":null},{\"UFDetailID\":117297,\"UFFacilityID\":6358,\"ProjectID\":246,\"UFPhaseID\":13921,\"UFHeaderID\":14431,\"DetailVersionID\":63118,\"DetailID\":34088,\"SEPass\":\"Y\",\"SEScore\":null,\"SEDate\":\"2018-08-06T14:36:06.478521+07:00\",\"QAPass\":\"N\",\"QAScore\":null,\"QADate\":\"2018-08-06T14:22:04.09\",\"RowClientId\":\"Q$PD$246$A1SH83M00T9$20180806140835297\",\"RowState\":\"Modified\",\"RowVersion\":2,\"RowSyncDate\":\"2018-08-06T14:36:25.5850604+07:00\",\"CreateDeviceId\":\"A1SH83M00T9\",\"CreateUserId\":8328,\"ModifiedDeviceId\":\"A1SH83M00T9\",\"ModifiedUserId\":8328,\"CreatedDate\":\"2018-08-06T14:08:35.297\",\"ModifiedDate\":\"2018-08-06T14:36:06.4795178+07:00\",\"VersionNumber\":null,\"IsRequestQA\":null},{\"UFDetailID\":117298,\"UFFacilityID\":6358,\"ProjectID\":246,\"UFPhaseID\":13921,\"UFHeaderID\":14431,\"DetailVersionID\":63119,\"DetailID\":34089,\"SEPass\":\"Y\",\"SEScore\":null,\"SEDate\":\"2018-08-06T14:36:06.4845045+07:00\",\"QAPass\":\"N\",\"QAScore\":null,\"QADate\":\"2018-08-06T14:22:04.097\",\"RowClientId\":\"Q$PD$246$A1SH83M00T9$20180806140835318\",\"RowState\":\"Modified\",\"RowVersion\":2,\"RowSyncDate\":\"2018-08-06T14:36:25.5850604+07:00\",\"CreateDeviceId\":\"A1SH83M00T9\",\"CreateUserId\":8328,\"ModifiedDeviceId\":\"A1SH83M00T9\",\"ModifiedUserId\":8328,\"CreatedDate\":\"2018-08-06T14:08:35.32\",\"ModifiedDate\":\"2018-08-06T14:36:06.4854998+07:00\",\"VersionNumber\":null,\"IsRequestQA\":null},{\"UFDetailID\":117299,\"UFFacilityID\":6358,\"ProjectID\":246,\"UFPhaseID\":13921,\"UFHeaderID\":14431,\"DetailVersionID\":63120,\"DetailID\":34090,\"SEPass\":\"Y\",\"SEScore\":null,\"SEDate\":\"2018-08-06T14:36:06.4924832+07:00\",\"QAPass\":\"N\",\"QAScore\":null,\"QADate\":\"2018-08-06T14:22:04.1\",\"RowClientId\":\"Q$PD$246$A1SH83M00T9$20180806140835341\",\"RowState\":\"Modified\",\"RowVersion\":2,\"RowSyncDate\":\"2018-08-06T14:36:25.5850604+07:00\",\"CreateDeviceId\":\"A1SH83M00T9\",\"CreateUserId\":8328,\"ModifiedDeviceId\":\"A1SH83M00T9\",\"ModifiedUserId\":8328,\"CreatedDate\":\"2018-08-06T14:08:35.34\",\"ModifiedDate\":\"2018-08-06T14:36:06.4934803+07:00\",\"VersionNumber\":null,\"IsRequestQA\":null},{\"UFDetailID\":117300,\"UFFacilityID\":6358,\"ProjectID\":246,\"UFPhaseID\":13921,\"UFHeaderID\":14431,\"DetailVersionID\":63121,\"DetailID\":34091,\"SEPass\":\"Y\",\"SEScore\":null,\"SEDate\":\"2018-08-06T14:36:06.4984674+07:00\",\"QAPass\":\"N\",\"QAScore\":null,\"QADate\":\"2018-08-06T14:22:04.107\",\"RowClientId\":\"Q$PD$246$A1SH83M00T9$2018080614083536\",\"RowState\":\"Modified\",\"RowVersion\":2,\"RowSyncDate\":\"2018-08-06T14:36:25.5850604+07:00\",\"CreateDeviceId\":\"A1SH83M00T9\",\"CreateUserId\":8328,\"ModifiedDeviceId\":\"A1SH83M00T9\",\"ModifiedUserId\":8328,\"CreatedDate\":\"2018-08-06T14:08:35.36\",\"ModifiedDate\":\"2018-08-06T14:36:06.4994646+07:00\",\"VersionNumber\":null,\"IsRequestQA\":null}]",
          "FacilityType": "F",
          "LastSyncDate": "2018-08-06T14:36:25.5850604+07:00",
          "LastSyncUserId": 8328,
          "ModifiedDate": "2018-08-06T14:36:06",
          "ModifiedUserId": 8328,
          "POID": 122753,
          "GRParallelIndex": 2,
          "RemarkText": "ทอสอบ 2",
          "RowState": "Modified",
          "IssueDocNo": ""
        }
      ]
    }
  ]
}