﻿{
  "SessionId": "99554e9a-e05f-4f25-a44e-e8631642b4de",
  "SessionDate": "2018-08-04T13:48:58.142676+07:00",
  "ClientDeviceId": "A1SH83M00T9",
  "ClientUserId": "8328",
  "ClientName": "APQIS",
  "ClientVersion": "1.0.0.0",
  "SessionDataType": "QisUnitDataAndPO",
  "SessionUserRole": "SE",
  "SessionDataPath": "225",
  "Data": [
    {
      "HEADER": {
        "ProjectID": 225,
        "ProjectCode": "4/030",
        "ProjectName": "Centro ชัยพฤกษ์-แจ้งวัฒนะ2",
        "ProjectCRMCode": "40030",
        "JsonData": "{\"ProjectID\":225,\"ProjectCode\":\"4/030\",\"ProjectName\":\"Centro ชัยพฤกษ์-แจ้งวัฒนะ2\",\"ProjectCRMCode\":\"40030\",\"ProjectType\":null,\"Plant\":\"\",\"Status\":\"Active\",\"PM\":716,\"BU\":\"1\",\"RefID\":null,\"CreatedDate\":null,\"ModifiedDate\":\"2018-05-25T08:56:29.293\",\"DeletedDate\":null,\"ProjectFullName\":\"4/030 - Centro ชัยพฤกษ์-แจ้งวัฒนะ2\",\"ProjectCRMFullName\":\"40030\",\"BUName\":\"BG 1\",\"StatusName\":\"อยู่ระหว่างก่อสร้าง\",\"PMCode\":\"AP000978\",\"PMName\":\"นายอำนาจ ตระกูลตั้งมั่น\",\"CanRedeem\":null,\"SERedeem\":null,\"QARedeem\":null,\"RedeemModelID\":161,\"SurveyModelID\":162,\"CanRedeemName\":\"ยังไม่ตรวจ Pre ไถ่ถอน\",\"SERedeemName\":null,\"QARedeemName\":null,\"RedeemModelName\":\"Pre ไถ่ถอน\",\"SurveyModelName\":\"Survey\",\"CanSurvey\":null,\"QASurvey\":null}",
        "BU": "1"
      },
      "DETAILS_PO": [
        {
          "UPK": "121055.8328",
          "POID": 121055,
          "DataOwnerUserId": 8328,
          "ProjectID": 225,
          "WBS": "4/030-AC-DD-002",
          "SE": 8328,
          "QA": 7226,
          "POType": "F",
          "LastSyncDate": "2018-08-04T13:48:58.142676+07:00",
          "JsonData": "{\"POID\":121055,\"PONumber\":\"4046055974\",\"Item\":\"00010\",\"POType\":\"F\",\"ProjectID\":225,\"PhaseSeq\":32,\"Block\":\"4/030-AC-DD-002\",\"WBS\":\"4/030-AC-DD-002\",\"ItemDescription\":\"ค่าภูมิสถาปัตยกรรม\",\"MaterialNumber\":\"20114-400032\",\"MaterialText\":\"Softscape Model House(ค่าดำเนินการ)\",\"FacilityCode\":\"DD\",\"VendorID\":null,\"Quantity\":1.0,\"SE\":8328,\"QA\":7226,\"IsDelete\":\"N\",\"RefID\":66507,\"RowClientId\":null,\"RowState\":\"Modified\",\"RowVersion\":0,\"RowSyncDate\":null,\"CreateDeviceId\":null,\"CreateUserId\":null,\"ModifiedDeviceId\":\"A1SH83M00T9\",\"ModifiedUserId\":8328,\"CreatedDate\":\"2018-08-04T13:48:42.4766189+07:00\",\"ModifiedDate\":\"2018-08-04T13:48:42.4766189+07:00\",\"PhaseName\":\"32\",\"ProjectCode\":\"4/030\",\"ProjectName\":\"Centro ชัยพฤกษ์-แจ้งวัฒนะ2\",\"Plant\":\"\",\"PMCode\":\"AP000978\",\"PMName\":\"นายอำนาจ ตระกูลตั้งมั่น\",\"ConstructorID\":0,\"ConstructorCode\":\"\",\"ConstructorName\":\"\",\"SECode\":\"AP004088\",\"SEName\":\"นายสหรัตน์ เดชะคุปต์\",\"QACode\":\"AP003580\",\"QAName\":\"นางสาวกุสุมา ดวงจรัสแสง\",\"PrevProgress\":0.0,\"PrevProgress_QAPassed\":0.55,\"PrevGRID\":0,\"PrevGRID_QAPassed\":144472,\"NextSEProgress\":0.05,\"NextSEProgressDate\":\"2018-08-04T13:48:42.4716314+07:00\",\"NextQAApprove\":\"\",\"NextQAProgress\":0.0,\"NextQAProgressDate\":null,\"ProgressLog\":\"0.550\",\"ProgressLog_QAPassed\":\"0.100,0.300,0.550\",\"Progress\":0.0,\"Progress_QAPassed\":0.95,\"Complete\":\"N\",\"ProjectFullName\":\"4/030 - Centro ชัยพฤกษ์-แจ้งวัฒนะ2\",\"FacilityName\":\"Landscape AC-DD\",\"GRStepParallelValues\":\"\",\"FacilityPO\":{\"ProjectID\":225,\"POID\":121055,\"FacilityModelID\":170,\"MaterialCode\":\"20114-400032\",\"ModelID\":235,\"SendProgress1\":10.0,\"SendProgress2\":30.0,\"SendProgress3\":55.0,\"SendProgress4\":5.0,\"SendProgress5\":null},\"GRStepType\":\"S\",\"GRStepTypeList\":\"[{ \\\"GRID\\\":143218,\\\"Quantity\\\":\\\"0.100\\\",\\\"QAApprove\\\":\\\"P\\\",\\\"PMApprove\\\":\\\"Y\\\"},{ \\\"GRID\\\":143223,\\\"Quantity\\\":\\\"0.300\\\",\\\"QAApprove\\\":\\\"Y\\\",\\\"PMApprove\\\":\\\"Y\\\"},{ \\\"GRID\\\":144472,\\\"Quantity\\\":\\\"0.550\\\",\\\"QAApprove\\\":\\\"Y\\\",\\\"PMApprove\\\":\\\"N\\\"}]\",\"GRStepTypeListItems\":null}",
          "RowState": "Modified"
        }
      ],
      "DETAILS": [],
      "RESOURCES": [
        {
          "RowClientId": "Q$RES$P225$A1SH83M00T9$20180804134811205",
          "ResourceId": 0,
          "ResourceType": 110,
          "ResourceTagCode": "U-SE",
          "ResourceTagSubCode": "H",
          "ResourceGroupSet": "12c6852e09074bb99f17002c2eae8f47",
          "ResourceGroupOrder": 1,
          "ResourceMineType": "image/jpeg",
          "ProjectId": 225,
          "UnitId": 0,
          "FilePath": "P_225\\Camera\\Camera_A1SH83M00T9_20180804134810.jpg",
          "Description": "",
          "IsActive": true,
          "PhaseId": 0,
          "HeaderId": 15738,
          "DetailId": 0,
          "UHeader_RowClientId": "",
          "UDetail_RowClientId": "",
          "UFHeader_RowClientId": "Q$PH$225$A1SH83M00T9$201808041348059",
          "UFDetail_RowClientId": "",
          "RowState": "AddNew",
          "RowSyncDate": "2018-08-04T13:48:58.142676+07:00",
          "FileLength": 17062,
          "CreateDeviceId": "A1SH83M00T9",
          "CreateUserId": 8328,
          "ModifiedDeviceId": "A1SH83M00T9",
          "ModifiedUserId": 8328,
          "CreatedDate": "2018-08-04T13:48:11",
          "ModifiedDate": "2018-08-04T13:48:11"
        },
        {
          "RowClientId": "Q$RES$P225$A1SH83M00T9$20180804134811237",
          "ResourceId": 0,
          "ResourceType": 110,
          "ResourceTagCode": "U-SE",
          "ResourceTagSubCode": "H",
          "ResourceGroupSet": "12c6852e09074bb99f17002c2eae8f47",
          "ResourceGroupOrder": 2,
          "ResourceMineType": "image/jpeg",
          "ProjectId": 225,
          "UnitId": 0,
          "FilePath": "P_225\\Camera\\Camera_A1SH83M00T9_20180804134809.jpg",
          "Description": "",
          "IsActive": true,
          "PhaseId": 0,
          "HeaderId": 15738,
          "DetailId": 0,
          "UHeader_RowClientId": "",
          "UDetail_RowClientId": "",
          "UFHeader_RowClientId": "Q$PH$225$A1SH83M00T9$201808041348059",
          "UFDetail_RowClientId": "",
          "RowState": "AddNew",
          "RowSyncDate": "2018-08-04T13:48:58.142676+07:00",
          "FileLength": 17048,
          "CreateDeviceId": "A1SH83M00T9",
          "CreateUserId": 8328,
          "ModifiedDeviceId": "A1SH83M00T9",
          "ModifiedUserId": 8328,
          "CreatedDate": "2018-08-04T13:48:11",
          "ModifiedDate": "2018-08-04T13:48:11"
        },
        {
          "RowClientId": "Q$RES$P225$A1SH83M00T9$20180804134811255",
          "ResourceId": 0,
          "ResourceType": 110,
          "ResourceTagCode": "U-SE",
          "ResourceTagSubCode": "H",
          "ResourceGroupSet": "12c6852e09074bb99f17002c2eae8f47",
          "ResourceGroupOrder": 3,
          "ResourceMineType": "image/jpeg",
          "ProjectId": 225,
          "UnitId": 0,
          "FilePath": "P_225\\Camera\\Camera_A1SH83M00T9_20180804134808.jpg",
          "Description": "",
          "IsActive": true,
          "PhaseId": 0,
          "HeaderId": 15738,
          "DetailId": 0,
          "UHeader_RowClientId": "",
          "UDetail_RowClientId": "",
          "UFHeader_RowClientId": "Q$PH$225$A1SH83M00T9$201808041348059",
          "UFDetail_RowClientId": "",
          "RowState": "AddNew",
          "RowSyncDate": "2018-08-04T13:48:58.142676+07:00",
          "FileLength": 17091,
          "CreateDeviceId": "A1SH83M00T9",
          "CreateUserId": 8328,
          "ModifiedDeviceId": "A1SH83M00T9",
          "ModifiedUserId": 8328,
          "CreatedDate": "2018-08-04T13:48:11",
          "ModifiedDate": "2018-08-04T13:48:11"
        },
        {
          "RowClientId": "Q$RES$P225$A1SH83M00T9$20180804134841076",
          "ResourceId": 0,
          "ResourceType": 110,
          "ResourceTagCode": "U-SE",
          "ResourceTagSubCode": "H",
          "ResourceGroupSet": "ce3fcd63e8124438a3d9529255b7372e",
          "ResourceGroupOrder": 1,
          "ResourceMineType": "image/jpeg",
          "ProjectId": 225,
          "UnitId": 0,
          "FilePath": "P_225\\Camera\\Camera_A1SH83M00T9_20180804134841.jpg",
          "Description": "",
          "IsActive": true,
          "PhaseId": 0,
          "HeaderId": 15739,
          "DetailId": 0,
          "UHeader_RowClientId": "",
          "UDetail_RowClientId": "",
          "UFHeader_RowClientId": "Q$PH$225$A1SH83M00T9$20180804134836916",
          "UFDetail_RowClientId": "",
          "RowState": "AddNew",
          "RowSyncDate": "2018-08-04T13:48:58.142676+07:00",
          "FileLength": 17064,
          "CreateDeviceId": "A1SH83M00T9",
          "CreateUserId": 8328,
          "ModifiedDeviceId": "A1SH83M00T9",
          "ModifiedUserId": 8328,
          "CreatedDate": "2018-08-04T13:48:41",
          "ModifiedDate": "2018-08-04T13:48:41"
        },
        {
          "RowClientId": "Q$RES$P225$A1SH83M00T9$20180804134841098",
          "ResourceId": 0,
          "ResourceType": 110,
          "ResourceTagCode": "U-SE",
          "ResourceTagSubCode": "H",
          "ResourceGroupSet": "ce3fcd63e8124438a3d9529255b7372e",
          "ResourceGroupOrder": 2,
          "ResourceMineType": "image/jpeg",
          "ProjectId": 225,
          "UnitId": 0,
          "FilePath": "P_225\\Camera\\Camera_A1SH83M00T9_20180804134840.jpg",
          "Description": "",
          "IsActive": true,
          "PhaseId": 0,
          "HeaderId": 15739,
          "DetailId": 0,
          "UHeader_RowClientId": "",
          "UDetail_RowClientId": "",
          "UFHeader_RowClientId": "Q$PH$225$A1SH83M00T9$20180804134836916",
          "UFDetail_RowClientId": "",
          "RowState": "AddNew",
          "RowSyncDate": "2018-08-04T13:48:58.142676+07:00",
          "FileLength": 17082,
          "CreateDeviceId": "A1SH83M00T9",
          "CreateUserId": 8328,
          "ModifiedDeviceId": "A1SH83M00T9",
          "ModifiedUserId": 8328,
          "CreatedDate": "2018-08-04T13:48:41",
          "ModifiedDate": "2018-08-04T13:48:41"
        },
        {
          "RowClientId": "Q$RES$P225$A1SH83M00T9$2018080413484112",
          "ResourceId": 0,
          "ResourceType": 110,
          "ResourceTagCode": "U-SE",
          "ResourceTagSubCode": "H",
          "ResourceGroupSet": "ce3fcd63e8124438a3d9529255b7372e",
          "ResourceGroupOrder": 3,
          "ResourceMineType": "image/jpeg",
          "ProjectId": 225,
          "UnitId": 0,
          "FilePath": "P_225\\Camera\\Camera_A1SH83M00T9_20180804134839.jpg",
          "Description": "",
          "IsActive": true,
          "PhaseId": 0,
          "HeaderId": 15739,
          "DetailId": 0,
          "UHeader_RowClientId": "",
          "UDetail_RowClientId": "",
          "UFHeader_RowClientId": "Q$PH$225$A1SH83M00T9$20180804134836916",
          "UFDetail_RowClientId": "",
          "RowState": "AddNew",
          "RowSyncDate": "2018-08-04T13:48:58.142676+07:00",
          "FileLength": 17010,
          "CreateDeviceId": "A1SH83M00T9",
          "CreateUserId": 8328,
          "ModifiedDeviceId": "A1SH83M00T9",
          "ModifiedUserId": 8328,
          "CreatedDate": "2018-08-04T13:48:41",
          "ModifiedDate": "2018-08-04T13:48:41"
        },
        {
          "RowClientId": "Q$RES$P225$A1SH83M00T9$20180804134841137",
          "ResourceId": 0,
          "ResourceType": 110,
          "ResourceTagCode": "U-SE",
          "ResourceTagSubCode": "H",
          "ResourceGroupSet": "ce3fcd63e8124438a3d9529255b7372e",
          "ResourceGroupOrder": 4,
          "ResourceMineType": "image/jpeg",
          "ProjectId": 225,
          "UnitId": 0,
          "FilePath": "P_225\\Camera\\Camera_A1SH83M00T9_20180804134838.jpg",
          "Description": "",
          "IsActive": true,
          "PhaseId": 0,
          "HeaderId": 15739,
          "DetailId": 0,
          "UHeader_RowClientId": "",
          "UDetail_RowClientId": "",
          "UFHeader_RowClientId": "Q$PH$225$A1SH83M00T9$20180804134836916",
          "UFDetail_RowClientId": "",
          "RowState": "AddNew",
          "RowSyncDate": "2018-08-04T13:48:58.142676+07:00",
          "FileLength": 17030,
          "CreateDeviceId": "A1SH83M00T9",
          "CreateUserId": 8328,
          "ModifiedDeviceId": "A1SH83M00T9",
          "ModifiedUserId": 8328,
          "CreatedDate": "2018-08-04T13:48:41",
          "ModifiedDate": "2018-08-04T13:48:41"
        }
      ],
      "DETAILS_PROJ": [
        {
          "MaxPhaseID": 1184,
          "MaxHeaderID": 15739,
          "MaxDetailID": 65649,
          "ModelProjectDataId": "225.F.235_UID8328_121055",
          "DataOwnerUserId": 8328,
          "ProjectID": 225,
          "ModelID": 235,
          "UFFacility": "[{\"UFFacilityID\":-1,\"POID\":121055,\"ProjectID\":225,\"Quantity\":1.0,\"SE\":8328,\"SEComplete\":\"N\",\"SECompleteDate\":null,\"QA\":null,\"QAComplete\":null,\"QACompleteDate\":null,\"StartDate\":\"2018-08-04T13:48:05.8995022+07:00\",\"FinishDate\":null,\"IsReq\":null,\"FacilityType\":\"F\",\"Remark\":null,\"IsGRParallel\":false,\"GRParallelIndex\":null,\"GRParallelValue\":null,\"RowClientId\":\"Q$UFF$225$A1SH83M00T9$201808041348059\",\"RowState\":\"Modified\",\"RowVersion\":1,\"RowSyncDate\":\"2018-08-04T13:48:58.142676+07:00\",\"IssueDocNo\":null,\"CreateDeviceId\":\"A1SH83M00T9\",\"CreateUserId\":8328,\"ModifiedDeviceId\":\"A1SH83M00T9\",\"ModifiedUserId\":8328,\"CreatedDate\":\"2018-08-04T13:48:05.8995022+07:00\",\"ModifiedDate\":\"2018-08-04T13:48:42.4716314+07:00\"}]",
          "UFPhases": "[{\"UFPhaseID\":-1,\"UFFacilityID\":-1,\"ProjectID\":225,\"PhaseID\":1183,\"ModelID\":235,\"SE\":8328,\"SEComplete\":\"Y\",\"SECompleteDate\":\"2018-08-04T13:48:18.2938109+07:00\",\"QA\":null,\"QAComplete\":null,\"QACompleteDate\":null,\"Complete\":\"N\",\"RowClientId\":\"Q$UFH$225$A1SH83M00T9$201808041348059\",\"RowState\":\"Modified\",\"RowVersion\":1,\"RowSyncDate\":\"2018-08-04T13:48:58.142676+07:00\",\"CreateDeviceId\":\"A1SH83M00T9\",\"CreateUserId\":8328,\"ModifiedDeviceId\":\"A1SH83M00T9\",\"ModifiedUserId\":8328,\"CreatedDate\":\"2018-08-04T13:48:05.8995022+07:00\",\"ModifiedDate\":\"2018-08-04T13:48:18.2927782+07:00\"},{\"UFPhaseID\":-2,\"UFFacilityID\":-1,\"ProjectID\":225,\"PhaseID\":1184,\"ModelID\":235,\"SE\":8328,\"SEComplete\":\"Y\",\"SECompleteDate\":\"2018-08-04T13:48:42.4726293+07:00\",\"QA\":null,\"QAComplete\":null,\"QACompleteDate\":null,\"Complete\":\"N\",\"RowClientId\":\"Q$UFH$225$A1SH83M00T9$20180804134836915\",\"RowState\":\"Modified\",\"RowVersion\":1,\"RowSyncDate\":\"2018-08-04T13:48:58.142676+07:00\",\"CreateDeviceId\":\"A1SH83M00T9\",\"CreateUserId\":8328,\"ModifiedDeviceId\":\"A1SH83M00T9\",\"ModifiedUserId\":8328,\"CreatedDate\":\"2018-08-04T13:48:36.9159243+07:00\",\"ModifiedDate\":\"2018-08-04T13:48:42.4716314+07:00\"}]",
          "UFHeaders": "[{\"UFHeaderID\":-1,\"UFFacilityID\":-1,\"ProjectID\":225,\"UFPhaseID\":-1,\"HeaderVersionID\":null,\"HeaderID\":15738,\"PhaseID\":1183,\"SEComplete\":\"Y\",\"QAComplete\":\"N\",\"RowClientId\":\"Q$PH$225$A1SH83M00T9$201808041348059\",\"RowState\":\"Modified\",\"RowVersion\":1,\"RowSyncDate\":\"2018-08-04T13:48:58.142676+07:00\",\"CreateDeviceId\":\"A1SH83M00T9\",\"CreateUserId\":8328,\"ModifiedDeviceId\":\"A1SH83M00T9\",\"ModifiedUserId\":8328,\"CreatedDate\":\"2018-08-04T13:48:05.8995022+07:00\",\"ModifiedDate\":\"2018-08-04T13:48:18.2927782+07:00\",\"VersionNumber\":7},{\"UFHeaderID\":-2,\"UFFacilityID\":-1,\"ProjectID\":225,\"UFPhaseID\":-2,\"HeaderVersionID\":null,\"HeaderID\":15739,\"PhaseID\":1184,\"SEComplete\":\"Y\",\"QAComplete\":\"N\",\"RowClientId\":\"Q$PH$225$A1SH83M00T9$20180804134836916\",\"RowState\":\"Modified\",\"RowVersion\":1,\"RowSyncDate\":\"2018-08-04T13:48:58.142676+07:00\",\"CreateDeviceId\":\"A1SH83M00T9\",\"CreateUserId\":8328,\"ModifiedDeviceId\":\"A1SH83M00T9\",\"ModifiedUserId\":8328,\"CreatedDate\":\"2018-08-04T13:48:36.9159243+07:00\",\"ModifiedDate\":\"2018-08-04T13:48:42.4716314+07:00\",\"VersionNumber\":5}]",
          "UFDetails": "[{\"UFDetailID\":-1,\"UFFacilityID\":-1,\"ProjectID\":225,\"UFPhaseID\":-1,\"UFHeaderID\":-1,\"DetailVersionID\":null,\"DetailID\":65638,\"SEPass\":\"Y\",\"SEScore\":null,\"SEDate\":\"2018-08-04T13:48:15.9297812+07:00\",\"QAPass\":null,\"QAScore\":null,\"QADate\":null,\"RowClientId\":\"Q$PD$225$A1SH83M00T9$20180804134805901\",\"RowState\":\"Modified\",\"RowVersion\":1,\"RowSyncDate\":\"2018-08-04T13:48:58.142676+07:00\",\"CreateDeviceId\":\"A1SH83M00T9\",\"CreateUserId\":8328,\"ModifiedDeviceId\":\"A1SH83M00T9\",\"ModifiedUserId\":8328,\"CreatedDate\":\"2018-08-04T13:48:05.8995022+07:00\",\"ModifiedDate\":\"2018-08-04T13:48:15.9307489+07:00\",\"VersionNumber\":1,\"IsRequestQA\":null},{\"UFDetailID\":-2,\"UFFacilityID\":-1,\"ProjectID\":225,\"UFPhaseID\":-1,\"UFHeaderID\":-1,\"DetailVersionID\":null,\"DetailID\":65639,\"SEPass\":\"Y\",\"SEScore\":null,\"SEDate\":\"2018-08-04T13:48:16.7789276+07:00\",\"QAPass\":null,\"QAScore\":null,\"QADate\":null,\"RowClientId\":\"Q$PD$225$A1SH83M00T9$20180804134805943\",\"RowState\":\"Modified\",\"RowVersion\":1,\"RowSyncDate\":\"2018-08-04T13:48:58.142676+07:00\",\"CreateDeviceId\":\"A1SH83M00T9\",\"CreateUserId\":8328,\"ModifiedDeviceId\":\"A1SH83M00T9\",\"ModifiedUserId\":8328,\"CreatedDate\":\"2018-08-04T13:48:05.9433847+07:00\",\"ModifiedDate\":\"2018-08-04T13:48:16.7799259+07:00\",\"VersionNumber\":1,\"IsRequestQA\":null},{\"UFDetailID\":-3,\"UFFacilityID\":-1,\"ProjectID\":225,\"UFPhaseID\":-1,\"UFHeaderID\":-1,\"DetailVersionID\":null,\"DetailID\":65640,\"SEPass\":\"Y\",\"SEScore\":null,\"SEDate\":\"2018-08-04T13:48:17.3633637+07:00\",\"QAPass\":null,\"QAScore\":null,\"QADate\":null,\"RowClientId\":\"Q$PD$225$A1SH83M00T9$20180804134805974\",\"RowState\":\"Modified\",\"RowVersion\":1,\"RowSyncDate\":\"2018-08-04T13:48:58.142676+07:00\",\"CreateDeviceId\":\"A1SH83M00T9\",\"CreateUserId\":8328,\"ModifiedDeviceId\":\"A1SH83M00T9\",\"ModifiedUserId\":8328,\"CreatedDate\":\"2018-08-04T13:48:05.974346+07:00\",\"ModifiedDate\":\"2018-08-04T13:48:17.3633637+07:00\",\"VersionNumber\":1,\"IsRequestQA\":null},{\"UFDetailID\":-4,\"UFFacilityID\":-1,\"ProjectID\":225,\"UFPhaseID\":-1,\"UFHeaderID\":-1,\"DetailVersionID\":null,\"DetailID\":65641,\"SEPass\":\"Y\",\"SEScore\":null,\"SEDate\":\"2018-08-04T13:48:18.2315662+07:00\",\"QAPass\":null,\"QAScore\":null,\"QADate\":null,\"RowClientId\":\"Q$PD$225$A1SH83M00T9$20180804134806006\",\"RowState\":\"Modified\",\"RowVersion\":1,\"RowSyncDate\":\"2018-08-04T13:48:58.142676+07:00\",\"CreateDeviceId\":\"A1SH83M00T9\",\"CreateUserId\":8328,\"ModifiedDeviceId\":\"A1SH83M00T9\",\"ModifiedUserId\":8328,\"CreatedDate\":\"2018-08-04T13:48:06.0062634+07:00\",\"ModifiedDate\":\"2018-08-04T13:48:18.2315662+07:00\",\"VersionNumber\":1,\"IsRequestQA\":null},{\"UFDetailID\":-5,\"UFFacilityID\":-1,\"ProjectID\":225,\"UFPhaseID\":-1,\"UFHeaderID\":-1,\"DetailVersionID\":null,\"DetailID\":65642,\"SEPass\":\"Y\",\"SEScore\":null,\"SEDate\":\"2018-08-04T13:48:18.2559119+07:00\",\"QAPass\":null,\"QAScore\":null,\"QADate\":null,\"RowClientId\":\"Q$PD$225$A1SH83M00T9$2018080413480604\",\"RowState\":\"Modified\",\"RowVersion\":1,\"RowSyncDate\":\"2018-08-04T13:48:58.142676+07:00\",\"CreateDeviceId\":\"A1SH83M00T9\",\"CreateUserId\":8328,\"ModifiedDeviceId\":\"A1SH83M00T9\",\"ModifiedUserId\":8328,\"CreatedDate\":\"2018-08-04T13:48:06.0401724+07:00\",\"ModifiedDate\":\"2018-08-04T13:48:18.2568744+07:00\",\"VersionNumber\":1,\"IsRequestQA\":null},{\"UFDetailID\":-6,\"UFFacilityID\":-1,\"ProjectID\":225,\"UFPhaseID\":-1,\"UFHeaderID\":-1,\"DetailVersionID\":null,\"DetailID\":65643,\"SEPass\":\"Y\",\"SEScore\":null,\"SEDate\":\"2018-08-04T13:48:18.273827+07:00\",\"QAPass\":null,\"QAScore\":null,\"QADate\":null,\"RowClientId\":\"Q$PD$225$A1SH83M00T9$20180804134806073\",\"RowState\":\"Modified\",\"RowVersion\":1,\"RowSyncDate\":\"2018-08-04T13:48:58.142676+07:00\",\"CreateDeviceId\":\"A1SH83M00T9\",\"CreateUserId\":8328,\"ModifiedDeviceId\":\"A1SH83M00T9\",\"ModifiedUserId\":8328,\"CreatedDate\":\"2018-08-04T13:48:06.0730843+07:00\",\"ModifiedDate\":\"2018-08-04T13:48:18.2748612+07:00\",\"VersionNumber\":1,\"IsRequestQA\":null},{\"UFDetailID\":-7,\"UFFacilityID\":-1,\"ProjectID\":225,\"UFPhaseID\":-1,\"UFHeaderID\":-1,\"DetailVersionID\":null,\"DetailID\":65644,\"SEPass\":\"Y\",\"SEScore\":null,\"SEDate\":\"2018-08-04T13:48:18.2927782+07:00\",\"QAPass\":null,\"QAScore\":null,\"QADate\":null,\"RowClientId\":\"Q$PD$225$A1SH83M00T9$20180804134806108\",\"RowState\":\"Modified\",\"RowVersion\":1,\"RowSyncDate\":\"2018-08-04T13:48:58.142676+07:00\",\"CreateDeviceId\":\"A1SH83M00T9\",\"CreateUserId\":8328,\"ModifiedDeviceId\":\"A1SH83M00T9\",\"ModifiedUserId\":8328,\"CreatedDate\":\"2018-08-04T13:48:06.1089885+07:00\",\"ModifiedDate\":\"2018-08-04T13:48:18.2927782+07:00\",\"VersionNumber\":1,\"IsRequestQA\":null},{\"UFDetailID\":-8,\"UFFacilityID\":-1,\"ProjectID\":225,\"UFPhaseID\":-2,\"UFHeaderID\":-2,\"DetailVersionID\":null,\"DetailID\":65645,\"SEPass\":\"Y\",\"SEScore\":null,\"SEDate\":\"2018-08-04T13:48:42.3878559+07:00\",\"QAPass\":null,\"QAScore\":null,\"QADate\":null,\"RowClientId\":\"Q$PD$225$A1SH83M00T9$20180804134836916\",\"RowState\":\"Modified\",\"RowVersion\":1,\"RowSyncDate\":\"2018-08-04T13:48:58.142676+07:00\",\"CreateDeviceId\":\"A1SH83M00T9\",\"CreateUserId\":8328,\"ModifiedDeviceId\":\"A1SH83M00T9\",\"ModifiedUserId\":8328,\"CreatedDate\":\"2018-08-04T13:48:36.9159243+07:00\",\"ModifiedDate\":\"2018-08-04T13:48:42.3878559+07:00\",\"VersionNumber\":1,\"IsRequestQA\":null},{\"UFDetailID\":-9,\"UFFacilityID\":-1,\"ProjectID\":225,\"UFPhaseID\":-2,\"UFHeaderID\":-2,\"DetailVersionID\":null,\"DetailID\":65646,\"SEPass\":\"Y\",\"SEScore\":null,\"SEDate\":\"2018-08-04T13:48:42.4137878+07:00\",\"QAPass\":null,\"QAScore\":null,\"QADate\":null,\"RowClientId\":\"Q$PD$225$A1SH83M00T9$20180804134836961\",\"RowState\":\"Modified\",\"RowVersion\":1,\"RowSyncDate\":\"2018-08-04T13:48:58.142676+07:00\",\"CreateDeviceId\":\"A1SH83M00T9\",\"CreateUserId\":8328,\"ModifiedDeviceId\":\"A1SH83M00T9\",\"ModifiedUserId\":8328,\"CreatedDate\":\"2018-08-04T13:48:36.9618005+07:00\",\"ModifiedDate\":\"2018-08-04T13:48:42.4148209+07:00\",\"VersionNumber\":1,\"IsRequestQA\":null},{\"UFDetailID\":-10,\"UFFacilityID\":-1,\"ProjectID\":225,\"UFPhaseID\":-2,\"UFHeaderID\":-2,\"DetailVersionID\":null,\"DetailID\":65647,\"SEPass\":\"Y\",\"SEScore\":null,\"SEDate\":\"2018-08-04T13:48:42.4327798+07:00\",\"QAPass\":null,\"QAScore\":null,\"QADate\":null,\"RowClientId\":\"Q$PD$225$A1SH83M00T9$20180804134836996\",\"RowState\":\"Modified\",\"RowVersion\":1,\"RowSyncDate\":\"2018-08-04T13:48:58.142676+07:00\",\"CreateDeviceId\":\"A1SH83M00T9\",\"CreateUserId\":8328,\"ModifiedDeviceId\":\"A1SH83M00T9\",\"ModifiedUserId\":8328,\"CreatedDate\":\"2018-08-04T13:48:36.9967083+07:00\",\"ModifiedDate\":\"2018-08-04T13:48:42.4337335+07:00\",\"VersionNumber\":1,\"IsRequestQA\":null},{\"UFDetailID\":-11,\"UFFacilityID\":-1,\"ProjectID\":225,\"UFPhaseID\":-2,\"UFHeaderID\":-2,\"DetailVersionID\":null,\"DetailID\":65648,\"SEPass\":\"Y\",\"SEScore\":null,\"SEDate\":\"2018-08-04T13:48:42.4527195+07:00\",\"QAPass\":null,\"QAScore\":null,\"QADate\":null,\"RowClientId\":\"Q$PD$225$A1SH83M00T9$20180804134837031\",\"RowState\":\"Modified\",\"RowVersion\":1,\"RowSyncDate\":\"2018-08-04T13:48:58.142676+07:00\",\"CreateDeviceId\":\"A1SH83M00T9\",\"CreateUserId\":8328,\"ModifiedDeviceId\":\"A1SH83M00T9\",\"ModifiedUserId\":8328,\"CreatedDate\":\"2018-08-04T13:48:37.0316145+07:00\",\"ModifiedDate\":\"2018-08-04T13:48:42.4527195+07:00\",\"VersionNumber\":1,\"IsRequestQA\":null},{\"UFDetailID\":-12,\"UFFacilityID\":-1,\"ProjectID\":225,\"UFPhaseID\":-2,\"UFHeaderID\":-2,\"DetailVersionID\":null,\"DetailID\":65649,\"SEPass\":\"Y\",\"SEScore\":null,\"SEDate\":\"2018-08-04T13:48:42.4716314+07:00\",\"QAPass\":null,\"QAScore\":null,\"QADate\":null,\"RowClientId\":\"Q$PD$225$A1SH83M00T9$20180804134837066\",\"RowState\":\"Modified\",\"RowVersion\":1,\"RowSyncDate\":\"2018-08-04T13:48:58.142676+07:00\",\"CreateDeviceId\":\"A1SH83M00T9\",\"CreateUserId\":8328,\"ModifiedDeviceId\":\"A1SH83M00T9\",\"ModifiedUserId\":8328,\"CreatedDate\":\"2018-08-04T13:48:37.0665216+07:00\",\"ModifiedDate\":\"2018-08-04T13:48:42.4716314+07:00\",\"VersionNumber\":1,\"IsRequestQA\":null}]",
          "FacilityType": "F",
          "LastSyncDate": "2018-08-04T13:48:58.142676+07:00",
          "LastSyncUserId": 8328,
          "ModifiedDate": "2018-08-04T13:48:05",
          "ModifiedUserId": 8328,
          "POID": 121055,
          "RowState": "AddNew"
        }
      ]
    }
  ]
}