{
  "SessionId" : "cc4b8ef0-afc1-44a3-81b8-dd7cc64d0079",
  "SessionDate" : "2018-11-19T15:03:54.276+07:00",
  "ClientDeviceId" : "9a88823200373fe2",
  "ClientUserId" : "100005",
  "ClientName" : "APCMIS",
  "ClientVersion" : "1.0.0.0",
  "SessionDataType" : "CmisUnitAndPublicData",
  "SessionUserRole" : "SE",
  "SessionDataPath" : "4",
  "Data" : [ {
    "HEADER" : {
      "BU" : "3",
      "JsonData" : "{\n  \"ProjectID\" : 4,\n  \"ProjectCode\" : \"M/001\",\n  \"ProjectName\" : \"Aspire สาทร-ราชพฤกษ์\",\n  \"ProjectCRMCode\" : \"60025\",\n  \"ProjectType\" : \"\",\n  \"Plant\" : null,\n  \"Status\" : \"Active\",\n  \"PM\" : 1861,\n  \"BU\" : \"3\",\n  \"RefID\" : 60009,\n  \"CreatedDate\" : \"2017-11-09T10:13:31.57\",\n  \"ModifiedDate\" : \"2018-02-12T16:29:07.567\",\n  \"DeletedDate\" : null,\n  \"ProjectFullName\" : \"M/001 - Aspire สาทร-ราชพฤกษ์\",\n  \"ProjectCRMFullName\" : \"60025\",\n  \"BUName\" : \"BG 3\",\n  \"StatusName\" : \"อยู่ระหว่างก่อสร้าง\",\n  \"PMCode\" : \"กิตติกูล\",\n  \"PMName\" : \"นายกิตติกูล รักดี\",\n  \"CanRedeem\" : null,\n  \"SERedeem\" : null,\n  \"QARedeem\" : null,\n  \"RedeemModelID\" : null,\n  \"SurveyModelID\" : null,\n  \"CanRedeemName\" : \"ยังไม่ตรวจ Pre ไถ่ถอน\",\n  \"SERedeemName\" : null,\n  \"QARedeemName\" : null,\n  \"RedeemModelName\" : null,\n  \"SurveyModelName\" : null,\n  \"CanSurvey\" : true,\n  \"QASurvey\" : 7226\n}",
      "ProjectCode" : "M/001",
      "ProjectID" : 4,
      "ProjectName" : "Aspire สาทร-ราชพฤกษ์",
      "ProjectType" : ""
    },
    "DETAILS" : [ {
      "DataOwnerUserId" : 100005,
      "LastSyncDate" : "2018-11-19T15:03:54.258+07:00",
      "LastSyncUserId" : 100005,
      "MaxDetailID" : 1911,
      "MaxHeaderID" : 138,
      "MaxPhaseID" : 43,
      "ModelID" : 7,
      "ModelName" : "",
      "ModelUnitDataId" : "28135.7_UID100005",
      "ModifiedDate" : "2018-11-19T15:03:54.258+07:00",
      "ModifiedUserId" : 0,
      "ProjectID" : 4,
      "ProjectName" : "",
      "RowState" : "Modified",
      "UDefectDetails" : "[]",
      "UDetails" : "[{\"DetailID\":575,\"VersionNumber\":1,\"HeaderID\":100,\"ScoreID\":0,\"SubjectID\":null,\"GroupName\":\"\",\"DetailName\":\"เอกสารส่งมอบพื้นที่ (ระหว่าง ผรม.หลักและ ห้องน้ำสำเร็จรูป) ตามมาตรฐานผู้ผลิต\",\"Seq\":1,\"Status\":null,\"Remark\":null,\"CreatedBy\":100005,\"CreatedDate\":\"2018-11-19T11:09:01.628+07:00\",\"ModifiedBy\":100005,\"ModifiedDate\":\"2018-11-19T11:09:01.628+07:00\",\"DeletedBy\":null,\"DeletedDate\":null,\"RefID\":null,\"HelpMStorageServerId\":null,\"HelpMFilePath\":null,\"HelpMMineType\":null,\"HelpMFileLength\":null,\"HelpMUpdateDate\":null,\"UDetailID\":0,\"UnitID\":28135,\"UPhaseID\":0,\"UHeaderID\":0,\"DetailVersionID\":null,\"SEPass\":\"Y\",\"SEScore\":null,\"SEDate\":\"2018-11-19T11:09:01.626+07:00\",\"QAPass\":null,\"QAScore\":0,\"QADate\":null,\"RowClientId\":\"U28135UDT575-Y-9a888232-20181119110901\",\"RowState\":\"AddNew\",\"RowVersion\":0,\"RowSyncDate\":\"2018-11-19T15:03:54.234+07:00\",\"CreateDeviceId\":\"9a88823200373fe2\",\"CreateUserId\":100005,\"ModifiedDeviceId\":\"9a88823200373fe2\",\"ModifiedUserId\":100005,\"IsMandatoryCapture\":\"N\",\"IsMandatoryPDF\":\"N\",\"IsApproveLock\":null,\"DetailDesc\":null,\"DetailDescId\":null,\"ModelID\":7,\"ProjectID\":4,\"UPhase_RowClientId\":\"U28135P31-T-9a888232-20181119110811\",\"UHeader_RowClientId\":\"U28135UHD100-T-9a888232-20181119110858\"}]",
      "UFADefectDetails" : null,
      "UFADetails" : null,
      "UFAHeaders" : null,
      "UFAPhases" : null,
      "UFAZones" : null,
      "UHeaders" : "[{\"ModelID\":7,\"ModelCode\":null,\"ModelName\":\"สถาปัตย์ Room Unit ห้องน้ำสำเร็จรูป\",\"ModelType\":\"U\",\"ModelTypeName\":\"ห้องชุด\",\"PhaseID\":31,\"PhaseName\":\"ห้องน้ำสำเร็จรูป\",\"PhaseSeq\":1,\"PhaseType\":\"2\",\"Progress\":\"0.0\",\"HeaderID\":100,\"HeaderVersionNumber\":2,\"HeaderName\":\"เอกสาร\",\"HeaderType\":\"REQ\",\"HeaderSeq\":1,\"ForSe\":true,\"ForQA\":false,\"HeaderRemark\":null,\"AreaID\":0,\"AreaName\":\"\",\"CreatedBy\":100005,\"CreatedByName\":\"นายศุภพงศ์ จุลเลศ\",\"CreatedDate\":\"2018-11-19T11:09:01.630+07:00\",\"ModifiedBy\":100005,\"ModifiedByName\":\"นายศุภพงศ์ จุลเลศ\",\"ModifiedDate\":\"2018-11-19T11:09:01.630+07:00\",\"DeletedBy\":null,\"DeletedDate\":null,\"UHeaderID\":0,\"SEComplete\":\"N\",\"QAComplete\":null,\"UFHeaderID\":0,\"RowClientId\":\"U28135UHD100-T-9a888232-20181119110858\",\"RowState\":\"AddNew\",\"IsNewModelChange\":null,\"IsMandatoryCapture\":null,\"UnitID\":28135,\"ProjectID\":4,\"UPhase_RowClientId\":\"U28135P31-T-9a888232-20181119110811\",\"RowSyncDate\":\"2018-11-19T15:03:54.234+07:00\",\"CreateDeviceId\":\"9a88823200373fe2\",\"CreateUserId\":100005,\"ModifiedDeviceId\":\"9a88823200373fe2\",\"ModifiedUserId\":100005}]",
      "UPhases" : "[{\"Complete\":null,\"IsEndProduct\":false,\"IsReq\":null,\"JobPending\":0,\"ProcessNo\":0,\"QAComplete\":null,\"RowState\":\"AddNew\",\"RowSyncDate\":\"2018-11-19T15:03:54.234+07:00\",\"SEComplete\":\"N\",\"Seleted\":false,\"UFPhaseID\":0,\"UPhaseID\":0,\"CreatedBy\":100005,\"CreatedByName\":\"นายศุภพงศ์ จุลเลศ\",\"CreatedDate\":\"2018-11-19T11:09:01.631+07:00\",\"DeletedBy\":null,\"DeletedDate\":null,\"ModelCode\":null,\"ModelID\":7,\"ModelName\":\"สถาปัตย์ Room Unit ห้องน้ำสำเร็จรูป\",\"ModelType\":\"U\",\"ModelTypeName\":\"ห้องชุด\",\"ModifiedBy\":100005,\"ModifiedByName\":\"นายศุภพงศ์ จุลเลศ\",\"ModifiedDate\":\"2018-11-19T11:09:01.631+07:00\",\"PhaseID\":31,\"PhaseName\":\"ห้องน้ำสำเร็จรูป\",\"PhaseSeq\":1,\"PhaseType\":\"2\",\"Progress\":0,\"UseOnFinish\":null,\"UseOnFinishProgress\":null,\"UseOnStartProgress\":null,\"UnitID\":28135,\"ProjectID\":4,\"RowClientId\":\"U28135P31-T-9a888232-20181119110811\",\"CreateDeviceId\":\"9a88823200373fe2\",\"CreateUserId\":100005,\"ModifiedDeviceId\":\"9a88823200373fe2\",\"ModifiedUserId\":100005,\"SE\":100005,\"SECompleteDate\":null,\"StartDate\":\"2018-11-19T11:09:01.631+07:00\",\"OfflineDetailIDs\":\"575,576,577,578,579,580,581,582,583,584,585,586,587,588,589,590,591\",\"OfflineDetailCount\":17}]",
      "UPlanPointImages" : "[]",
      "UnitID" : 28135,
      "UnitNumber" : "",
      "UnitPublicAreaID" : 0,
      "UnitWBS" : ""
    } ],
    "RESOURCES" : [ ],
    "DETAILS_FA" : null
  } ]
}