﻿{
  "SessionId": "91fcb918-9380-4ed6-8fd5-bfd7cea576a1",
  "SessionDate": "2018-08-04T15:49:59.9209449+07:00",
  "ClientDeviceId": "A1SH83M00T9",
  "ClientUserId": "8328",
  "ClientName": "APQIS",
  "ClientVersion": "1.0.0.0",
  "SessionDataType": "QisUnitDataAndPO",
  "SessionUserRole": "SE",
  "SessionDataPath": "219",
  "Data": [
    {
      "HEADER": {
        "ProjectID": 219,
        "ProjectCode": "4/029",
        "ProjectName": "บ้านกลางเมือง THE EDITION พระราม9 - พัฒนาการ",
        "ProjectCRMCode": "40029",
        "JsonData": "{\"ProjectID\":219,\"ProjectCode\":\"4/029\",\"ProjectName\":\"บ้านกลางเมือง THE EDITION พระราม9 - พัฒนาการ\",\"ProjectCRMCode\":\"40029\",\"ProjectType\":null,\"Plant\":\"\",\"Status\":\"Active\",\"PM\":2236,\"BU\":\"2\",\"RefID\":null,\"CreatedDate\":null,\"ModifiedDate\":\"2018-04-11T16:41:21.267\",\"DeletedDate\":null,\"ProjectFullName\":\"4/029 - บ้านกลางเมือง THE EDITION พระราม9 - พัฒนาการ\",\"ProjectCRMFullName\":\"40029\",\"BUName\":\"BG 2\",\"StatusName\":\"อยู่ระหว่างก่อสร้าง\",\"PMCode\":\"AP002662\",\"PMName\":\"นายบัณฑิต คงสมคิด\",\"CanRedeem\":null,\"SERedeem\":null,\"QARedeem\":null,\"RedeemModelID\":161,\"SurveyModelID\":162,\"CanRedeemName\":\"ยังไม่ตรวจ Pre ไถ่ถอน\",\"SERedeemName\":null,\"QARedeemName\":null,\"RedeemModelName\":\"Pre ไถ่ถอน\",\"SurveyModelName\":\"Survey\",\"CanSurvey\":null,\"QASurvey\":null}",
        "BU": "2"
      },
      "DETAILS_PO": [
        {
          "UPK": "121059.8328",
          "POID": 121059,
          "DataOwnerUserId": 8328,
          "ProjectID": 219,
          "WBS": "4/029-AC-DD-002",
          "SE": 8328,
          "QA": 0,
          "POType": "F",
          "LastSyncDate": "2018-08-04T15:49:59.9209449+07:00",
          "JsonData": "{\"POID\":121059,\"PONumber\":\"4046058079\",\"Item\":\"00010\",\"POType\":\"F\",\"ProjectID\":219,\"PhaseSeq\":33,\"Block\":\"4/029-AC-DD-002\",\"WBS\":\"4/029-AC-DD-002\",\"ItemDescription\":\"ค่าภูมิสถาปัตยกรรม\",\"MaterialNumber\":\"20114-400033\",\"MaterialText\":\"Softscape Model House (Townhouse 3 ชั้น)\",\"FacilityCode\":\"DD\",\"VendorID\":718,\"Quantity\":1.0,\"SE\":8328,\"QA\":null,\"IsDelete\":\"N\",\"RefID\":66493,\"RowClientId\":null,\"RowState\":\"Modified\",\"RowVersion\":0,\"RowSyncDate\":null,\"CreateDeviceId\":null,\"CreateUserId\":null,\"ModifiedDeviceId\":\"A1SH83M00T9\",\"ModifiedUserId\":8328,\"CreatedDate\":\"2018-08-04T15:49:08.9797133+07:00\",\"ModifiedDate\":\"2018-08-04T15:49:08.9797133+07:00\",\"PhaseName\":\"33\",\"ProjectCode\":\"4/029\",\"ProjectName\":\"บ้านกลางเมือง THE EDITION พระราม9 - พัฒนาการ\",\"Plant\":\"\",\"PMCode\":\"AP002662\",\"PMName\":\"นายบัณฑิต คงสมคิด\",\"ConstructorID\":718,\"ConstructorCode\":\"0000101176\",\"ConstructorName\":\"บริษัท อัลไพน์กอล์ฟ แอนด์\",\"SECode\":\"AP004088\",\"SEName\":\"นายสหรัตน์ เดชะคุปต์\",\"QACode\":\"\",\"QAName\":\"\",\"PrevProgress\":0.3,\"PrevProgress_QAPassed\":0.1,\"PrevGRID\":145052,\"PrevGRID_QAPassed\":145051,\"NextSEProgress\":0.55,\"NextSEProgressDate\":\"2018-08-04T15:49:08.6329906+07:00\",\"NextQAApprove\":\"\",\"NextQAProgress\":0.0,\"NextQAProgressDate\":null,\"ProgressLog\":\"0.300\",\"ProgressLog_QAPassed\":\"0.100\",\"Progress\":0.3,\"Progress_QAPassed\":0.4,\"Complete\":\"N\",\"ProjectFullName\":\"4/029 - บ้านกลางเมือง THE EDITION พระราม9 - พัฒนาการ\",\"FacilityName\":\"Landscape AC-DD\",\"GRStepParallelValues\":\"\",\"FacilityPO\":{\"ProjectID\":219,\"POID\":121059,\"FacilityModelID\":171,\"MaterialCode\":\"20114-400033\",\"ModelID\":236,\"SendProgress1\":10.0,\"SendProgress2\":30.0,\"SendProgress3\":55.0,\"SendProgress4\":5.0,\"SendProgress5\":null},\"GRStepType\":\"S\",\"GRStepTypeList\":\"[{ \\\"GRID\\\":145051,\\\"Quantity\\\":\\\"0.100\\\",\\\"QAApprove\\\":\\\"P\\\",\\\"PMApprove\\\":\\\"Y\\\"},{ \\\"GRID\\\":145052,\\\"Quantity\\\":\\\"0.300\\\",\\\"QAApprove\\\":\\\"N\\\",\\\"PMApprove\\\":\\\"N\\\"}]\",\"GRStepTypeListItems\":null}",
          "RowState": "Modified"
        }
      ],
      "DETAILS": [],
      "RESOURCES": [
        {
          "RowClientId": "Q$RES$P219$A1SH83M00T9$2018080415490374",
          "ResourceId": 0,
          "ResourceType": 110,
          "ResourceTagCode": "U-SE",
          "ResourceTagSubCode": "H",
          "ResourceGroupSet": "af2121104fee4795aae79b1de20f2063",
          "ResourceGroupOrder": 1,
          "ResourceMineType": "image/jpeg",
          "ProjectId": 219,
          "UnitId": 0,
          "FilePath": "P_219\\Camera\\Camera_A1SH83M00T9_20180804154903.jpg",
          "Description": "",
          "IsActive": true,
          "PhaseId": 0,
          "HeaderId": 15742,
          "DetailId": 0,
          "UHeader_RowClientId": "",
          "UDetail_RowClientId": "",
          "UFHeader_RowClientId": "Q$PH$219$A1SH83M00T9$20180804154858944",
          "UFDetail_RowClientId": "",
          "RowState": "AddNew",
          "RowSyncDate": "2018-08-04T15:49:59.9209449+07:00",
          "FileLength": 17021,
          "CreateDeviceId": "A1SH83M00T9",
          "CreateUserId": 8328,
          "ModifiedDeviceId": "A1SH83M00T9",
          "ModifiedUserId": 8328,
          "CreatedDate": "2018-08-04T15:49:03",
          "ModifiedDate": "2018-08-04T15:49:03"
        },
        {
          "RowClientId": "Q$RES$P219$A1SH83M00T9$20180804154903763",
          "ResourceId": 0,
          "ResourceType": 110,
          "ResourceTagCode": "U-SE",
          "ResourceTagSubCode": "H",
          "ResourceGroupSet": "af2121104fee4795aae79b1de20f2063",
          "ResourceGroupOrder": 2,
          "ResourceMineType": "image/jpeg",
          "ProjectId": 219,
          "UnitId": 0,
          "FilePath": "P_219\\Camera\\Camera_A1SH83M00T9_20180804154902.jpg",
          "Description": "",
          "IsActive": true,
          "PhaseId": 0,
          "HeaderId": 15742,
          "DetailId": 0,
          "UHeader_RowClientId": "",
          "UDetail_RowClientId": "",
          "UFHeader_RowClientId": "Q$PH$219$A1SH83M00T9$20180804154858944",
          "UFDetail_RowClientId": "",
          "RowState": "AddNew",
          "RowSyncDate": "2018-08-04T15:49:59.9209449+07:00",
          "FileLength": 17103,
          "CreateDeviceId": "A1SH83M00T9",
          "CreateUserId": 8328,
          "ModifiedDeviceId": "A1SH83M00T9",
          "ModifiedUserId": 8328,
          "CreatedDate": "2018-08-04T15:49:03",
          "ModifiedDate": "2018-08-04T15:49:03"
        },
        {
          "RowClientId": "Q$RES$P219$A1SH83M00T9$20180804154903779",
          "ResourceId": 0,
          "ResourceType": 110,
          "ResourceTagCode": "U-SE",
          "ResourceTagSubCode": "H",
          "ResourceGroupSet": "af2121104fee4795aae79b1de20f2063",
          "ResourceGroupOrder": 3,
          "ResourceMineType": "image/jpeg",
          "ProjectId": 219,
          "UnitId": 0,
          "FilePath": "P_219\\Camera\\Camera_A1SH83M00T9_20180804154901.jpg",
          "Description": "",
          "IsActive": true,
          "PhaseId": 0,
          "HeaderId": 15742,
          "DetailId": 0,
          "UHeader_RowClientId": "",
          "UDetail_RowClientId": "",
          "UFHeader_RowClientId": "Q$PH$219$A1SH83M00T9$20180804154858944",
          "UFDetail_RowClientId": "",
          "RowState": "AddNew",
          "RowSyncDate": "2018-08-04T15:49:59.9209449+07:00",
          "FileLength": 17005,
          "CreateDeviceId": "A1SH83M00T9",
          "CreateUserId": 8328,
          "ModifiedDeviceId": "A1SH83M00T9",
          "ModifiedUserId": 8328,
          "CreatedDate": "2018-08-04T15:49:03",
          "ModifiedDate": "2018-08-04T15:49:03"
        },
        {
          "RowClientId": "Q$RES$P219$A1SH83M00T9$20180804154903796",
          "ResourceId": 0,
          "ResourceType": 110,
          "ResourceTagCode": "U-SE",
          "ResourceTagSubCode": "H",
          "ResourceGroupSet": "af2121104fee4795aae79b1de20f2063",
          "ResourceGroupOrder": 4,
          "ResourceMineType": "image/jpeg",
          "ProjectId": 219,
          "UnitId": 0,
          "FilePath": "P_219\\Camera\\Camera_A1SH83M00T9_20180804154900.jpg",
          "Description": "",
          "IsActive": true,
          "PhaseId": 0,
          "HeaderId": 15742,
          "DetailId": 0,
          "UHeader_RowClientId": "",
          "UDetail_RowClientId": "",
          "UFHeader_RowClientId": "Q$PH$219$A1SH83M00T9$20180804154858944",
          "UFDetail_RowClientId": "",
          "RowState": "AddNew",
          "RowSyncDate": "2018-08-04T15:49:59.9209449+07:00",
          "FileLength": 17025,
          "CreateDeviceId": "A1SH83M00T9",
          "CreateUserId": 8328,
          "ModifiedDeviceId": "A1SH83M00T9",
          "ModifiedUserId": 8328,
          "CreatedDate": "2018-08-04T15:49:03",
          "ModifiedDate": "2018-08-04T15:49:03"
        }
      ],
      "DETAILS_PROJ": [
        {
          "MaxPhaseID": 1188,
          "MaxHeaderID": 15743,
          "MaxDetailID": 65672,
          "ModelProjectDataId": "219.F.236_UID8328_121059",
          "DataOwnerUserId": 8328,
          "ProjectID": 219,
          "ProjectName": "",
          "ModelID": 236,
          "ModelName": "",
          "UFFacility": "[{\"UFFacilityID\":6356,\"POID\":121059,\"ProjectID\":219,\"Quantity\":1.0,\"SE\":8328,\"SEComplete\":\"N\",\"SECompleteDate\":null,\"QA\":null,\"QAComplete\":null,\"QACompleteDate\":null,\"StartDate\":\"2018-08-04T15:32:31.653\",\"FinishDate\":null,\"IsReq\":null,\"FacilityType\":\"F\",\"Remark\":null,\"IsGRParallel\":false,\"GRParallelIndex\":null,\"GRParallelValue\":null,\"RowClientId\":\"Q$UFF$219$A1SH83M00T9$20180804153231654\",\"RowState\":\"Modified\",\"RowVersion\":3,\"RowSyncDate\":\"2018-08-04T15:49:59.9209449+07:00\",\"IssueDocNo\":\"\",\"CreateDeviceId\":\"A1SH83M00T9\",\"CreateUserId\":8328,\"ModifiedDeviceId\":\"A1SH83M00T9\",\"ModifiedUserId\":8328,\"CreatedDate\":\"2018-08-04T15:32:31.653\",\"ModifiedDate\":\"2018-08-04T15:49:08.9746941+07:00\"}]",
          "UFPhases": "[{\"UFPhaseID\":13916,\"UFFacilityID\":6356,\"ProjectID\":219,\"PhaseID\":1186,\"ModelID\":236,\"SE\":8328,\"SEComplete\":\"Y\",\"SECompleteDate\":\"2018-08-04T15:48:48.9065952+07:00\",\"QA\":null,\"QAComplete\":null,\"QACompleteDate\":null,\"Complete\":\"N\",\"RowClientId\":\"Q$UFH$219$A1SH83M00T9$20180804153536974\",\"RowState\":\"Modified\",\"RowVersion\":2,\"RowSyncDate\":\"2018-08-04T15:49:59.9209449+07:00\",\"CreateDeviceId\":\"A1SH83M00T9\",\"CreateUserId\":8328,\"ModifiedDeviceId\":\"A1SH83M00T9\",\"ModifiedUserId\":8328,\"CreatedDate\":\"2018-08-04T15:35:36.973\",\"ModifiedDate\":\"2018-08-04T15:48:48.9065952+07:00\"},{\"UFPhaseID\":-1,\"UFFacilityID\":6356,\"ProjectID\":219,\"PhaseID\":1187,\"ModelID\":236,\"SE\":8328,\"SEComplete\":\"Y\",\"SECompleteDate\":\"2018-08-04T15:49:08.9746941+07:00\",\"QA\":null,\"QAComplete\":null,\"QACompleteDate\":null,\"Complete\":\"N\",\"RowClientId\":\"Q$UFH$219$A1SH83M00T9$20180804154858944\",\"RowState\":\"Modified\",\"RowVersion\":1,\"RowSyncDate\":\"2018-08-04T15:49:59.9209449+07:00\",\"CreateDeviceId\":\"A1SH83M00T9\",\"CreateUserId\":8328,\"ModifiedDeviceId\":\"A1SH83M00T9\",\"ModifiedUserId\":8328,\"CreatedDate\":\"2018-08-04T15:48:58.9441464+07:00\",\"ModifiedDate\":\"2018-08-04T15:49:08.9746941+07:00\"}]",
          "UFHeaders": "[{\"UFHeaderID\":14426,\"UFFacilityID\":6356,\"ProjectID\":219,\"UFPhaseID\":13916,\"HeaderVersionID\":76861,\"HeaderID\":15741,\"PhaseID\":1186,\"SEComplete\":\"Y\",\"QAComplete\":\"N\",\"RowClientId\":\"Q$PH$219$A1SH83M00T9$20180804153536975\",\"RowState\":\"Modified\",\"RowVersion\":2,\"RowSyncDate\":\"2018-08-04T15:49:59.9209449+07:00\",\"CreateDeviceId\":\"A1SH83M00T9\",\"CreateUserId\":8328,\"ModifiedDeviceId\":\"A1SH83M00T9\",\"ModifiedUserId\":8328,\"CreatedDate\":\"2018-08-04T15:35:36.973\",\"ModifiedDate\":\"2018-08-04T15:48:48.9065952+07:00\",\"VersionNumber\":null},{\"UFHeaderID\":-1,\"UFFacilityID\":6356,\"ProjectID\":219,\"UFPhaseID\":-1,\"HeaderVersionID\":null,\"HeaderID\":15742,\"PhaseID\":1187,\"SEComplete\":\"Y\",\"QAComplete\":\"N\",\"RowClientId\":\"Q$PH$219$A1SH83M00T9$20180804154858944\",\"RowState\":\"Modified\",\"RowVersion\":1,\"RowSyncDate\":\"2018-08-04T15:49:59.9209449+07:00\",\"CreateDeviceId\":\"A1SH83M00T9\",\"CreateUserId\":8328,\"ModifiedDeviceId\":\"A1SH83M00T9\",\"ModifiedUserId\":8328,\"CreatedDate\":\"2018-08-04T15:48:58.9441464+07:00\",\"ModifiedDate\":\"2018-08-04T15:49:08.9746941+07:00\",\"VersionNumber\":7}]",
          "UFDetails": "[{\"UFDetailID\":117233,\"UFFacilityID\":6356,\"ProjectID\":219,\"UFPhaseID\":13916,\"UFHeaderID\":14426,\"DetailVersionID\":99166,\"DetailID\":65655,\"SEPass\":\"Y\",\"SEScore\":null,\"SEDate\":\"2018-08-04T15:48:48.4330802+07:00\",\"QAPass\":null,\"QAScore\":null,\"QADate\":null,\"RowClientId\":\"Q$PD$219$A1SH83M00T9$20180804153536975\",\"RowState\":\"Modified\",\"RowVersion\":1,\"RowSyncDate\":\"2018-08-04T15:49:59.9209449+07:00\",\"CreateDeviceId\":\"A1SH83M00T9\",\"CreateUserId\":8328,\"ModifiedDeviceId\":\"A1SH83M00T9\",\"ModifiedUserId\":8328,\"CreatedDate\":\"2018-08-04T15:35:36.973\",\"ModifiedDate\":\"2018-08-04T15:48:48.4360729+07:00\",\"VersionNumber\":null,\"IsRequestQA\":null},{\"UFDetailID\":117234,\"UFFacilityID\":6356,\"ProjectID\":219,\"UFPhaseID\":13916,\"UFHeaderID\":14426,\"DetailVersionID\":99167,\"DetailID\":65656,\"SEPass\":\"Y\",\"SEScore\":null,\"SEDate\":\"2018-08-04T15:48:48.9055988+07:00\",\"QAPass\":null,\"QAScore\":null,\"QADate\":null,\"RowClientId\":\"Q$PD$219$A1SH83M00T9$20180804153537009\",\"RowState\":\"Modified\",\"RowVersion\":1,\"RowSyncDate\":\"2018-08-04T15:49:59.9209449+07:00\",\"CreateDeviceId\":\"A1SH83M00T9\",\"CreateUserId\":8328,\"ModifiedDeviceId\":\"A1SH83M00T9\",\"ModifiedUserId\":8328,\"CreatedDate\":\"2018-08-04T15:35:37.01\",\"ModifiedDate\":\"2018-08-04T15:48:48.9065952+07:00\",\"VersionNumber\":null,\"IsRequestQA\":null},{\"UFDetailID\":-1,\"UFFacilityID\":6356,\"ProjectID\":219,\"UFPhaseID\":-1,\"UFHeaderID\":-1,\"DetailVersionID\":null,\"DetailID\":65660,\"SEPass\":\"Y\",\"SEScore\":null,\"SEDate\":\"2018-08-04T15:49:05.7043454+07:00\",\"QAPass\":null,\"QAScore\":null,\"QADate\":null,\"RowClientId\":\"Q$PD$219$A1SH83M00T9$20180804154858944\",\"RowState\":\"Modified\",\"RowVersion\":1,\"RowSyncDate\":\"2018-08-04T15:49:59.9209449+07:00\",\"CreateDeviceId\":\"A1SH83M00T9\",\"CreateUserId\":8328,\"ModifiedDeviceId\":\"A1SH83M00T9\",\"ModifiedUserId\":8328,\"CreatedDate\":\"2018-08-04T15:48:58.9441464+07:00\",\"ModifiedDate\":\"2018-08-04T15:49:05.7053437+07:00\",\"VersionNumber\":1,\"IsRequestQA\":null},{\"UFDetailID\":-2,\"UFFacilityID\":6356,\"ProjectID\":219,\"UFPhaseID\":-1,\"UFHeaderID\":-1,\"DetailVersionID\":null,\"DetailID\":65661,\"SEPass\":\"Y\",\"SEScore\":null,\"SEDate\":\"2018-08-04T15:49:06.7398749+07:00\",\"QAPass\":null,\"QAScore\":null,\"QADate\":null,\"RowClientId\":\"Q$PD$219$A1SH83M00T9$20180804154858984\",\"RowState\":\"Modified\",\"RowVersion\":1,\"RowSyncDate\":\"2018-08-04T15:49:59.9209449+07:00\",\"CreateDeviceId\":\"A1SH83M00T9\",\"CreateUserId\":8328,\"ModifiedDeviceId\":\"A1SH83M00T9\",\"ModifiedUserId\":8328,\"CreatedDate\":\"2018-08-04T15:48:58.9849602+07:00\",\"ModifiedDate\":\"2018-08-04T15:49:06.7408702+07:00\",\"VersionNumber\":1,\"IsRequestQA\":null},{\"UFDetailID\":-3,\"UFFacilityID\":6356,\"ProjectID\":219,\"UFPhaseID\":-1,\"UFHeaderID\":-1,\"DetailVersionID\":null,\"DetailID\":65662,\"SEPass\":\"Y\",\"SEScore\":null,\"SEDate\":\"2018-08-04T15:49:06.3423703+07:00\",\"QAPass\":null,\"QAScore\":null,\"QADate\":null,\"RowClientId\":\"Q$PD$219$A1SH83M00T9$20180804154859027\",\"RowState\":\"Modified\",\"RowVersion\":1,\"RowSyncDate\":\"2018-08-04T15:49:59.9209449+07:00\",\"CreateDeviceId\":\"A1SH83M00T9\",\"CreateUserId\":8328,\"ModifiedDeviceId\":\"A1SH83M00T9\",\"ModifiedUserId\":8328,\"CreatedDate\":\"2018-08-04T15:48:59.0274648+07:00\",\"ModifiedDate\":\"2018-08-04T15:49:06.3433694+07:00\",\"VersionNumber\":1,\"IsRequestQA\":null},{\"UFDetailID\":-4,\"UFFacilityID\":6356,\"ProjectID\":219,\"UFPhaseID\":-1,\"UFHeaderID\":-1,\"DetailVersionID\":null,\"DetailID\":65663,\"SEPass\":\"Y\",\"SEScore\":null,\"SEDate\":\"2018-08-04T15:49:07.8210967+07:00\",\"QAPass\":null,\"QAScore\":null,\"QADate\":null,\"RowClientId\":\"Q$PD$219$A1SH83M00T9$20180804154859064\",\"RowState\":\"Modified\",\"RowVersion\":1,\"RowSyncDate\":\"2018-08-04T15:49:59.9209449+07:00\",\"CreateDeviceId\":\"A1SH83M00T9\",\"CreateUserId\":8328,\"ModifiedDeviceId\":\"A1SH83M00T9\",\"ModifiedUserId\":8328,\"CreatedDate\":\"2018-08-04T15:48:59.0640232+07:00\",\"ModifiedDate\":\"2018-08-04T15:49:07.8210967+07:00\",\"VersionNumber\":1,\"IsRequestQA\":null},{\"UFDetailID\":-5,\"UFFacilityID\":6356,\"ProjectID\":219,\"UFPhaseID\":-1,\"UFHeaderID\":-1,\"DetailVersionID\":null,\"DetailID\":65664,\"SEPass\":\"Y\",\"SEScore\":null,\"SEDate\":\"2018-08-04T15:49:08.6040287+07:00\",\"QAPass\":null,\"QAScore\":null,\"QADate\":null,\"RowClientId\":\"Q$PD$219$A1SH83M00T9$20180804154859098\",\"RowState\":\"Modified\",\"RowVersion\":1,\"RowSyncDate\":\"2018-08-04T15:49:59.9209449+07:00\",\"CreateDeviceId\":\"A1SH83M00T9\",\"CreateUserId\":8328,\"ModifiedDeviceId\":\"A1SH83M00T9\",\"ModifiedUserId\":8328,\"CreatedDate\":\"2018-08-04T15:48:59.0986421+07:00\",\"ModifiedDate\":\"2018-08-04T15:49:08.6050266+07:00\",\"VersionNumber\":1,\"IsRequestQA\":null},{\"UFDetailID\":-6,\"UFFacilityID\":6356,\"ProjectID\":219,\"UFPhaseID\":-1,\"UFHeaderID\":-1,\"DetailVersionID\":null,\"DetailID\":65665,\"SEPass\":\"Y\",\"SEScore\":null,\"SEDate\":\"2018-08-04T15:49:08.2081484+07:00\",\"QAPass\":null,\"QAScore\":null,\"QADate\":null,\"RowClientId\":\"Q$PD$219$A1SH83M00T9$20180804154859135\",\"RowState\":\"Modified\",\"RowVersion\":1,\"RowSyncDate\":\"2018-08-04T15:49:59.9209449+07:00\",\"CreateDeviceId\":\"A1SH83M00T9\",\"CreateUserId\":8328,\"ModifiedDeviceId\":\"A1SH83M00T9\",\"ModifiedUserId\":8328,\"CreatedDate\":\"2018-08-04T15:48:59.1351571+07:00\",\"ModifiedDate\":\"2018-08-04T15:49:08.2091455+07:00\",\"VersionNumber\":1,\"IsRequestQA\":null},{\"UFDetailID\":-7,\"UFFacilityID\":6356,\"ProjectID\":219,\"UFPhaseID\":-1,\"UFHeaderID\":-1,\"DetailVersionID\":null,\"DetailID\":65666,\"SEPass\":\"Y\",\"SEScore\":null,\"SEDate\":\"2018-08-04T15:49:08.9736962+07:00\",\"QAPass\":null,\"QAScore\":null,\"QADate\":null,\"RowClientId\":\"Q$PD$219$A1SH83M00T9$20180804154859169\",\"RowState\":\"Modified\",\"RowVersion\":1,\"RowSyncDate\":\"2018-08-04T15:49:59.9209449+07:00\",\"CreateDeviceId\":\"A1SH83M00T9\",\"CreateUserId\":8328,\"ModifiedDeviceId\":\"A1SH83M00T9\",\"ModifiedUserId\":8328,\"CreatedDate\":\"2018-08-04T15:48:59.1690571+07:00\",\"ModifiedDate\":\"2018-08-04T15:49:08.9746941+07:00\",\"VersionNumber\":1,\"IsRequestQA\":null}]",
          "FacilityType": "F",
          "LastSyncDate": "2018-08-04T15:49:59.9209449+07:00",
          "LastSyncUserId": 8328,
          "ModifiedDate": "2018-08-04T15:49:08",
          "ModifiedUserId": 8328,
          "POID": 121059,
          "RowState": "Modified",
          "IssueDocNo": ""
        }
      ]
    }
  ]
}