{
  "SessionId" : "870a0407-f9ec-4908-9612-b0bdb7159ae7",
  "SessionDate" : "2019-06-19T13:20:16.867+07:00",
  "ClientDeviceId" : "9a88823200373fe2",
  "ClientUserId" : "5269",
  "ClientName" : "APQIS",
  "ClientVersion" : "1.0.0.0",
  "SessionDataType" : "QisUnitDataAndPO",
  "SessionUserRole" : "SE",
  "SessionDataPath" : "205",
  "Data" : [ {
    "HEADER" : {
      "BU" : "1",
      "JsonData" : "{\n  \"ProjectID\" : 205,\n  \"ProjectCode\" : \"4/045\",\n  \"ProjectName\" : \"The City ไทรม้า\",\n  \"ProjectCRMCode\" : \"40045\",\n  \"ProjectType\" : null,\n  \"Plant\" : \"4045\",\n  \"Status\" : \"Active\",\n  \"PM\" : 5267,\n  \"BU\" : \"1\",\n  \"RefID\" : null,\n  \"CreatedDate\" : null,\n  \"ModifiedDate\" : \"2018-10-18T15:14:33.143+07:00\",\n  \"DeletedDate\" : null,\n  \"ProjectFullName\" : \"4/045 - The City ไทรม้า\",\n  \"ProjectCRMFullName\" : \"40045\",\n  \"BUName\" : \"BG 1\",\n  \"StatusName\" : \"อยู่ระหว่างก่อสร้าง\",\n  \"PMCode\" : \"Test_PM\",\n  \"PMName\" : \"คุณPM PM\",\n  \"CanRedeem\" : null,\n  \"SERedeem\" : null,\n  \"QARedeem\" : null,\n  \"RedeemModelID\" : null,\n  \"SurveyModelID\" : null,\n  \"CanRedeemName\" : \"ยังไม่ตรวจ Pre ไถ่ถอน\",\n  \"SERedeemName\" : null,\n  \"QARedeemName\" : null,\n  \"RedeemModelName\" : null,\n  \"SurveyModelName\" : null,\n  \"CanSurvey\" : null,\n  \"QASurvey\" : null\n}",
      "ProjectCode" : "4/045",
      "ProjectID" : 205,
      "ProjectName" : "The City ไทรม้า",
      "ProjectType" : null
    },
    "DETAILS" : [ {
      "DataOwnerUserId" : 5269,
      "LastSyncDate" : "2019-06-19T13:20:16.757+07:00",
      "LastSyncUserId" : 5269,
      "MaxDetailID" : 69874,
      "MaxHeaderID" : 16670,
      "MaxPhaseID" : 1250,
      "ModelID" : 247,
      "ModelName" : "",
      "ModelUnitDataId" : "62750.247_UID5269",
      "ModifiedDate" : "2019-06-19T13:20:16.758+07:00",
      "ModifiedUserId" : 0,
      "ProjectID" : 205,
      "ProjectName" : "",
      "RowState" : "Modified",
      "UDefectDetails" : "[]",
      "UDetails" : "[{\"DetailID\":69748,\"VersionNumber\":1,\"HeaderID\":16350,\"ScoreID\":0,\"SubjectID\":null,\"GroupName\":\"1\",\"DetailName\":\"1 ถนนสำหรับรถบรรทุกเสาเข็ม\",\"Seq\":1,\"Status\":null,\"Remark\":null,\"CreatedBy\":5269,\"CreatedDate\":\"2019-06-18T09:45:12.219+07:00\",\"ModifiedBy\":5269,\"ModifiedDate\":\"2019-06-18T09:45:12.219+07:00\",\"DeletedBy\":null,\"DeletedDate\":null,\"RefID\":null,\"HelpMStorageServerId\":null,\"HelpMFilePath\":null,\"HelpMMineType\":null,\"HelpMFileLength\":null,\"HelpMUpdateDate\":null,\"UDetailID\":0,\"UnitID\":62750,\"UPhaseID\":0,\"UHeaderID\":0,\"DetailVersionID\":null,\"SEPass\":\"Y\",\"SEScore\":null,\"SEDate\":\"2019-06-18T09:45:12.216+07:00\",\"QAPass\":null,\"QAScore\":0,\"QADate\":null,\"RowClientId\":\"U62750UDT69748-Y-9a888232-20190618094512\",\"RowState\":\"AddNew\",\"RowVersion\":0,\"RowSyncDate\":\"2019-06-19T13:20:16.676+07:00\",\"CreateDeviceId\":\"9a88823200373fe2\",\"CreateUserId\":5269,\"ModifiedDeviceId\":\"9a88823200373fe2\",\"ModifiedUserId\":5269,\"IsMandatoryCapture\":null,\"IsMandatoryPDF\":null,\"IsApproveLock\":null,\"DetailDesc\":null,\"DetailDescId\":null,\"ModelID\":247,\"ProjectID\":205,\"UPhase_RowClientId\":\"U62750P1237-T-9a888232-20190614140344\",\"UHeader_RowClientId\":\"U62750UHD16350-T-9a888232-20190614140352\"},{\"DetailID\":69749,\"VersionNumber\":1,\"HeaderID\":16350,\"ScoreID\":0,\"SubjectID\":null,\"GroupName\":\"1\",\"DetailName\":\"2ทางเดินของปั้นจั่น\",\"Seq\":2,\"Status\":null,\"Remark\":null,\"CreatedBy\":5269,\"CreatedDate\":\"2019-06-14T14:11:29.638+07:00\",\"ModifiedBy\":5269,\"ModifiedDate\":\"2019-06-14T14:11:29.638+07:00\",\"DeletedBy\":null,\"DeletedDate\":null,\"RefID\":null,\"HelpMStorageServerId\":null,\"HelpMFilePath\":null,\"HelpMMineType\":null,\"HelpMFileLength\":null,\"HelpMUpdateDate\":null,\"UDetailID\":0,\"UnitID\":62750,\"UPhaseID\":0,\"UHeaderID\":0,\"DetailVersionID\":null,\"SEPass\":\"Y\",\"SEScore\":null,\"SEDate\":\"2019-06-14T14:11:29.635+07:00\",\"QAPass\":null,\"QAScore\":0,\"QADate\":null,\"RowClientId\":\"U62750UDT69749-Y-9a888232-20190614141129\",\"RowState\":\"AddNew\",\"RowVersion\":0,\"RowSyncDate\":\"2019-06-19T13:20:16.676+07:00\",\"CreateDeviceId\":\"9a88823200373fe2\",\"CreateUserId\":5269,\"ModifiedDeviceId\":\"9a88823200373fe2\",\"ModifiedUserId\":5269,\"IsMandatoryCapture\":null,\"IsMandatoryPDF\":null,\"IsApproveLock\":null,\"DetailDesc\":null,\"DetailDescId\":null,\"ModelID\":247,\"ProjectID\":205,\"UPhase_RowClientId\":\"U62750P1237-T-9a888232-20190614140344\",\"UHeader_RowClientId\":\"U62750UHD16350-T-9a888232-20190614140352\"},{\"DetailID\":69750,\"VersionNumber\":1,\"HeaderID\":16350,\"ScoreID\":0,\"SubjectID\":null,\"GroupName\":\"1\",\"DetailName\":\"3ถมดินแปลงเสร็จเรียบร้อย\",\"Seq\":3,\"Status\":null,\"Remark\":null,\"CreatedBy\":5269,\"CreatedDate\":\"2019-06-14T14:11:29.676+07:00\",\"ModifiedBy\":5269,\"ModifiedDate\":\"2019-06-14T14:11:29.677+07:00\",\"DeletedBy\":null,\"DeletedDate\":null,\"RefID\":null,\"HelpMStorageServerId\":null,\"HelpMFilePath\":null,\"HelpMMineType\":null,\"HelpMFileLength\":null,\"HelpMUpdateDate\":null,\"UDetailID\":0,\"UnitID\":62750,\"UPhaseID\":0,\"UHeaderID\":0,\"DetailVersionID\":null,\"SEPass\":\"Y\",\"SEScore\":null,\"SEDate\":\"2019-06-14T14:11:29.674+07:00\",\"QAPass\":null,\"QAScore\":0,\"QADate\":null,\"RowClientId\":\"U62750UDT69750-Y-9a888232-20190614141129\",\"RowState\":\"AddNew\",\"RowVersion\":0,\"RowSyncDate\":\"2019-06-19T13:20:16.676+07:00\",\"CreateDeviceId\":\"9a88823200373fe2\",\"CreateUserId\":5269,\"ModifiedDeviceId\":\"9a88823200373fe2\",\"ModifiedUserId\":5269,\"IsMandatoryCapture\":null,\"IsMandatoryPDF\":null,\"IsApproveLock\":null,\"DetailDesc\":null,\"DetailDescId\":null,\"ModelID\":247,\"ProjectID\":205,\"UPhase_RowClientId\":\"U62750P1237-T-9a888232-20190614140344\",\"UHeader_RowClientId\":\"U62750UHD16350-T-9a888232-20190614140352\"},{\"DetailID\":69751,\"VersionNumber\":1,\"HeaderID\":16350,\"ScoreID\":0,\"SubjectID\":null,\"GroupName\":\"1\",\"DetailName\":\"4สถานที่กองเก็บเสาเข็ม\",\"Seq\":4,\"Status\":null,\"Remark\":null,\"CreatedBy\":5269,\"CreatedDate\":\"2019-06-14T14:11:29.705+07:00\",\"ModifiedBy\":5269,\"ModifiedDate\":\"2019-06-14T14:11:29.705+07:00\",\"DeletedBy\":null,\"DeletedDate\":null,\"RefID\":null,\"HelpMStorageServerId\":null,\"HelpMFilePath\":null,\"HelpMMineType\":null,\"HelpMFileLength\":null,\"HelpMUpdateDate\":null,\"UDetailID\":0,\"UnitID\":62750,\"UPhaseID\":0,\"UHeaderID\":0,\"DetailVersionID\":null,\"SEPass\":\"Y\",\"SEScore\":null,\"SEDate\":\"2019-06-14T14:11:29.703+07:00\",\"QAPass\":null,\"QAScore\":0,\"QADate\":null,\"RowClientId\":\"U62750UDT69751-Y-9a888232-20190614141129\",\"RowState\":\"AddNew\",\"RowVersion\":0,\"RowSyncDate\":\"2019-06-19T13:20:16.676+07:00\",\"CreateDeviceId\":\"9a88823200373fe2\",\"CreateUserId\":5269,\"ModifiedDeviceId\":\"9a88823200373fe2\",\"ModifiedUserId\":5269,\"IsMandatoryCapture\":null,\"IsMandatoryPDF\":null,\"IsApproveLock\":null,\"DetailDesc\":null,\"DetailDescId\":null,\"ModelID\":247,\"ProjectID\":205,\"UPhase_RowClientId\":\"U62750P1237-T-9a888232-20190614140344\",\"UHeader_RowClientId\":\"U62750UHD16350-T-9a888232-20190614140352\"},{\"DetailID\":69752,\"VersionNumber\":1,\"HeaderID\":16350,\"ScoreID\":0,\"SubjectID\":null,\"GroupName\":\"2\",\"DetailName\":\"5ไฟฟ้าชั่วคราว\",\"Seq\":5,\"Status\":null,\"Remark\":null,\"CreatedBy\":5269,\"CreatedDate\":\"2019-06-14T14:09:34.945+07:00\",\"ModifiedBy\":5269,\"ModifiedDate\":\"2019-06-14T14:09:34.945+07:00\",\"DeletedBy\":null,\"DeletedDate\":null,\"RefID\":null,\"HelpMStorageServerId\":null,\"HelpMFilePath\":null,\"HelpMMineType\":null,\"HelpMFileLength\":null,\"HelpMUpdateDate\":null,\"UDetailID\":0,\"UnitID\":62750,\"UPhaseID\":0,\"UHeaderID\":0,\"DetailVersionID\":null,\"SEPass\":\"Y\",\"SEScore\":null,\"SEDate\":\"2019-06-14T14:09:34.944+07:00\",\"QAPass\":null,\"QAScore\":0,\"QADate\":null,\"RowClientId\":\"U62750UDT69752-Y-9a888232-20190614140934\",\"RowState\":\"AddNew\",\"RowVersion\":0,\"RowSyncDate\":\"2019-06-19T13:20:16.676+07:00\",\"CreateDeviceId\":\"9a88823200373fe2\",\"CreateUserId\":5269,\"ModifiedDeviceId\":\"9a88823200373fe2\",\"ModifiedUserId\":5269,\"IsMandatoryCapture\":null,\"IsMandatoryPDF\":null,\"IsApproveLock\":null,\"DetailDesc\":null,\"DetailDescId\":null,\"ModelID\":247,\"ProjectID\":205,\"UPhase_RowClientId\":\"U62750P1237-T-9a888232-20190614140344\",\"UHeader_RowClientId\":\"U62750UHD16350-T-9a888232-20190614140352\"},{\"DetailID\":69753,\"VersionNumber\":1,\"HeaderID\":16350,\"ScoreID\":0,\"SubjectID\":null,\"GroupName\":\"2\",\"DetailName\":\"6น้ำประปาชั่วคราว\",\"Seq\":6,\"Status\":null,\"Remark\":null,\"CreatedBy\":5269,\"CreatedDate\":\"2019-06-14T14:11:29.730+07:00\",\"ModifiedBy\":5269,\"ModifiedDate\":\"2019-06-14T14:11:29.730+07:00\",\"DeletedBy\":null,\"DeletedDate\":null,\"RefID\":null,\"HelpMStorageServerId\":null,\"HelpMFilePath\":null,\"HelpMMineType\":null,\"HelpMFileLength\":null,\"HelpMUpdateDate\":null,\"UDetailID\":0,\"UnitID\":62750,\"UPhaseID\":0,\"UHeaderID\":0,\"DetailVersionID\":null,\"SEPass\":\"Y\",\"SEScore\":null,\"SEDate\":\"2019-06-14T14:11:29.728+07:00\",\"QAPass\":null,\"QAScore\":0,\"QADate\":null,\"RowClientId\":\"U62750UDT69753-Y-9a888232-20190614141129\",\"RowState\":\"AddNew\",\"RowVersion\":0,\"RowSyncDate\":\"2019-06-19T13:20:16.676+07:00\",\"CreateDeviceId\":\"9a88823200373fe2\",\"CreateUserId\":5269,\"ModifiedDeviceId\":\"9a88823200373fe2\",\"ModifiedUserId\":5269,\"IsMandatoryCapture\":null,\"IsMandatoryPDF\":null,\"IsApproveLock\":null,\"DetailDesc\":null,\"DetailDescId\":null,\"ModelID\":247,\"ProjectID\":205,\"UPhase_RowClientId\":\"U62750P1237-T-9a888232-20190614140344\",\"UHeader_RowClientId\":\"U62750UHD16350-T-9a888232-20190614140352\"},{\"DetailID\":69754,\"VersionNumber\":1,\"HeaderID\":16350,\"ScoreID\":0,\"SubjectID\":null,\"GroupName\":\"2\",\"DetailName\":\"7หมุดผังตำแหน่งของเสาเข็ม\",\"Seq\":7,\"Status\":null,\"Remark\":null,\"CreatedBy\":5269,\"CreatedDate\":\"2019-06-14T14:11:29.751+07:00\",\"ModifiedBy\":5269,\"ModifiedDate\":\"2019-06-14T14:11:29.751+07:00\",\"DeletedBy\":null,\"DeletedDate\":null,\"RefID\":null,\"HelpMStorageServerId\":null,\"HelpMFilePath\":null,\"HelpMMineType\":null,\"HelpMFileLength\":null,\"HelpMUpdateDate\":null,\"UDetailID\":0,\"UnitID\":62750,\"UPhaseID\":0,\"UHeaderID\":0,\"DetailVersionID\":null,\"SEPass\":\"Y\",\"SEScore\":null,\"SEDate\":\"2019-06-14T14:11:29.749+07:00\",\"QAPass\":null,\"QAScore\":0,\"QADate\":null,\"RowClientId\":\"U62750UDT69754-Y-9a888232-20190614141129\",\"RowState\":\"AddNew\",\"RowVersion\":0,\"RowSyncDate\":\"2019-06-19T13:20:16.676+07:00\",\"CreateDeviceId\":\"9a88823200373fe2\",\"CreateUserId\":5269,\"ModifiedDeviceId\":\"9a88823200373fe2\",\"ModifiedUserId\":5269,\"IsMandatoryCapture\":null,\"IsMandatoryPDF\":null,\"IsApproveLock\":null,\"DetailDesc\":null,\"DetailDescId\":null,\"ModelID\":247,\"ProjectID\":205,\"UPhase_RowClientId\":\"U62750P1237-T-9a888232-20190614140344\",\"UHeader_RowClientId\":\"U62750UHD16350-T-9a888232-20190614140352\"},{\"DetailID\":69755,\"VersionNumber\":1,\"HeaderID\":16350,\"ScoreID\":0,\"SubjectID\":null,\"GroupName\":\"2\",\"DetailName\":\"8แผนงานการตอกเสาเข็ม\",\"Seq\":8,\"Status\":null,\"Remark\":null,\"CreatedBy\":5269,\"CreatedDate\":\"2019-06-14T14:11:29.770+07:00\",\"ModifiedBy\":5269,\"ModifiedDate\":\"2019-06-14T14:11:29.771+07:00\",\"DeletedBy\":null,\"DeletedDate\":null,\"RefID\":null,\"HelpMStorageServerId\":null,\"HelpMFilePath\":null,\"HelpMMineType\":null,\"HelpMFileLength\":null,\"HelpMUpdateDate\":null,\"UDetailID\":0,\"UnitID\":62750,\"UPhaseID\":0,\"UHeaderID\":0,\"DetailVersionID\":null,\"SEPass\":\"Y\",\"SEScore\":null,\"SEDate\":\"2019-06-14T14:11:29.769+07:00\",\"QAPass\":null,\"QAScore\":0,\"QADate\":null,\"RowClientId\":\"U62750UDT69755-Y-9a888232-20190614141129\",\"RowState\":\"AddNew\",\"RowVersion\":0,\"RowSyncDate\":\"2019-06-19T13:20:16.676+07:00\",\"CreateDeviceId\":\"9a88823200373fe2\",\"CreateUserId\":5269,\"ModifiedDeviceId\":\"9a88823200373fe2\",\"ModifiedUserId\":5269,\"IsMandatoryCapture\":null,\"IsMandatoryPDF\":null,\"IsApproveLock\":null,\"DetailDesc\":null,\"DetailDescId\":null,\"ModelID\":247,\"ProjectID\":205,\"UPhase_RowClientId\":\"U62750P1237-T-9a888232-20190614140344\",\"UHeader_RowClientId\":\"U62750UHD16350-T-9a888232-20190614140352\"},{\"DetailID\":69756,\"VersionNumber\":1,\"HeaderID\":16350,\"ScoreID\":0,\"SubjectID\":null,\"GroupName\":\"3\",\"DetailName\":\"9หน้าตัด,ความยาวเสาตามแบบ\",\"Seq\":9,\"Status\":null,\"Remark\":null,\"CreatedBy\":5269,\"CreatedDate\":\"2019-06-14T14:11:29.790+07:00\",\"ModifiedBy\":5269,\"ModifiedDate\":\"2019-06-14T14:11:29.790+07:00\",\"DeletedBy\":null,\"DeletedDate\":null,\"RefID\":null,\"HelpMStorageServerId\":null,\"HelpMFilePath\":null,\"HelpMMineType\":null,\"HelpMFileLength\":null,\"HelpMUpdateDate\":null,\"UDetailID\":0,\"UnitID\":62750,\"UPhaseID\":0,\"UHeaderID\":0,\"DetailVersionID\":null,\"SEPass\":\"Y\",\"SEScore\":null,\"SEDate\":\"2019-06-14T14:11:29.789+07:00\",\"QAPass\":null,\"QAScore\":0,\"QADate\":null,\"RowClientId\":\"U62750UDT69756-Y-9a888232-20190614141129\",\"RowState\":\"AddNew\",\"RowVersion\":0,\"RowSyncDate\":\"2019-06-19T13:20:16.676+07:00\",\"CreateDeviceId\":\"9a88823200373fe2\",\"CreateUserId\":5269,\"ModifiedDeviceId\":\"9a88823200373fe2\",\"ModifiedUserId\":5269,\"IsMandatoryCapture\":null,\"IsMandatoryPDF\":null,\"IsApproveLock\":null,\"DetailDesc\":null,\"DetailDescId\":null,\"ModelID\":247,\"ProjectID\":205,\"UPhase_RowClientId\":\"U62750P1237-T-9a888232-20190614140344\",\"UHeader_RowClientId\":\"U62750UHD16350-T-9a888232-20190614140352\"},{\"DetailID\":69757,\"VersionNumber\":1,\"HeaderID\":16350,\"ScoreID\":0,\"SubjectID\":null,\"GroupName\":\"3\",\"DetailName\":\"10เข็มอายุ>7วันและStrength> 350 Ksc.,\",\"Seq\":10,\"Status\":null,\"Remark\":null,\"CreatedBy\":5269,\"CreatedDate\":\"2019-06-14T14:11:29.809+07:00\",\"ModifiedBy\":5269,\"ModifiedDate\":\"2019-06-14T14:11:29.809+07:00\",\"DeletedBy\":null,\"DeletedDate\":null,\"RefID\":null,\"HelpMStorageServerId\":null,\"HelpMFilePath\":null,\"HelpMMineType\":null,\"HelpMFileLength\":null,\"HelpMUpdateDate\":null,\"UDetailID\":0,\"UnitID\":62750,\"UPhaseID\":0,\"UHeaderID\":0,\"DetailVersionID\":null,\"SEPass\":\"Y\",\"SEScore\":null,\"SEDate\":\"2019-06-14T14:11:29.807+07:00\",\"QAPass\":null,\"QAScore\":0,\"QADate\":null,\"RowClientId\":\"U62750UDT69757-Y-9a888232-20190614141129\",\"RowState\":\"AddNew\",\"RowVersion\":0,\"RowSyncDate\":\"2019-06-19T13:20:16.676+07:00\",\"CreateDeviceId\":\"9a88823200373fe2\",\"CreateUserId\":5269,\"ModifiedDeviceId\":\"9a88823200373fe2\",\"ModifiedUserId\":5269,\"IsMandatoryCapture\":null,\"IsMandatoryPDF\":null,\"IsApproveLock\":null,\"DetailDesc\":null,\"DetailDescId\":null,\"ModelID\":247,\"ProjectID\":205,\"UPhase_RowClientId\":\"U62750P1237-T-9a888232-20190614140344\",\"UHeader_RowClientId\":\"U62750UHD16350-T-9a888232-20190614140352\"},{\"DetailID\":69758,\"VersionNumber\":1,\"HeaderID\":16350,\"ScoreID\":0,\"SubjectID\":null,\"GroupName\":\"3\",\"DetailName\":\"11เข็มไม่มีรอยร้าวยาว>20cm,ลึก>4cm\",\"Seq\":11,\"Status\":null,\"Remark\":null,\"CreatedBy\":5269,\"CreatedDate\":\"2019-06-14T14:11:29.829+07:00\",\"ModifiedBy\":5269,\"ModifiedDate\":\"2019-06-14T14:11:29.829+07:00\",\"DeletedBy\":null,\"DeletedDate\":null,\"RefID\":null,\"HelpMStorageServerId\":null,\"HelpMFilePath\":null,\"HelpMMineType\":null,\"HelpMFileLength\":null,\"HelpMUpdateDate\":null,\"UDetailID\":0,\"UnitID\":62750,\"UPhaseID\":0,\"UHeaderID\":0,\"DetailVersionID\":null,\"SEPass\":\"Y\",\"SEScore\":null,\"SEDate\":\"2019-06-14T14:11:29.828+07:00\",\"QAPass\":null,\"QAScore\":0,\"QADate\":null,\"RowClientId\":\"U62750UDT69758-Y-9a888232-20190614141129\",\"RowState\":\"AddNew\",\"RowVersion\":0,\"RowSyncDate\":\"2019-06-19T13:20:16.676+07:00\",\"CreateDeviceId\":\"9a88823200373fe2\",\"CreateUserId\":5269,\"ModifiedDeviceId\":\"9a88823200373fe2\",\"ModifiedUserId\":5269,\"IsMandatoryCapture\":null,\"IsMandatoryPDF\":null,\"IsApproveLock\":null,\"DetailDesc\":null,\"DetailDescId\":null,\"ModelID\":247,\"ProjectID\":205,\"UPhase_RowClientId\":\"U62750P1237-T-9a888232-20190614140344\",\"UHeader_RowClientId\":\"U62750UHD16350-T-9a888232-20190614140352\"},{\"DetailID\":69759,\"VersionNumber\":1,\"HeaderID\":16350,\"ScoreID\":0,\"SubjectID\":null,\"GroupName\":\"4\",\"DetailName\":\"12ปั้นจั่นสภาพครบสมบูรณ์\",\"Seq\":12,\"Status\":null,\"Remark\":null,\"CreatedBy\":5269,\"CreatedDate\":\"2019-06-14T14:11:29.850+07:00\",\"ModifiedBy\":5269,\"ModifiedDate\":\"2019-06-14T14:11:29.850+07:00\",\"DeletedBy\":null,\"DeletedDate\":null,\"RefID\":null,\"HelpMStorageServerId\":null,\"HelpMFilePath\":null,\"HelpMMineType\":null,\"HelpMFileLength\":null,\"HelpMUpdateDate\":null,\"UDetailID\":0,\"UnitID\":62750,\"UPhaseID\":0,\"UHeaderID\":0,\"DetailVersionID\":null,\"SEPass\":\"Y\",\"SEScore\":null,\"SEDate\":\"2019-06-14T14:11:29.849+07:00\",\"QAPass\":null,\"QAScore\":0,\"QADate\":null,\"RowClientId\":\"U62750UDT69759-Y-9a888232-20190614141129\",\"RowState\":\"AddNew\",\"RowVersion\":0,\"RowSyncDate\":\"2019-06-19T13:20:16.676+07:00\",\"CreateDeviceId\":\"9a88823200373fe2\",\"CreateUserId\":5269,\"ModifiedDeviceId\":\"9a88823200373fe2\",\"ModifiedUserId\":5269,\"IsMandatoryCapture\":null,\"IsMandatoryPDF\":null,\"IsApproveLock\":null,\"DetailDesc\":null,\"DetailDescId\":null,\"ModelID\":247,\"ProjectID\":205,\"UPhase_RowClientId\":\"U62750P1237-T-9a888232-20190614140344\",\"UHeader_RowClientId\":\"U62750UHD16350-T-9a888232-20190614140352\"},{\"DetailID\":69760,\"VersionNumber\":1,\"HeaderID\":16350,\"ScoreID\":0,\"SubjectID\":null,\"GroupName\":\"4\",\"DetailName\":\"13มีเสาส่งหัวเข็มยาวอย่างน้อย 2.5 m\",\"Seq\":13,\"Status\":null,\"Remark\":null,\"CreatedBy\":5269,\"CreatedDate\":\"2019-06-14T14:11:29.869+07:00\",\"ModifiedBy\":5269,\"ModifiedDate\":\"2019-06-14T14:11:29.870+07:00\",\"DeletedBy\":null,\"DeletedDate\":null,\"RefID\":null,\"HelpMStorageServerId\":null,\"HelpMFilePath\":null,\"HelpMMineType\":null,\"HelpMFileLength\":null,\"HelpMUpdateDate\":null,\"UDetailID\":0,\"UnitID\":62750,\"UPhaseID\":0,\"UHeaderID\":0,\"DetailVersionID\":null,\"SEPass\":\"Y\",\"SEScore\":null,\"SEDate\":\"2019-06-14T14:11:29.868+07:00\",\"QAPass\":null,\"QAScore\":0,\"QADate\":null,\"RowClientId\":\"U62750UDT69760-Y-9a888232-20190614141129\",\"RowState\":\"AddNew\",\"RowVersion\":0,\"RowSyncDate\":\"2019-06-19T13:20:16.676+07:00\",\"CreateDeviceId\":\"9a88823200373fe2\",\"CreateUserId\":5269,\"ModifiedDeviceId\":\"9a88823200373fe2\",\"ModifiedUserId\":5269,\"IsMandatoryCapture\":null,\"IsMandatoryPDF\":null,\"IsApproveLock\":null,\"DetailDesc\":null,\"DetailDescId\":null,\"ModelID\":247,\"ProjectID\":205,\"UPhase_RowClientId\":\"U62750P1237-T-9a888232-20190614140344\",\"UHeader_RowClientId\":\"U62750UHD16350-T-9a888232-20190614140352\"},{\"DetailID\":69761,\"VersionNumber\":1,\"HeaderID\":16350,\"ScoreID\":0,\"SubjectID\":null,\"GroupName\":\"4\",\"DetailName\":\"14มีตู้เชื่อม,ลวดเชื่อม,ฐานตรวจดิ่งเพียงพอใช้งาน\",\"Seq\":14,\"Status\":null,\"Remark\":null,\"CreatedBy\":5269,\"CreatedDate\":\"2019-06-14T14:11:29.890+07:00\",\"ModifiedBy\":5269,\"ModifiedDate\":\"2019-06-14T14:11:29.890+07:00\",\"DeletedBy\":null,\"DeletedDate\":null,\"RefID\":null,\"HelpMStorageServerId\":null,\"HelpMFilePath\":null,\"HelpMMineType\":null,\"HelpMFileLength\":null,\"HelpMUpdateDate\":null,\"UDetailID\":0,\"UnitID\":62750,\"UPhaseID\":0,\"UHeaderID\":0,\"DetailVersionID\":null,\"SEPass\":\"Y\",\"SEScore\":null,\"SEDate\":\"2019-06-14T14:11:29.888+07:00\",\"QAPass\":null,\"QAScore\":0,\"QADate\":null,\"RowClientId\":\"U62750UDT69761-Y-9a888232-20190614141129\",\"RowState\":\"AddNew\",\"RowVersion\":0,\"RowSyncDate\":\"2019-06-19T13:20:16.676+07:00\",\"CreateDeviceId\":\"9a88823200373fe2\",\"CreateUserId\":5269,\"ModifiedDeviceId\":\"9a88823200373fe2\",\"ModifiedUserId\":5269,\"IsMandatoryCapture\":null,\"IsMandatoryPDF\":null,\"IsApproveLock\":null,\"DetailDesc\":null,\"DetailDescId\":null,\"ModelID\":247,\"ProjectID\":205,\"UPhase_RowClientId\":\"U62750P1237-T-9a888232-20190614140344\",\"UHeader_RowClientId\":\"U62750UHD16350-T-9a888232-20190614140352\"},{\"DetailID\":69762,\"VersionNumber\":1,\"HeaderID\":16350,\"ScoreID\":0,\"SubjectID\":null,\"GroupName\":\"4\",\"DetailName\":\"15มีรายการคำนวณ Blow count,ระยะยกและน้ำหนักตุ้ม\",\"Seq\":15,\"Status\":null,\"Remark\":null,\"CreatedBy\":5269,\"CreatedDate\":\"2019-06-14T14:11:29.910+07:00\",\"ModifiedBy\":5269,\"ModifiedDate\":\"2019-06-14T14:11:29.910+07:00\",\"DeletedBy\":null,\"DeletedDate\":null,\"RefID\":null,\"HelpMStorageServerId\":null,\"HelpMFilePath\":null,\"HelpMMineType\":null,\"HelpMFileLength\":null,\"HelpMUpdateDate\":null,\"UDetailID\":0,\"UnitID\":62750,\"UPhaseID\":0,\"UHeaderID\":0,\"DetailVersionID\":null,\"SEPass\":\"Y\",\"SEScore\":null,\"SEDate\":\"2019-06-14T14:11:29.908+07:00\",\"QAPass\":null,\"QAScore\":0,\"QADate\":null,\"RowClientId\":\"U62750UDT69762-Y-9a888232-20190614141129\",\"RowState\":\"AddNew\",\"RowVersion\":0,\"RowSyncDate\":\"2019-06-19T13:20:16.676+07:00\",\"CreateDeviceId\":\"9a88823200373fe2\",\"CreateUserId\":5269,\"ModifiedDeviceId\":\"9a88823200373fe2\",\"ModifiedUserId\":5269,\"IsMandatoryCapture\":null,\"IsMandatoryPDF\":null,\"IsApproveLock\":null,\"DetailDesc\":null,\"DetailDescId\":null,\"ModelID\":247,\"ProjectID\":205,\"UPhase_RowClientId\":\"U62750P1237-T-9a888232-20190614140344\",\"UHeader_RowClientId\":\"U62750UHD16350-T-9a888232-20190614140352\"},{\"DetailID\":69763,\"VersionNumber\":1,\"HeaderID\":16350,\"ScoreID\":0,\"SubjectID\":null,\"GroupName\":\"5\",\"DetailName\":\"16ตำแหน่งหมุดพ่นสีแยกตามขนาดเข็มถูกต้องแข็งแรง\",\"Seq\":16,\"Status\":null,\"Remark\":null,\"CreatedBy\":5269,\"CreatedDate\":\"2019-06-14T14:11:29.932+07:00\",\"ModifiedBy\":5269,\"ModifiedDate\":\"2019-06-14T14:11:29.932+07:00\",\"DeletedBy\":null,\"DeletedDate\":null,\"RefID\":null,\"HelpMStorageServerId\":null,\"HelpMFilePath\":null,\"HelpMMineType\":null,\"HelpMFileLength\":null,\"HelpMUpdateDate\":null,\"UDetailID\":0,\"UnitID\":62750,\"UPhaseID\":0,\"UHeaderID\":0,\"DetailVersionID\":null,\"SEPass\":\"Y\",\"SEScore\":null,\"SEDate\":\"2019-06-14T14:11:29.930+07:00\",\"QAPass\":null,\"QAScore\":0,\"QADate\":null,\"RowClientId\":\"U62750UDT69763-Y-9a888232-20190614141129\",\"RowState\":\"AddNew\",\"RowVersion\":0,\"RowSyncDate\":\"2019-06-19T13:20:16.676+07:00\",\"CreateDeviceId\":\"9a88823200373fe2\",\"CreateUserId\":5269,\"ModifiedDeviceId\":\"9a88823200373fe2\",\"ModifiedUserId\":5269,\"IsMandatoryCapture\":null,\"IsMandatoryPDF\":null,\"IsApproveLock\":null,\"DetailDesc\":null,\"DetailDescId\":null,\"ModelID\":247,\"ProjectID\":205,\"UPhase_RowClientId\":\"U62750P1237-T-9a888232-20190614140344\",\"UHeader_RowClientId\":\"U62750UHD16350-T-9a888232-20190614140352\"},{\"DetailID\":69682,\"VersionNumber\":1,\"HeaderID\":16363,\"ScoreID\":0,\"SubjectID\":null,\"GroupName\":\"1\",\"DetailName\":\"1ติดตั้งไม้ค้ำยันแข็งแรงแน่นหนา\",\"Seq\":1,\"Status\":null,\"Remark\":null,\"CreatedBy\":5269,\"CreatedDate\":\"2019-06-19T12:16:48.015+07:00\",\"ModifiedBy\":5269,\"ModifiedDate\":\"2019-06-19T12:16:48.015+07:00\",\"DeletedBy\":null,\"DeletedDate\":null,\"RefID\":null,\"HelpMStorageServerId\":null,\"HelpMFilePath\":null,\"HelpMMineType\":null,\"HelpMFileLength\":null,\"HelpMUpdateDate\":null,\"UDetailID\":0,\"UnitID\":62750,\"UPhaseID\":0,\"UHeaderID\":0,\"DetailVersionID\":null,\"SEPass\":\"N\",\"SEScore\":null,\"SEDate\":\"2019-06-19T12:16:48.013+07:00\",\"QAPass\":null,\"QAScore\":0,\"QADate\":null,\"RowClientId\":\"U62750UDT69682-N-9a888232-20190619121609\",\"RowState\":\"AddNew\",\"RowVersion\":0,\"RowSyncDate\":\"2019-06-19T13:20:16.676+07:00\",\"CreateDeviceId\":\"9a88823200373fe2\",\"CreateUserId\":5269,\"ModifiedDeviceId\":\"9a88823200373fe2\",\"ModifiedUserId\":5269,\"IsMandatoryCapture\":null,\"IsMandatoryPDF\":null,\"IsApproveLock\":null,\"DetailDesc\":null,\"DetailDescId\":null,\"ModelID\":247,\"ProjectID\":205,\"UPhase_RowClientId\":\"U62750P1239-T-9a888232-20190614140344\",\"UHeader_RowClientId\":\"U62750UHD16363-T-9a888232-20190619121554\"}]",
      "UFADefectDetails" : null,
      "UFADetails" : null,
      "UFAHeaders" : null,
      "UFAPhases" : null,
      "UFAZones" : null,
      "UHeaders" : "[{\"ModelID\":247,\"ModelCode\":null,\"ModelName\":\"[2016]_BG1_SH2_City_Centro_Flab Slab\",\"ModelType\":\"U\",\"ModelTypeName\":\"บ้าน\",\"PhaseID\":1237,\"PhaseName\":\"00\",\"PhaseSeq\":0,\"PhaseType\":\"1\",\"Progress\":\"0.00\",\"HeaderID\":16350,\"HeaderVersionNumber\":16,\"HeaderName\":\"แบบฟอร์มขออนุมัติตอกเสาเข็ม (REQ01)\",\"HeaderType\":\"REQ\",\"HeaderSeq\":1,\"ForSe\":true,\"ForQA\":false,\"HeaderRemark\":null,\"AreaID\":0,\"AreaName\":\"\",\"CreatedBy\":5269,\"CreatedByName\":\"นางสาวอาวีศรี แจ่มศิริ\",\"CreatedDate\":\"2019-06-18T09:45:12.223+07:00\",\"ModifiedBy\":5269,\"ModifiedByName\":\"นางสาวอาวีศรี แจ่มศิริ\",\"ModifiedDate\":\"2019-06-18T09:45:12.223+07:00\",\"DeletedBy\":null,\"DeletedDate\":null,\"UHeaderID\":0,\"SEComplete\":\"Y\",\"QAComplete\":null,\"UFHeaderID\":0,\"RowClientId\":\"U62750UHD16350-T-9a888232-20190614140352\",\"RowState\":\"AddNew\",\"IsNewModelChange\":null,\"IsMandatoryCapture\":\"N\",\"UnitID\":62750,\"ProjectID\":205,\"UPhase_RowClientId\":\"U62750P1237-T-9a888232-20190614140344\",\"RowSyncDate\":\"2019-06-19T13:20:16.676+07:00\",\"CreateDeviceId\":\"9a88823200373fe2\",\"CreateUserId\":5269,\"ModifiedDeviceId\":\"9a88823200373fe2\",\"ModifiedUserId\":5269},{\"ModelID\":247,\"ModelCode\":null,\"ModelName\":\"[2016]_BG1_SH2_City_Centro_Flab Slab\",\"ModelType\":\"U\",\"ModelTypeName\":\"บ้าน\",\"PhaseID\":1239,\"PhaseName\":\"02\",\"PhaseSeq\":2,\"PhaseType\":\"2\",\"Progress\":\"8.00\",\"HeaderID\":16363,\"HeaderVersionNumber\":7,\"HeaderName\":\"แบบฟอร์มขออนุมัติเทคอนกรีต  คสล.คานชั้น 2 (REQ08)\",\"HeaderType\":\"REQ\",\"HeaderSeq\":1,\"ForSe\":true,\"ForQA\":false,\"HeaderRemark\":null,\"AreaID\":0,\"AreaName\":\"\",\"CreatedBy\":5269,\"CreatedByName\":\"นางสาวอาวีศรี แจ่มศิริ\",\"CreatedDate\":\"2019-06-19T12:16:48.017+07:00\",\"ModifiedBy\":5269,\"ModifiedByName\":\"นางสาวอาวีศรี แจ่มศิริ\",\"ModifiedDate\":\"2019-06-19T12:16:48.017+07:00\",\"DeletedBy\":null,\"DeletedDate\":null,\"UHeaderID\":0,\"SEComplete\":\"Y\",\"QAComplete\":null,\"UFHeaderID\":0,\"RowClientId\":\"U62750UHD16363-T-9a888232-20190619121554\",\"RowState\":\"AddNew\",\"IsNewModelChange\":null,\"IsMandatoryCapture\":\"N\",\"UnitID\":62750,\"ProjectID\":205,\"UPhase_RowClientId\":\"U62750P1239-T-9a888232-20190614140344\",\"RowSyncDate\":\"2019-06-19T13:20:16.676+07:00\",\"CreateDeviceId\":\"9a88823200373fe2\",\"CreateUserId\":5269,\"ModifiedDeviceId\":\"9a88823200373fe2\",\"ModifiedUserId\":5269}]",
      "UPhases" : "[{\"Complete\":null,\"IsEndProduct\":false,\"IsReq\":null,\"JobPending\":0,\"ProcessNo\":0,\"QAComplete\":null,\"RowState\":\"AddNew\",\"RowSyncDate\":\"2019-06-19T13:20:16.676+07:00\",\"SEComplete\":\"Y\",\"Seleted\":false,\"UFPhaseID\":0,\"UPhaseID\":0,\"CreatedBy\":5269,\"CreatedByName\":\"นางสาวอาวีศรี แจ่มศิริ\",\"CreatedDate\":\"2019-06-18T09:45:12.224+07:00\",\"DeletedBy\":null,\"DeletedDate\":null,\"ModelCode\":null,\"ModelID\":247,\"ModelName\":\"[2016]_BG1_SH2_City_Centro_Flab Slab\",\"ModelType\":\"U\",\"ModelTypeName\":\"บ้าน\",\"ModifiedBy\":5269,\"ModifiedByName\":\"นางสาวอาวีศรี แจ่มศิริ\",\"ModifiedDate\":\"2019-06-18T09:45:12.225+07:00\",\"PhaseID\":1237,\"PhaseName\":\"00\",\"PhaseSeq\":0,\"PhaseType\":\"1\",\"Progress\":0,\"UseOnFinish\":null,\"UseOnFinishProgress\":null,\"UseOnStartProgress\":null,\"UnitID\":62750,\"ProjectID\":205,\"RowClientId\":\"U62750P1237-T-9a888232-20190614140344\",\"CreateDeviceId\":\"9a88823200373fe2\",\"CreateUserId\":5269,\"ModifiedDeviceId\":\"9a88823200373fe2\",\"ModifiedUserId\":5269,\"SE\":5269,\"SECompleteDate\":\"2019-06-18T09:45:12.257+07:00\",\"StartDate\":\"2019-06-14T14:03:52.170+07:00\",\"OfflineDetailIDs\":null,\"OfflineDetailCount\":0},{\"Complete\":null,\"IsEndProduct\":false,\"IsReq\":null,\"JobPending\":0,\"ProcessNo\":0,\"QAComplete\":null,\"RowState\":\"AddNew\",\"RowSyncDate\":\"2019-06-19T13:20:16.676+07:00\",\"SEComplete\":\"N\",\"Seleted\":false,\"UFPhaseID\":0,\"UPhaseID\":0,\"CreatedBy\":5269,\"CreatedByName\":\"นางสาวอาวีศรี แจ่มศิริ\",\"CreatedDate\":\"2019-06-19T12:16:48.018+07:00\",\"DeletedBy\":null,\"DeletedDate\":null,\"ModelCode\":null,\"ModelID\":247,\"ModelName\":\"[2016]_BG1_SH2_City_Centro_Flab Slab\",\"ModelType\":\"U\",\"ModelTypeName\":\"บ้าน\",\"ModifiedBy\":5269,\"ModifiedByName\":\"นางสาวอาวีศรี แจ่มศิริ\",\"ModifiedDate\":\"2019-06-19T12:16:48.018+07:00\",\"PhaseID\":1239,\"PhaseName\":\"02\",\"PhaseSeq\":2,\"PhaseType\":\"2\",\"Progress\":8,\"UseOnFinish\":null,\"UseOnFinishProgress\":null,\"UseOnStartProgress\":null,\"UnitID\":62750,\"ProjectID\":205,\"RowClientId\":\"U62750P1239-T-9a888232-20190614140344\",\"CreateDeviceId\":\"9a88823200373fe2\",\"CreateUserId\":5269,\"ModifiedDeviceId\":\"9a88823200373fe2\",\"ModifiedUserId\":5269,\"SE\":5269,\"SECompleteDate\":null,\"StartDate\":\"2019-06-19T12:15:54.597+07:00\",\"OfflineDetailIDs\":null,\"OfflineDetailCount\":0}]",
      "UPlanPointImages" : "[{\"UPlanPointImageID\":0,\"UnitID\":62750,\"UnitPublicAreaID\":null,\"ProjectID\":205,\"FloorID\":null,\"TowerID\":null,\"CategoryID\":null,\"ImageID\":\"img-plan-46f1651e-20190614135721\",\"PointGroupClientId\":\"205.62750.247.1239.16363.69682\",\"Point_Scale\":1.0,\"Point_X\":424.0,\"Point_Y\":347.0,\"Point_Name\":\"1\",\"Point_Desc\":\"test\",\"Point_Status\":null,\"CreatedDate\":\"2019-06-19T12:16:47.948+07:00\",\"ModifiedDate\":\"2019-06-19T12:16:47.949+07:00\",\"DeletedDate\":null,\"RowClientId\":\"U62750PIN-0-9a888232-20190619121647\",\"CreateDeviceId\":\"9a88823200373fe2\",\"ModifiedDeviceId\":\"9a88823200373fe2\",\"RowState\":\"AddNew\",\"ModifiedBy\":5269,\"UPhase_RowClientId\":\"U62750P1239-T-9a888232-20190614140344\",\"UDetail_RowClientId\":\"U62750UDT69682-N-9a888232-20190619121609\",\"UDefectDetail_RowClientId\":null,\"ModifiedUserId\":5269,\"PlanPointGroupTypeID\":2,\"PhaseID\":1239,\"PointPositionNo\":0,\"RowSyncDate\":\"2019-06-19T13:20:16.756+07:00\",\"RowVersion\":0,\"IsActive\":true,\"UDefectDetailID\":0,\"UDetailID\":0,\"UnitPublicAreaID\":null,\"UFADetailID\":0,\"UFADefectDetailID\":0,\"UFAPhase_RowClientId\":null,\"UFADetail_RowClientId\":null,\"UFADefectDetail_RowClientId\":null}]",
      "UnitID" : 62750,
      "UnitNumber" : "",
      "UnitPublicAreaID" : 0,
      "UnitWBS" : ""
    } ],
    "RESOURCES" : [ {
      "ModelId" : 247,
      "ClientDataType" : 0,
      "UDefectDetailID" : 0,
      "UDefectDetail_RowClientId" : null,
      "IsActive" : true,
      "CreateDeviceId" : "9a88823200373fe2",
      "CreateUserId" : 5269,
      "CreatedDate" : "2019-06-18T11:17:32.320+07:00",
      "Description" : "",
      "DetailId" : 69748,
      "FileLength" : 1712074,
      "FilePath" : "/storage/emulated/0/Android/data/com.apthai.qis/files/ImagePlanUnit/IMG-PLAN-9a888232-20190618111732.jpg",
      "HeaderId" : 16350,
      "ModifiedDate" : "2019-06-18T11:17:32.320+07:00",
      "ModifiedDeviceId" : "9a88823200373fe2",
      "ModifiedUserId" : 5269,
      "PhaseId" : 1237,
      "ProjectID" : 205,
      "RemoteUrlPath" : null,
      "ResourceGroupOrder" : 0,
      "ResourceGroupSet" : "",
      "ResourceId" : 0,
      "ResourceMineType" : "image/jpeg",
      "ResourceTagCode" : "U-SE",
      "ResourceTagSubCode" : "D",
      "ResourceType" : 100,
      "RowClientId" : "U62750TR1.1-N-9a888232-20190618111732",
      "RowState" : "AddNew",
      "RowSyncDate" : "2019-06-19T13:20:16.762+07:00",
      "RowVersion" : 0,
      "StorageServerId" : null,
      "Tag" : null,
      "TagState" : null,
      "UDetailId" : 0,
      "UDetail_RowClientId" : "U62750UDT69748-Y-9a888232-20190618094512",
      "UFADefectDetailID" : 0,
      "UFADefectDetail_RowClientId" : null,
      "UFADetailId" : 0,
      "UFADetail_RowClientId" : null,
      "UFAHeaderId" : 0,
      "UFAHeader_RowClientId" : null,
      "UFAPhaseId" : 0,
      "UFAPhase_RowClientId" : null,
      "UFDetailId" : 0,
      "UFDetail_RowClientId" : "",
      "UFHeaderId" : 0,
      "UFHeader_RowClientId" : "",
      "UFPhaseId" : 0,
      "UFPhase_RowClientId" : "",
      "UHeaderId" : 0,
      "UHeader_RowClientId" : "U62750UHD16350-T-9a888232-20190614140352",
      "UPhaseId" : 0,
      "UPhase_RowClientId" : "U62750P1237-T-9a888232-20190614140344",
      "UPlanPointImageID" : 0,
      "UPlanPointImage_RowClientId" : "IMG-PLAN-9a888232-20190618111732",
      "UnitId" : 62750,
      "UnitPublicAreaId" : 0
    }, {
      "ModelId" : 247,
      "ClientDataType" : 0,
      "UDefectDetailID" : 0,
      "UDefectDetail_RowClientId" : null,
      "IsActive" : true,
      "CreateDeviceId" : "9a88823200373fe2",
      "CreateUserId" : 5269,
      "CreatedDate" : "2019-06-18T11:27:45.569+07:00",
      "Description" : "",
      "DetailId" : 69748,
      "FileLength" : 1629938,
      "FilePath" : "/storage/emulated/0/Android/data/com.apthai.qis/files/ImagePlanUnit/IMG-PLAN-9a888232-20190618112745.jpg",
      "HeaderId" : 16350,
      "ModifiedDate" : "2019-06-18T11:27:45.569+07:00",
      "ModifiedDeviceId" : "9a88823200373fe2",
      "ModifiedUserId" : 5269,
      "PhaseId" : 1237,
      "ProjectID" : 205,
      "RemoteUrlPath" : null,
      "ResourceGroupOrder" : 0,
      "ResourceGroupSet" : "",
      "ResourceId" : 0,
      "ResourceMineType" : "image/jpeg",
      "ResourceTagCode" : "U-SE",
      "ResourceTagSubCode" : "D",
      "ResourceType" : 100,
      "RowClientId" : "U62750TR1.1-N-9a888232-20190618112745",
      "RowState" : "AddNew",
      "RowSyncDate" : "2019-06-19T13:20:16.767+07:00",
      "RowVersion" : 0,
      "StorageServerId" : null,
      "Tag" : null,
      "TagState" : null,
      "UDetailId" : 0,
      "UDetail_RowClientId" : "U62750UDT69748-Y-9a888232-20190618094512",
      "UFADefectDetailID" : 0,
      "UFADefectDetail_RowClientId" : null,
      "UFADetailId" : 0,
      "UFADetail_RowClientId" : null,
      "UFAHeaderId" : 0,
      "UFAHeader_RowClientId" : null,
      "UFAPhaseId" : 0,
      "UFAPhase_RowClientId" : null,
      "UFDetailId" : 0,
      "UFDetail_RowClientId" : "",
      "UFHeaderId" : 0,
      "UFHeader_RowClientId" : "",
      "UFPhaseId" : 0,
      "UFPhase_RowClientId" : "",
      "UHeaderId" : 0,
      "UHeader_RowClientId" : "U62750UHD16350-T-9a888232-20190614140352",
      "UPhaseId" : 0,
      "UPhase_RowClientId" : "U62750P1237-T-9a888232-20190614140344",
      "UPlanPointImageID" : 0,
      "UPlanPointImage_RowClientId" : "IMG-PLAN-9a888232-20190618112745",
      "UnitId" : 62750,
      "UnitPublicAreaId" : 0
    }, {
      "ModelId" : 247,
      "ClientDataType" : 2,
      "UDefectDetailID" : 0,
      "UDefectDetail_RowClientId" : null,
      "IsActive" : true,
      "CreateDeviceId" : "9a88823200373fe2",
      "CreateUserId" : 5269,
      "CreatedDate" : "2019-06-19T12:16:47.963+07:00",
      "Description" : "",
      "DetailId" : 69682,
      "FileLength" : 75383,
      "FilePath" : "P_205/U_62750/Camera_9a88823200373fe2_20190619121644.jpg",
      "HeaderId" : 16363,
      "ModifiedDate" : "2019-06-19T12:16:47.963+07:00",
      "ModifiedDeviceId" : "9a88823200373fe2",
      "ModifiedUserId" : 5269,
      "PhaseId" : 1239,
      "ProjectID" : 205,
      "RemoteUrlPath" : null,
      "ResourceGroupOrder" : 0,
      "ResourceGroupSet" : "",
      "ResourceId" : 0,
      "ResourceMineType" : "image/jpeg",
      "ResourceTagCode" : "U-SE",
      "ResourceTagSubCode" : "D",
      "ResourceType" : 100,
      "RowClientId" : "U62750TR0.0-N-9a888232-20190619121647",
      "RowState" : "AddNew",
      "RowSyncDate" : "2019-06-19T13:20:16.768+07:00",
      "RowVersion" : 0,
      "StorageServerId" : null,
      "Tag" : null,
      "TagState" : null,
      "UDetailId" : 0,
      "UDetail_RowClientId" : "U62750UDT69682-N-9a888232-20190619121609",
      "UFADefectDetailID" : 0,
      "UFADefectDetail_RowClientId" : null,
      "UFADetailId" : 0,
      "UFADetail_RowClientId" : null,
      "UFAHeaderId" : 0,
      "UFAHeader_RowClientId" : null,
      "UFAPhaseId" : 0,
      "UFAPhase_RowClientId" : null,
      "UFDetailId" : 0,
      "UFDetail_RowClientId" : "",
      "UFHeaderId" : 0,
      "UFHeader_RowClientId" : "",
      "UFPhaseId" : 0,
      "UFPhase_RowClientId" : "",
      "UHeaderId" : 0,
      "UHeader_RowClientId" : "U62750UHD16363-T-9a888232-20190619121554",
      "UPhaseId" : 0,
      "UPhase_RowClientId" : "U62750P1239-T-9a888232-20190614140344",
      "UPlanPointImageID" : 0,
      "UPlanPointImage_RowClientId" : "U62750PIN-0-9a888232-20190619121647",
      "UnitId" : 62750,
      "UnitPublicAreaId" : 0
    } ],
    "DETAILS_FA" : null
  } ]
}