{
  "SessionId" : "cc0ed681-e8dd-4ee5-9b28-754a4db62443",
  "SessionDate" : "2018-11-19T15:38:13.908+07:00",
  "ClientDeviceId" : "9a88823200373fe2",
  "ClientUserId" : "100005",
  "ClientName" : "APCMIS",
  "ClientVersion" : "1.0.0.0",
  "SessionDataType" : "CmisUnitAndPublicData",
  "SessionUserRole" : "SE",
  "SessionDataPath" : "4",
  "Data" : [ {
    "HEADER" : {
      "BU" : "3",
      "JsonData" : "{\n  \"ProjectID\" : 4,\n  \"ProjectCode\" : \"M/001\",\n  \"ProjectName\" : \"Aspire สาทร-ราชพฤกษ์\",\n  \"ProjectCRMCode\" : \"60025\",\n  \"ProjectType\" : \"\",\n  \"Plant\" : null,\n  \"Status\" : \"Active\",\n  \"PM\" : 1861,\n  \"BU\" : \"3\",\n  \"RefID\" : 60009,\n  \"CreatedDate\" : \"2017-11-09T10:13:31.57\",\n  \"ModifiedDate\" : \"2018-02-12T16:29:07.567\",\n  \"DeletedDate\" : null,\n  \"ProjectFullName\" : \"M/001 - Aspire สาทร-ราชพฤกษ์\",\n  \"ProjectCRMFullName\" : \"60025\",\n  \"BUName\" : \"BG 3\",\n  \"StatusName\" : \"อยู่ระหว่างก่อสร้าง\",\n  \"PMCode\" : \"กิตติกูล\",\n  \"PMName\" : \"นายกิตติกูล รักดี\",\n  \"CanRedeem\" : null,\n  \"SERedeem\" : null,\n  \"QARedeem\" : null,\n  \"RedeemModelID\" : null,\n  \"SurveyModelID\" : null,\n  \"CanRedeemName\" : \"ยังไม่ตรวจ Pre ไถ่ถอน\",\n  \"SERedeemName\" : null,\n  \"QARedeemName\" : null,\n  \"RedeemModelName\" : null,\n  \"SurveyModelName\" : null,\n  \"CanSurvey\" : true,\n  \"QASurvey\" : 7226\n}",
      "ProjectCode" : "M/001",
      "ProjectID" : 4,
      "ProjectName" : "Aspire สาทร-ราชพฤกษ์",
      "ProjectType" : ""
    },
    "DETAILS" : [ {
      "DataOwnerUserId" : 100005,
      "LastSyncDate" : "2018-11-19T15:38:13.892+07:00",
      "LastSyncUserId" : 100005,
      "MaxDetailID" : 1911,
      "MaxHeaderID" : 138,
      "MaxPhaseID" : 43,
      "ModelID" : 7,
      "ModelName" : "",
      "ModelUnitDataId" : "28116.7_UID100005",
      "ModifiedDate" : "2018-11-19T15:38:13.892+07:00",
      "ModifiedUserId" : 0,
      "ProjectID" : 4,
      "ProjectName" : "",
      "RowState" : "Modified",
      "UDefectDetails" : "[]",
      "UDetails" : "[{\"DetailID\":607,\"VersionNumber\":2,\"HeaderID\":106,\"ScoreID\":0,\"SubjectID\":null,\"GroupName\":\"\",\"DetailName\":\"ความเรียบร้อย, ความพร้อมของพื้นที่ งานโครงสร้าง และงานระบบ\",\"Seq\":18,\"Status\":null,\"Remark\":null,\"CreatedBy\":100005,\"CreatedDate\":\"2018-11-19T15:38:08.089+07:00\",\"ModifiedBy\":100005,\"ModifiedDate\":\"2018-11-19T15:38:08.089+07:00\",\"DeletedBy\":null,\"DeletedDate\":null,\"RefID\":null,\"HelpMStorageServerId\":null,\"HelpMFilePath\":null,\"HelpMMineType\":null,\"HelpMFileLength\":null,\"HelpMUpdateDate\":null,\"UDetailID\":0,\"UnitID\":28116,\"UPhaseID\":0,\"UHeaderID\":0,\"DetailVersionID\":null,\"SEPass\":\"Y\",\"SEScore\":null,\"SEDate\":\"2018-11-19T15:38:08.088+07:00\",\"QAPass\":null,\"QAScore\":0,\"QADate\":null,\"RowClientId\":\"U28116UDT607-Y-9a888232-20181119153808\",\"RowState\":\"AddNew\",\"RowVersion\":0,\"RowSyncDate\":\"2018-11-19T15:38:13.872+07:00\",\"CreateDeviceId\":\"9a88823200373fe2\",\"CreateUserId\":100005,\"ModifiedDeviceId\":\"9a88823200373fe2\",\"ModifiedUserId\":100005,\"IsMandatoryCapture\":\"N\",\"IsMandatoryPDF\":\"N\",\"IsApproveLock\":null,\"DetailDesc\":null,\"DetailDescId\":null,\"ModelID\":7,\"ProjectID\":4,\"UPhase_RowClientId\":\"U28116P33-T-9a888232-20181119110810\",\"UHeader_RowClientId\":\"U28116UHD106-T-9a888232-20181119153805\"}]",
      "UFADefectDetails" : null,
      "UFADetails" : null,
      "UFAHeaders" : null,
      "UFAPhases" : null,
      "UFAZones" : null,
      "UHeaders" : "[{\"ModelID\":7,\"ModelCode\":null,\"ModelName\":\"สถาปัตย์ Room Unit ห้องน้ำสำเร็จรูป\",\"ModelType\":\"U\",\"ModelTypeName\":\"ห้องชุด\",\"PhaseID\":33,\"PhaseName\":\"กันซึมระเบียง\",\"PhaseSeq\":2,\"PhaseType\":\"2\",\"Progress\":\"0.0\",\"HeaderID\":106,\"HeaderVersionNumber\":10,\"HeaderName\":\"Before start the work ก่อนการทำงาน\",\"HeaderType\":\"REQ\",\"HeaderSeq\":1,\"ForSe\":true,\"ForQA\":false,\"HeaderRemark\":null,\"AreaID\":0,\"AreaName\":\"\",\"CreatedBy\":100005,\"CreatedByName\":\"นายศุภพงศ์ จุลเลศ\",\"CreatedDate\":\"2018-11-19T15:38:08.091+07:00\",\"ModifiedBy\":100005,\"ModifiedByName\":\"นายศุภพงศ์ จุลเลศ\",\"ModifiedDate\":\"2018-11-19T15:38:08.091+07:00\",\"DeletedBy\":null,\"DeletedDate\":null,\"UHeaderID\":0,\"SEComplete\":\"N\",\"QAComplete\":null,\"UFHeaderID\":0,\"RowClientId\":\"U28116UHD106-T-9a888232-20181119153805\",\"RowState\":\"AddNew\",\"IsNewModelChange\":null,\"IsMandatoryCapture\":null,\"UnitID\":28116,\"ProjectID\":4,\"UPhase_RowClientId\":\"U28116P33-T-9a888232-20181119110810\",\"RowSyncDate\":\"2018-11-19T15:38:13.872+07:00\",\"CreateDeviceId\":\"9a88823200373fe2\",\"CreateUserId\":100005,\"ModifiedDeviceId\":\"9a88823200373fe2\",\"ModifiedUserId\":100005}]",
      "UPhases" : "[{\"Complete\":null,\"IsEndProduct\":false,\"IsReq\":null,\"JobPending\":0,\"ProcessNo\":0,\"QAComplete\":null,\"RowState\":\"AddNew\",\"RowSyncDate\":\"2018-11-19T15:38:13.872+07:00\",\"SEComplete\":\"N\",\"Seleted\":false,\"UFPhaseID\":0,\"UPhaseID\":0,\"CreatedBy\":100005,\"CreatedByName\":\"นายศุภพงศ์ จุลเลศ\",\"CreatedDate\":\"2018-11-19T15:38:08.091+07:00\",\"DeletedBy\":null,\"DeletedDate\":null,\"ModelCode\":null,\"ModelID\":7,\"ModelName\":\"สถาปัตย์ Room Unit ห้องน้ำสำเร็จรูป\",\"ModelType\":\"U\",\"ModelTypeName\":\"ห้องชุด\",\"ModifiedBy\":100005,\"ModifiedByName\":\"นายศุภพงศ์ จุลเลศ\",\"ModifiedDate\":\"2018-11-19T15:38:08.092+07:00\",\"PhaseID\":33,\"PhaseName\":\"กันซึมระเบียง\",\"PhaseSeq\":2,\"PhaseType\":\"2\",\"Progress\":0,\"UseOnFinish\":null,\"UseOnFinishProgress\":null,\"UseOnStartProgress\":null,\"UnitID\":28116,\"ProjectID\":4,\"RowClientId\":\"U28116P33-T-9a888232-20181119110810\",\"CreateDeviceId\":\"9a88823200373fe2\",\"CreateUserId\":100005,\"ModifiedDeviceId\":\"9a88823200373fe2\",\"ModifiedUserId\":100005,\"SE\":100005,\"SECompleteDate\":null,\"StartDate\":\"2018-11-19T15:38:08.092+07:00\",\"OfflineDetailIDs\":\"607,608,609,610,611,617,618,619,620,621,622,623,624,625\",\"OfflineDetailCount\":14}]",
      "UPlanPointImages" : "[]",
      "UnitID" : 28116,
      "UnitNumber" : "",
      "UnitPublicAreaID" : 0,
      "UnitWBS" : ""
    } ],
    "RESOURCES" : [ ],
    "DETAILS_FA" : null
  } ]
}