﻿{
  "SessionId": "ce890b8f-2e2f-4c3a-a95c-5ce0927e8f89",
  "SessionDate": "2018-08-04T15:25:20.84607+07:00",
  "ClientDeviceId": "A1SH83M00T9",
  "ClientUserId": "8328",
  "ClientName": "APQIS",
  "ClientVersion": "1.0.0.0",
  "SessionDataType": "QisUnitDataAndPO",
  "SessionUserRole": "SE",
  "SessionDataPath": "219",
  "Data": [
    {
      "HEADER": {
        "ProjectID": 219,
        "ProjectCode": "4/029",
        "ProjectName": "บ้านกลางเมือง THE EDITION พระราม9 - พัฒนาการ",
        "ProjectCRMCode": "40029",
        "JsonData": "{\"ProjectID\":219,\"ProjectCode\":\"4/029\",\"ProjectName\":\"บ้านกลางเมือง THE EDITION พระราม9 - พัฒนาการ\",\"ProjectCRMCode\":\"40029\",\"ProjectType\":null,\"Plant\":\"\",\"Status\":\"Active\",\"PM\":2236,\"BU\":\"2\",\"RefID\":null,\"CreatedDate\":null,\"ModifiedDate\":\"2018-04-11T16:41:21.267\",\"DeletedDate\":null,\"ProjectFullName\":\"4/029 - บ้านกลางเมือง THE EDITION พระราม9 - พัฒนาการ\",\"ProjectCRMFullName\":\"40029\",\"BUName\":\"BG 2\",\"StatusName\":\"อยู่ระหว่างก่อสร้าง\",\"PMCode\":\"AP002662\",\"PMName\":\"นายบัณฑิต คงสมคิด\",\"CanRedeem\":null,\"SERedeem\":null,\"QARedeem\":null,\"RedeemModelID\":161,\"SurveyModelID\":162,\"CanRedeemName\":\"ยังไม่ตรวจ Pre ไถ่ถอน\",\"SERedeemName\":null,\"QARedeemName\":null,\"RedeemModelName\":\"Pre ไถ่ถอน\",\"SurveyModelName\":\"Survey\",\"CanSurvey\":null,\"QASurvey\":null}",
        "BU": "2"
      },
      "DETAILS_PO": [
        {
          "UPK": "121058.8328",
          "POID": 121058,
          "DataOwnerUserId": 8328,
          "ProjectID": 219,
          "WBS": "4/029-AC-DD-002",
          "SE": 8328,
          "QA": 0,
          "POType": "F",
          "LastSyncDate": "2018-08-04T15:25:20.84607+07:00",
          "JsonData": "{\"POID\":121058,\"PONumber\":\"4046058078\",\"Item\":\"00010\",\"POType\":\"F\",\"ProjectID\":219,\"PhaseSeq\":33,\"Block\":\"4/029-AC-DD-002\",\"WBS\":\"4/029-AC-DD-002\",\"ItemDescription\":\"ค่าภูมิสถาปัตยกรรม\",\"MaterialNumber\":\"20114-400033\",\"MaterialText\":\"Softscape Model House (Sale + Twinhouse)\",\"FacilityCode\":\"DD\",\"VendorID\":718,\"Quantity\":1.0,\"SE\":8328,\"QA\":null,\"IsDelete\":\"N\",\"RefID\":66492,\"RowClientId\":null,\"RowState\":\"Modified\",\"RowVersion\":0,\"RowSyncDate\":null,\"CreateDeviceId\":null,\"CreateUserId\":null,\"ModifiedDeviceId\":\"A1SH83M00T9\",\"ModifiedUserId\":8328,\"CreatedDate\":\"2018-08-04T15:25:08.7298199+07:00\",\"ModifiedDate\":\"2018-08-04T15:25:08.7298199+07:00\",\"PhaseName\":\"33\",\"ProjectCode\":\"4/029\",\"ProjectName\":\"บ้านกลางเมือง THE EDITION พระราม9 - พัฒนาการ\",\"Plant\":\"\",\"PMCode\":\"AP002662\",\"PMName\":\"นายบัณฑิต คงสมคิด\",\"ConstructorID\":718,\"ConstructorCode\":\"0000101176\",\"ConstructorName\":\"บริษัท อัลไพน์กอล์ฟ แอนด์\",\"SECode\":\"AP004088\",\"SEName\":\"นายสหรัตน์ เดชะคุปต์\",\"QACode\":\"\",\"QAName\":\"\",\"PrevProgress\":0.05,\"PrevProgress_QAPassed\":0.55,\"PrevGRID\":145050,\"PrevGRID_QAPassed\":145049,\"NextSEProgress\":0.0,\"NextSEProgressDate\":\"2018-08-04T15:25:08.7248699+07:00\",\"NextQAApprove\":\"\",\"NextQAProgress\":0.0,\"NextQAProgressDate\":null,\"ProgressLog\":\"0.100,0.300,0.550,0.050\",\"ProgressLog_QAPassed\":\"0.100,0.300,0.550,0.050\",\"Progress\":0.05,\"Progress_QAPassed\":1.0,\"Complete\":\"N\",\"ProjectFullName\":\"4/029 - บ้านกลางเมือง THE EDITION พระราม9 - พัฒนาการ\",\"FacilityName\":\"Landscape AC-DD\",\"GRStepParallelValues\":\"\",\"FacilityPO\":{\"ProjectID\":219,\"POID\":121058,\"FacilityModelID\":171,\"MaterialCode\":\"20114-400033\",\"ModelID\":236,\"SendProgress1\":10.0,\"SendProgress2\":30.0,\"SendProgress3\":55.0,\"SendProgress4\":5.0,\"SendProgress5\":null},\"GRStepType\":\"S\",\"GRStepTypeList\":\"[{ \\\"GRID\\\":145047,\\\"Quantity\\\":\\\"0.100\\\",\\\"QAApprove\\\":\\\"P\\\",\\\"PMApprove\\\":\\\"N\\\"},{ \\\"GRID\\\":145048,\\\"Quantity\\\":\\\"0.300\\\",\\\"QAApprove\\\":\\\"Y\\\",\\\"PMApprove\\\":\\\"N\\\"},{ \\\"GRID\\\":145049,\\\"Quantity\\\":\\\"0.550\\\",\\\"QAApprove\\\":\\\"Y\\\",\\\"PMApprove\\\":\\\"N\\\"},{ \\\"GRID\\\":145050,\\\"Quantity\\\":\\\"0.050\\\",\\\"QAApprove\\\":\\\"N\\\",\\\"PMApprove\\\":\\\"N\\\"}]\",\"GRStepTypeListItems\":null}",
          "RowState": "Modified"
        }
      ],
      "DETAILS": [],
      "RESOURCES": [
        {
          "RowClientId": "Q$RES$P219$A1SH83M00T9$20180804152505597",
          "ResourceId": 0,
          "ResourceType": 110,
          "ResourceTagCode": "U-SE",
          "ResourceTagSubCode": "H",
          "ResourceGroupSet": "57f13ae6266641d2bc52c9e24ed740e7",
          "ResourceGroupOrder": 1,
          "ResourceMineType": "image/jpeg",
          "ProjectId": 219,
          "UnitId": 0,
          "FilePath": "P_219\\Camera\\Camera_A1SH83M00T9_20180804152505.jpg",
          "Description": "",
          "IsActive": true,
          "PhaseId": 0,
          "HeaderId": 15743,
          "DetailId": 0,
          "UHeader_RowClientId": "",
          "UDetail_RowClientId": "",
          "UFHeader_RowClientId": "Q$PH$219$A1SH83M00T9$20180804151423251",
          "UFDetail_RowClientId": "",
          "RowState": "AddNew",
          "RowSyncDate": "2018-08-04T15:25:20.84607+07:00",
          "FileLength": 17065,
          "CreateDeviceId": "A1SH83M00T9",
          "CreateUserId": 8328,
          "ModifiedDeviceId": "A1SH83M00T9",
          "ModifiedUserId": 8328,
          "CreatedDate": "2018-08-04T15:25:05",
          "ModifiedDate": "2018-08-04T15:25:05"
        },
        {
          "RowClientId": "Q$RES$P219$A1SH83M00T9$20180804152505617",
          "ResourceId": 0,
          "ResourceType": 110,
          "ResourceTagCode": "U-SE",
          "ResourceTagSubCode": "H",
          "ResourceGroupSet": "57f13ae6266641d2bc52c9e24ed740e7",
          "ResourceGroupOrder": 2,
          "ResourceMineType": "image/jpeg",
          "ProjectId": 219,
          "UnitId": 0,
          "FilePath": "P_219\\Camera\\Camera_A1SH83M00T9_20180804152504.jpg",
          "Description": "",
          "IsActive": true,
          "PhaseId": 0,
          "HeaderId": 15743,
          "DetailId": 0,
          "UHeader_RowClientId": "",
          "UDetail_RowClientId": "",
          "UFHeader_RowClientId": "Q$PH$219$A1SH83M00T9$20180804151423251",
          "UFDetail_RowClientId": "",
          "RowState": "AddNew",
          "RowSyncDate": "2018-08-04T15:25:20.84607+07:00",
          "FileLength": 17029,
          "CreateDeviceId": "A1SH83M00T9",
          "CreateUserId": 8328,
          "ModifiedDeviceId": "A1SH83M00T9",
          "ModifiedUserId": 8328,
          "CreatedDate": "2018-08-04T15:25:05",
          "ModifiedDate": "2018-08-04T15:25:05"
        }
      ],
      "DETAILS_PROJ": [
        {
          "MaxPhaseID": 1188,
          "MaxHeaderID": 15743,
          "MaxDetailID": 65672,
          "ModelProjectDataId": "219.F.236_UID8328_121058",
          "DataOwnerUserId": 8328,
          "ProjectID": 219,
          "ProjectName": "",
          "ModelID": 236,
          "ModelName": "",
          "UFFacility": "[{\"UFFacilityID\":6355,\"POID\":121058,\"ProjectID\":219,\"Quantity\":1.0,\"SE\":8328,\"SEComplete\":\"Y\",\"SECompleteDate\":\"2018-08-04T15:25:08.7258312+07:00\",\"QA\":7226,\"QAComplete\":null,\"QACompleteDate\":null,\"StartDate\":\"2018-08-04T14:18:50.873\",\"FinishDate\":null,\"IsReq\":true,\"FacilityType\":\"F\",\"Remark\":null,\"IsGRParallel\":false,\"GRParallelIndex\":null,\"GRParallelValue\":null,\"RowClientId\":\"Q$UFF$219$A1SH83M00T9$20180804141850874\",\"RowState\":\"Modified\",\"RowVersion\":8,\"RowSyncDate\":\"2018-08-04T15:25:20.84607+07:00\",\"IssueDocNo\":\"\",\"CreateDeviceId\":\"A1SH83M00T9\",\"CreateUserId\":8328,\"ModifiedDeviceId\":\"A1SH83M00T9\",\"ModifiedUserId\":8328,\"CreatedDate\":\"2018-08-04T14:18:50.873\",\"ModifiedDate\":\"2018-08-04T15:25:08.7258312+07:00\"}]",
          "UFPhases": "[{\"UFPhaseID\":13914,\"UFFacilityID\":6355,\"ProjectID\":219,\"PhaseID\":1188,\"ModelID\":236,\"SE\":8328,\"SEComplete\":\"Y\",\"SECompleteDate\":\"2018-08-04T15:25:08.7258312+07:00\",\"QA\":7226,\"QAComplete\":\"N\",\"QACompleteDate\":null,\"Complete\":\"N\",\"RowClientId\":\"Q$UFH$219$A1SH83M00T9$20180804151423251\",\"RowState\":\"Modified\",\"RowVersion\":3,\"RowSyncDate\":\"2018-08-04T15:25:20.84607+07:00\",\"CreateDeviceId\":\"A1SH83M00T9\",\"CreateUserId\":8328,\"ModifiedDeviceId\":\"A1SH83M00T9\",\"ModifiedUserId\":8328,\"CreatedDate\":\"2018-08-04T15:14:23.253\",\"ModifiedDate\":\"2018-08-04T15:25:08.7258312+07:00\"}]",
          "UFHeaders": "[{\"UFHeaderID\":14424,\"UFFacilityID\":6355,\"ProjectID\":219,\"UFPhaseID\":13914,\"HeaderVersionID\":76874,\"HeaderID\":15743,\"PhaseID\":1188,\"SEComplete\":\"Y\",\"QAComplete\":\"N\",\"RowClientId\":\"Q$PH$219$A1SH83M00T9$20180804151423251\",\"RowState\":\"Modified\",\"RowVersion\":3,\"RowSyncDate\":\"2018-08-04T15:25:20.84607+07:00\",\"CreateDeviceId\":\"A1SH83M00T9\",\"CreateUserId\":8328,\"ModifiedDeviceId\":\"A1SH83M00T9\",\"ModifiedUserId\":8328,\"CreatedDate\":\"2018-08-04T15:14:23.253\",\"ModifiedDate\":\"2018-08-04T15:25:08.7258312+07:00\",\"VersionNumber\":null}]",
          "UFDetails": "[{\"UFDetailID\":117222,\"UFFacilityID\":6355,\"ProjectID\":219,\"UFPhaseID\":13914,\"UFHeaderID\":14424,\"DetailVersionID\":99178,\"DetailID\":65667,\"SEPass\":\"Y\",\"SEScore\":null,\"SEDate\":\"2018-08-04T15:25:08.6733342+07:00\",\"QAPass\":\"N\",\"QAScore\":null,\"QADate\":\"2018-08-04T15:19:34.847\",\"RowClientId\":\"Q$PD$219$A1SH83M00T9$20180804151423252\",\"RowState\":\"Modified\",\"RowVersion\":2,\"RowSyncDate\":\"2018-08-04T15:25:20.84607+07:00\",\"CreateDeviceId\":\"A1SH83M00T9\",\"CreateUserId\":8328,\"ModifiedDeviceId\":\"A1SH83M00T9\",\"ModifiedUserId\":8328,\"CreatedDate\":\"2018-08-04T15:14:23.253\",\"ModifiedDate\":\"2018-08-04T15:25:08.6763261+07:00\",\"VersionNumber\":null,\"IsRequestQA\":null},{\"UFDetailID\":117223,\"UFFacilityID\":6355,\"ProjectID\":219,\"UFPhaseID\":13914,\"UFHeaderID\":14424,\"DetailVersionID\":99179,\"DetailID\":65668,\"SEPass\":\"Y\",\"SEScore\":null,\"SEDate\":\"2018-08-04T15:25:08.7062169+07:00\",\"QAPass\":\"N\",\"QAScore\":null,\"QADate\":\"2018-08-04T15:19:36.083\",\"RowClientId\":\"Q$PD$219$A1SH83M00T9$20180804151423298\",\"RowState\":\"Modified\",\"RowVersion\":2,\"RowSyncDate\":\"2018-08-04T15:25:20.84607+07:00\",\"CreateDeviceId\":\"A1SH83M00T9\",\"CreateUserId\":8328,\"ModifiedDeviceId\":\"A1SH83M00T9\",\"ModifiedUserId\":8328,\"CreatedDate\":\"2018-08-04T15:14:23.3\",\"ModifiedDate\":\"2018-08-04T15:25:08.7062169+07:00\",\"VersionNumber\":null,\"IsRequestQA\":null},{\"UFDetailID\":117224,\"UFFacilityID\":6355,\"ProjectID\":219,\"UFPhaseID\":13914,\"UFHeaderID\":14424,\"DetailVersionID\":99180,\"DetailID\":65669,\"SEPass\":\"Y\",\"SEScore\":null,\"SEDate\":\"2018-08-04T15:25:08.7248699+07:00\",\"QAPass\":\"N\",\"QAScore\":null,\"QADate\":\"2018-08-04T15:19:36.583\",\"RowClientId\":\"Q$PD$219$A1SH83M00T9$20180804151423332\",\"RowState\":\"Modified\",\"RowVersion\":2,\"RowSyncDate\":\"2018-08-04T15:25:20.84607+07:00\",\"CreateDeviceId\":\"A1SH83M00T9\",\"CreateUserId\":8328,\"ModifiedDeviceId\":\"A1SH83M00T9\",\"ModifiedUserId\":8328,\"CreatedDate\":\"2018-08-04T15:14:23.333\",\"ModifiedDate\":\"2018-08-04T15:25:08.7258312+07:00\",\"VersionNumber\":null,\"IsRequestQA\":null}]",
          "FacilityType": "F",
          "LastSyncDate": "2018-08-04T15:25:20.84607+07:00",
          "LastSyncUserId": 8328,
          "ModifiedDate": "2018-08-04T15:25:08",
          "ModifiedUserId": 8328,
          "POID": 121058,
          "RowState": "Modified",
          "IssueDocNo": ""
        }
      ]
    }
  ]
}