﻿{
  "SessionId": "e56b7e8f-8cd3-4aeb-a7d9-ff34ed4ece50",
  "SessionDate": "2018-08-06T14:09:18.2067884+07:00",
  "ClientDeviceId": "A1SH83M00T9",
  "ClientUserId": "8328",
  "ClientName": "APQIS",
  "ClientVersion": "1.0.0.0",
  "SessionDataType": "QisUnitDataAndPO",
  "SessionUserRole": "SE",
  "SessionDataPath": "246",
  "Data": [
    {
      "HEADER": {
        "ProjectID": 246,
        "ProjectCode": "7/027",
        "ProjectName": "Pleno สรงประภา",
        "ProjectCRMCode": "70027",
        "JsonData": "{\"ProjectID\":246,\"ProjectCode\":\"7/027\",\"ProjectName\":\"Pleno สรงประภา\",\"ProjectCRMCode\":\"70027\",\"ProjectType\":null,\"Plant\":\"\",\"Status\":\"Active\",\"PM\":803,\"BU\":\"2\",\"RefID\":null,\"CreatedDate\":null,\"ModifiedDate\":\"2018-02-21T08:39:22.387\",\"DeletedDate\":null,\"ProjectFullName\":\"7/027 - Pleno สรงประภา\",\"ProjectCRMFullName\":\"70027\",\"BUName\":\"BG 2\",\"StatusName\":\"อยู่ระหว่างก่อสร้าง\",\"PMCode\":\"AP001080\",\"PMName\":\"นายพูลศักดิ์ วอนวัฒนา\",\"CanRedeem\":null,\"SERedeem\":null,\"QARedeem\":null,\"RedeemModelID\":null,\"SurveyModelID\":null,\"CanRedeemName\":\"ยังไม่ตรวจ Pre ไถ่ถอน\",\"SERedeemName\":null,\"QARedeemName\":null,\"RedeemModelName\":null,\"SurveyModelName\":null,\"CanSurvey\":null,\"QASurvey\":null}",
        "BU": "2"
      },
      "DETAILS_PO": [
        {
          "UPK": "122753.8328",
          "POID": 122753,
          "DataOwnerUserId": 8328,
          "ProjectID": 246,
          "WBS": "7/027-UT-FN-001",
          "SE": 8328,
          "QA": 0,
          "POType": "F",
          "LastSyncDate": "2018-08-06T14:09:18.2067884+07:00",
          "JsonData": "{\"POID\":122753,\"PONumber\":\"4076024436\",\"Item\":\"00010\",\"POType\":\"F\",\"ProjectID\":246,\"PhaseSeq\":0,\"Block\":\"7/027-UT-FN-001\",\"WBS\":\"7/027-UT-FN-001\",\"ItemDescription\":\"ค่าก่อสร้างรั้วโครงการ(ส่วนเหนือดิน)\",\"MaterialNumber\":\"20111-300000\",\"MaterialText\":\"ค่าก่อสร้างรั้วเขื่อน Type P0\",\"FacilityCode\":\"FN\",\"VendorID\":280,\"Quantity\":1160.1,\"SE\":8328,\"QA\":null,\"IsDelete\":\"N\",\"RefID\":68203,\"RowClientId\":null,\"RowState\":\"Modified\",\"RowVersion\":0,\"RowSyncDate\":null,\"CreateDeviceId\":null,\"CreateUserId\":null,\"ModifiedDeviceId\":\"A1SH83M00T9\",\"ModifiedUserId\":8328,\"CreatedDate\":\"2018-08-06T14:08:39.0802483+07:00\",\"ModifiedDate\":\"2018-08-06T14:08:39.0802483+07:00\",\"PhaseName\":\"00\",\"ProjectCode\":\"7/027\",\"ProjectName\":\"Pleno สรงประภา\",\"Plant\":\"\",\"PMCode\":\"AP001080\",\"PMName\":\"นายพูลศักดิ์ วอนวัฒนา\",\"ConstructorID\":280,\"ConstructorCode\":\"0000103583\",\"ConstructorName\":\"บจก.อัศวิน แอนด์ ฮอค คอนสตรัคชั่น\",\"SECode\":\"AP004088\",\"SEName\":\"นายสหรัตน์ เดชะคุปต์\",\"QACode\":\"\",\"QAName\":\"\",\"PrevProgress\":0.0,\"PrevProgress_QAPassed\":0.0,\"PrevGRID\":0,\"PrevGRID_QAPassed\":0,\"NextSEProgress\":160.1,\"NextSEProgressDate\":\"2018-08-06T14:07:43.0741742+07:00\",\"NextQAApprove\":\"\",\"NextQAProgress\":0.0,\"NextQAProgressDate\":null,\"ProgressLog\":\"\",\"ProgressLog_QAPassed\":\"\",\"Progress\":0.0,\"Progress_QAPassed\":0.0,\"Complete\":\"N\",\"ProjectFullName\":\"7/027 - Pleno สรงประภา\",\"FacilityName\":\"รั้วโครงการ\",\"GRStepParallelValues\":\"[{\\\"Index\\\":1,\\\"Value\\\":160.0,\\\"POID\\\":122753,\\\"GRID\\\":0,\\\"CreateUserId\\\":8328,\\\"CreateDate\\\":\\\"2018-08-06T14:05:13.0486143+07:00\\\",\\\"PercentageValue\\\":0.0,\\\"RemarkText\\\":\\\"ทดสอบระบบ\\\",\\\"SE\\\":8328,\\\"SEComplete\\\":\\\"Y\\\",\\\"SECompleteDate\\\":\\\"2018-08-06T14:07:30.7079209+07:00\\\",\\\"QAComplete\\\":\\\"\\\",\\\"Complete\\\":\\\"N\\\",\\\"IsUserFinish\\\":true},{\\\"Index\\\":2,\\\"Value\\\":0.1,\\\"POID\\\":122753,\\\"GRID\\\":0,\\\"CreateUserId\\\":8328,\\\"CreateDate\\\":\\\"2018-08-06T14:06:18.7009331+07:00\\\",\\\"PercentageValue\\\":0.0,\\\"RemarkText\\\":\\\"ทอสอบ 2\\\",\\\"SE\\\":8328,\\\"SEComplete\\\":\\\"Y\\\",\\\"SECompleteDate\\\":\\\"2018-08-06T14:08:39.074264+07:00\\\",\\\"QAComplete\\\":\\\"\\\",\\\"Complete\\\":\\\"N\\\",\\\"IsUserFinish\\\":true}]\",\"FacilityPO\":{\"ProjectID\":246,\"POID\":122753,\"FacilityModelID\":51,\"MaterialCode\":\"20111-300000\",\"ModelID\":88,\"SendProgress1\":null,\"SendProgress2\":null,\"SendProgress3\":null,\"SendProgress4\":null,\"SendProgress5\":null},\"GRStepType\":\"K\",\"GRStepTypeList\":\"[]\",\"GRStepTypeListItems\":null}",
          "RowState": "Modified"
        }
      ],
      "DETAILS": [],
      "RESOURCES": [
        {
          "RowClientId": "Q$RES$P246$A1SH83M00T9$20180806140652371",
          "ResourceId": 0,
          "ResourceType": 110,
          "ResourceTagCode": "U-SE",
          "ResourceTagSubCode": "H",
          "ResourceGroupSet": "3e13a1ba14a7417480c62d6771f03659",
          "ResourceGroupOrder": 1,
          "ResourceMineType": "image/jpeg",
          "ProjectId": 246,
          "UnitId": 0,
          "FilePath": "P_246\\Camera\\Camera_A1SH83M00T9_20180806140648.jpg",
          "Description": "",
          "IsActive": true,
          "PhaseId": 0,
          "HeaderId": 8358,
          "DetailId": 0,
          "UHeader_RowClientId": "",
          "UDetail_RowClientId": "",
          "UFHeader_RowClientId": "Q$PH$246$A1SH83M00T9$2018080614064556",
          "UFDetail_RowClientId": "",
          "RowState": "AddNew",
          "RowSyncDate": "2018-08-06T14:09:18.2067884+07:00",
          "FileLength": 17018,
          "CreateDeviceId": "A1SH83M00T9",
          "CreateUserId": 8328,
          "ModifiedDeviceId": "A1SH83M00T9",
          "ModifiedUserId": 8328,
          "CreatedDate": "2018-08-06T14:06:52",
          "ModifiedDate": "2018-08-06T14:06:52"
        },
        {
          "RowClientId": "Q$RES$P246$A1SH83M00T9$20180806140652393",
          "ResourceId": 0,
          "ResourceType": 110,
          "ResourceTagCode": "U-SE",
          "ResourceTagSubCode": "H",
          "ResourceGroupSet": "3e13a1ba14a7417480c62d6771f03659",
          "ResourceGroupOrder": 2,
          "ResourceMineType": "image/jpeg",
          "ProjectId": 246,
          "UnitId": 0,
          "FilePath": "P_246\\Camera\\Camera_A1SH83M00T9_20180806140647.jpg",
          "Description": "",
          "IsActive": true,
          "PhaseId": 0,
          "HeaderId": 8358,
          "DetailId": 0,
          "UHeader_RowClientId": "",
          "UDetail_RowClientId": "",
          "UFHeader_RowClientId": "Q$PH$246$A1SH83M00T9$2018080614064556",
          "UFDetail_RowClientId": "",
          "RowState": "AddNew",
          "RowSyncDate": "2018-08-06T14:09:18.2067884+07:00",
          "FileLength": 17013,
          "CreateDeviceId": "A1SH83M00T9",
          "CreateUserId": 8328,
          "ModifiedDeviceId": "A1SH83M00T9",
          "ModifiedUserId": 8328,
          "CreatedDate": "2018-08-06T14:06:52",
          "ModifiedDate": "2018-08-06T14:06:52"
        },
        {
          "RowClientId": "Q$RES$P246$A1SH83M00T9$2018080614071795",
          "ResourceId": 0,
          "ResourceType": 110,
          "ResourceTagCode": "U-SE",
          "ResourceTagSubCode": "H",
          "ResourceGroupSet": "86c828690cfa453495d7bb5e6630b1c2",
          "ResourceGroupOrder": 1,
          "ResourceMineType": "image/jpeg",
          "ProjectId": 246,
          "UnitId": 0,
          "FilePath": "P_246\\Camera\\Camera_A1SH83M00T9_20180806140717.jpg",
          "Description": "",
          "IsActive": true,
          "PhaseId": 0,
          "HeaderId": 8359,
          "DetailId": 0,
          "UHeader_RowClientId": "",
          "UDetail_RowClientId": "",
          "UFHeader_RowClientId": "Q$PH$246$A1SH83M00T9$20180806140714854",
          "UFDetail_RowClientId": "",
          "RowState": "AddNew",
          "RowSyncDate": "2018-08-06T14:09:18.2067884+07:00",
          "FileLength": 16992,
          "CreateDeviceId": "A1SH83M00T9",
          "CreateUserId": 8328,
          "ModifiedDeviceId": "A1SH83M00T9",
          "ModifiedUserId": 8328,
          "CreatedDate": "2018-08-06T14:07:17",
          "ModifiedDate": "2018-08-06T14:07:17"
        },
        {
          "RowClientId": "Q$RES$P246$A1SH83M00T9$20180806140717971",
          "ResourceId": 0,
          "ResourceType": 110,
          "ResourceTagCode": "U-SE",
          "ResourceTagSubCode": "H",
          "ResourceGroupSet": "86c828690cfa453495d7bb5e6630b1c2",
          "ResourceGroupOrder": 2,
          "ResourceMineType": "image/jpeg",
          "ProjectId": 246,
          "UnitId": 0,
          "FilePath": "P_246\\Camera\\Camera_A1SH83M00T9_20180806140716.jpg",
          "Description": "",
          "IsActive": true,
          "PhaseId": 0,
          "HeaderId": 8359,
          "DetailId": 0,
          "UHeader_RowClientId": "",
          "UDetail_RowClientId": "",
          "UFHeader_RowClientId": "Q$PH$246$A1SH83M00T9$20180806140714854",
          "UFDetail_RowClientId": "",
          "RowState": "AddNew",
          "RowSyncDate": "2018-08-06T14:09:18.2067884+07:00",
          "FileLength": 16992,
          "CreateDeviceId": "A1SH83M00T9",
          "CreateUserId": 8328,
          "ModifiedDeviceId": "A1SH83M00T9",
          "ModifiedUserId": 8328,
          "CreatedDate": "2018-08-06T14:07:17",
          "ModifiedDate": "2018-08-06T14:07:17"
        },
        {
          "RowClientId": "Q$RES$P246$A1SH83M00T9$2018080614074583",
          "ResourceId": 0,
          "ResourceType": 110,
          "ResourceTagCode": "U-SE",
          "ResourceTagSubCode": "H",
          "ResourceGroupSet": "66bc87cc5fc24e0a9f74e9cd815f4bd3",
          "ResourceGroupOrder": 1,
          "ResourceMineType": "image/jpeg",
          "ProjectId": 246,
          "UnitId": 0,
          "FilePath": "P_246\\Camera\\Camera_A1SH83M00T9_20180806140744.jpg",
          "Description": "",
          "IsActive": true,
          "PhaseId": 0,
          "HeaderId": 8358,
          "DetailId": 0,
          "UHeader_RowClientId": "",
          "UDetail_RowClientId": "",
          "UFHeader_RowClientId": "Q$PH$246$A1SH83M00T9$20180806140743044",
          "UFDetail_RowClientId": "",
          "RowState": "AddNew",
          "RowSyncDate": "2018-08-06T14:09:18.2067884+07:00",
          "FileLength": 17005,
          "CreateDeviceId": "A1SH83M00T9",
          "CreateUserId": 8328,
          "ModifiedDeviceId": "A1SH83M00T9",
          "ModifiedUserId": 8328,
          "CreatedDate": "2018-08-06T14:07:45",
          "ModifiedDate": "2018-08-06T14:07:45"
        },
        {
          "RowClientId": "Q$RES$P246$A1SH83M00T9$20180806140837289",
          "ResourceId": 0,
          "ResourceType": 110,
          "ResourceTagCode": "U-SE",
          "ResourceTagSubCode": "H",
          "ResourceGroupSet": "0ec181e534ac4631b951bec68bd0e9a1",
          "ResourceGroupOrder": 1,
          "ResourceMineType": "image/jpeg",
          "ProjectId": 246,
          "UnitId": 0,
          "FilePath": "P_246\\Camera\\Camera_A1SH83M00T9_20180806140837.jpg",
          "Description": "",
          "IsActive": true,
          "PhaseId": 0,
          "HeaderId": 8359,
          "DetailId": 0,
          "UHeader_RowClientId": "",
          "UDetail_RowClientId": "",
          "UFHeader_RowClientId": "Q$PH$246$A1SH83M00T9$2018080614083519",
          "UFDetail_RowClientId": "",
          "RowState": "AddNew",
          "RowSyncDate": "2018-08-06T14:09:18.2067884+07:00",
          "FileLength": 16991,
          "CreateDeviceId": "A1SH83M00T9",
          "CreateUserId": 8328,
          "ModifiedDeviceId": "A1SH83M00T9",
          "ModifiedUserId": 8328,
          "CreatedDate": "2018-08-06T14:08:37",
          "ModifiedDate": "2018-08-06T14:08:37"
        },
        {
          "RowClientId": "Q$RES$P246$A1SH83M00T9$20180806140837313",
          "ResourceId": 0,
          "ResourceType": 110,
          "ResourceTagCode": "U-SE",
          "ResourceTagSubCode": "H",
          "ResourceGroupSet": "0ec181e534ac4631b951bec68bd0e9a1",
          "ResourceGroupOrder": 2,
          "ResourceMineType": "image/jpeg",
          "ProjectId": 246,
          "UnitId": 0,
          "FilePath": "P_246\\Camera\\Camera_A1SH83M00T9_20180806140836.jpg",
          "Description": "",
          "IsActive": true,
          "PhaseId": 0,
          "HeaderId": 8359,
          "DetailId": 0,
          "UHeader_RowClientId": "",
          "UDetail_RowClientId": "",
          "UFHeader_RowClientId": "Q$PH$246$A1SH83M00T9$2018080614083519",
          "UFDetail_RowClientId": "",
          "RowState": "AddNew",
          "RowSyncDate": "2018-08-06T14:09:18.2067884+07:00",
          "FileLength": 17018,
          "CreateDeviceId": "A1SH83M00T9",
          "CreateUserId": 8328,
          "ModifiedDeviceId": "A1SH83M00T9",
          "ModifiedUserId": 8328,
          "CreatedDate": "2018-08-06T14:08:37",
          "ModifiedDate": "2018-08-06T14:08:37"
        }
      ],
      "DETAILS_PROJ": [
        {
          "MaxPhaseID": 552,
          "MaxHeaderID": 8359,
          "MaxDetailID": 52351,
          "ModelProjectDataId": "246.F.88_UID8328_122753/1",
          "DataOwnerUserId": 8328,
          "ProjectID": 246,
          "ModelID": 88,
          "UFFacility": "[{\"UFFacilityID\":-1,\"POID\":122753,\"ProjectID\":246,\"Quantity\":1160.1,\"SE\":8328,\"SEComplete\":\"Y\",\"SECompleteDate\":\"2018-08-06T14:07:30.702935+07:00\",\"QA\":null,\"QAComplete\":null,\"QACompleteDate\":null,\"StartDate\":\"2018-08-06T14:06:45.5587608+07:00\",\"FinishDate\":null,\"IsReq\":null,\"FacilityType\":\"F\",\"Remark\":\"ทดสอบระบบ\",\"IsGRParallel\":true,\"GRParallelIndex\":1,\"GRParallelValue\":160.0,\"RowClientId\":\"Q$UFF$246$A1SH83M00T9$20180806140645558\",\"RowState\":\"Modified\",\"RowVersion\":1,\"RowSyncDate\":\"2018-08-06T14:09:18.2067884+07:00\",\"IssueDocNo\":null,\"CreateDeviceId\":\"A1SH83M00T9\",\"CreateUserId\":8328,\"ModifiedDeviceId\":\"A1SH83M00T9\",\"ModifiedUserId\":8328,\"CreatedDate\":\"2018-08-06T14:06:45.5577632+07:00\",\"ModifiedDate\":\"2018-08-06T14:07:30.702935+07:00\"}]",
          "UFPhases": "[{\"UFPhaseID\":-1,\"UFFacilityID\":-1,\"ProjectID\":246,\"PhaseID\":551,\"ModelID\":88,\"SE\":8328,\"SEComplete\":\"Y\",\"SECompleteDate\":\"2018-08-06T14:06:53.6344217+07:00\",\"QA\":null,\"QAComplete\":\"P\",\"QACompleteDate\":\"2018-08-06T14:06:53.6344217+07:00\",\"Complete\":\"Y\",\"RowClientId\":\"Q$UFH$246$A1SH83M00T9$20180806140645559\",\"RowState\":\"Modified\",\"RowVersion\":1,\"RowSyncDate\":\"2018-08-06T14:09:18.2067884+07:00\",\"CreateDeviceId\":\"A1SH83M00T9\",\"CreateUserId\":8328,\"ModifiedDeviceId\":\"A1SH83M00T9\",\"ModifiedUserId\":8328,\"CreatedDate\":\"2018-08-06T14:06:45.5577632+07:00\",\"ModifiedDate\":\"2018-08-06T14:06:53.6334238+07:00\"},{\"UFPhaseID\":-2,\"UFFacilityID\":-1,\"ProjectID\":246,\"PhaseID\":552,\"ModelID\":88,\"SE\":8328,\"SEComplete\":\"Y\",\"SECompleteDate\":\"2018-08-06T14:07:30.702935+07:00\",\"QA\":null,\"QAComplete\":null,\"QACompleteDate\":null,\"Complete\":\"N\",\"RowClientId\":\"Q$UFH$246$A1SH83M00T9$20180806140714853\",\"RowState\":\"Modified\",\"RowVersion\":1,\"RowSyncDate\":\"2018-08-06T14:09:18.2067884+07:00\",\"CreateDeviceId\":\"A1SH83M00T9\",\"CreateUserId\":8328,\"ModifiedDeviceId\":\"A1SH83M00T9\",\"ModifiedUserId\":8328,\"CreatedDate\":\"2018-08-06T14:07:14.8531977+07:00\",\"ModifiedDate\":\"2018-08-06T14:07:30.702935+07:00\"}]",
          "UFHeaders": "[{\"UFHeaderID\":-1,\"UFFacilityID\":-1,\"ProjectID\":246,\"UFPhaseID\":-1,\"HeaderVersionID\":null,\"HeaderID\":8358,\"PhaseID\":551,\"SEComplete\":\"Y\",\"QAComplete\":\"P\",\"RowClientId\":\"Q$PH$246$A1SH83M00T9$2018080614064556\",\"RowState\":\"Modified\",\"RowVersion\":1,\"RowSyncDate\":\"2018-08-06T14:09:18.2067884+07:00\",\"CreateDeviceId\":\"A1SH83M00T9\",\"CreateUserId\":8328,\"ModifiedDeviceId\":\"A1SH83M00T9\",\"ModifiedUserId\":8328,\"CreatedDate\":\"2018-08-06T14:06:45.5577632+07:00\",\"ModifiedDate\":\"2018-08-06T14:06:53.6334238+07:00\",\"VersionNumber\":2},{\"UFHeaderID\":-2,\"UFFacilityID\":-1,\"ProjectID\":246,\"UFPhaseID\":-2,\"HeaderVersionID\":null,\"HeaderID\":8359,\"PhaseID\":552,\"SEComplete\":\"Y\",\"QAComplete\":\"N\",\"RowClientId\":\"Q$PH$246$A1SH83M00T9$20180806140714854\",\"RowState\":\"Modified\",\"RowVersion\":1,\"RowSyncDate\":\"2018-08-06T14:09:18.2067884+07:00\",\"CreateDeviceId\":\"A1SH83M00T9\",\"CreateUserId\":8328,\"ModifiedDeviceId\":\"A1SH83M00T9\",\"ModifiedUserId\":8328,\"CreatedDate\":\"2018-08-06T14:07:14.8531977+07:00\",\"ModifiedDate\":\"2018-08-06T14:07:30.702935+07:00\",\"VersionNumber\":3}]",
          "UFDetails": "[{\"UFDetailID\":-1,\"UFFacilityID\":-1,\"ProjectID\":246,\"UFPhaseID\":-1,\"UFHeaderID\":-1,\"DetailVersionID\":null,\"DetailID\":34065,\"SEPass\":\"Y\",\"SEScore\":null,\"SEDate\":\"2018-08-06T14:06:53.5331821+07:00\",\"QAPass\":\"P\",\"QAScore\":null,\"QADate\":null,\"RowClientId\":\"Q$PD$246$A1SH83M00T9$20180806140645561\",\"RowState\":\"Modified\",\"RowVersion\":1,\"RowSyncDate\":\"2018-08-06T14:09:18.2067884+07:00\",\"CreateDeviceId\":\"A1SH83M00T9\",\"CreateUserId\":8328,\"ModifiedDeviceId\":\"A1SH83M00T9\",\"ModifiedUserId\":8328,\"CreatedDate\":\"2018-08-06T14:06:45.5577632+07:00\",\"ModifiedDate\":\"2018-08-06T14:06:53.5341796+07:00\",\"VersionNumber\":1,\"IsRequestQA\":null},{\"UFDetailID\":-2,\"UFFacilityID\":-1,\"ProjectID\":246,\"UFPhaseID\":-1,\"UFHeaderID\":-1,\"DetailVersionID\":null,\"DetailID\":34066,\"SEPass\":\"Y\",\"SEScore\":null,\"SEDate\":\"2018-08-06T14:06:53.5421579+07:00\",\"QAPass\":\"P\",\"QAScore\":null,\"QADate\":null,\"RowClientId\":\"Q$PD$246$A1SH83M00T9$20180806140645649\",\"RowState\":\"Modified\",\"RowVersion\":1,\"RowSyncDate\":\"2018-08-06T14:09:18.2067884+07:00\",\"CreateDeviceId\":\"A1SH83M00T9\",\"CreateUserId\":8328,\"ModifiedDeviceId\":\"A1SH83M00T9\",\"ModifiedUserId\":8328,\"CreatedDate\":\"2018-08-06T14:06:45.6484812+07:00\",\"ModifiedDate\":\"2018-08-06T14:06:53.5431562+07:00\",\"VersionNumber\":1,\"IsRequestQA\":null},{\"UFDetailID\":-3,\"UFFacilityID\":-1,\"ProjectID\":246,\"UFPhaseID\":-1,\"UFHeaderID\":-1,\"DetailVersionID\":null,\"DetailID\":34067,\"SEPass\":\"Y\",\"SEScore\":null,\"SEDate\":\"2018-08-06T14:06:53.547145+07:00\",\"QAPass\":\"P\",\"QAScore\":null,\"QADate\":null,\"RowClientId\":\"Q$PD$246$A1SH83M00T9$20180806140645671\",\"RowState\":\"Modified\",\"RowVersion\":1,\"RowSyncDate\":\"2018-08-06T14:09:18.2067884+07:00\",\"CreateDeviceId\":\"A1SH83M00T9\",\"CreateUserId\":8328,\"ModifiedDeviceId\":\"A1SH83M00T9\",\"ModifiedUserId\":8328,\"CreatedDate\":\"2018-08-06T14:06:45.6717258+07:00\",\"ModifiedDate\":\"2018-08-06T14:06:53.5481433+07:00\",\"VersionNumber\":1,\"IsRequestQA\":null},{\"UFDetailID\":-4,\"UFFacilityID\":-1,\"ProjectID\":246,\"UFPhaseID\":-1,\"UFHeaderID\":-1,\"DetailVersionID\":null,\"DetailID\":34068,\"SEPass\":\"Y\",\"SEScore\":null,\"SEDate\":\"2018-08-06T14:06:53.5521309+07:00\",\"QAPass\":\"P\",\"QAScore\":null,\"QADate\":null,\"RowClientId\":\"Q$PD$246$A1SH83M00T9$20180806140645691\",\"RowState\":\"Modified\",\"RowVersion\":1,\"RowSyncDate\":\"2018-08-06T14:09:18.2067884+07:00\",\"CreateDeviceId\":\"A1SH83M00T9\",\"CreateUserId\":8328,\"ModifiedDeviceId\":\"A1SH83M00T9\",\"ModifiedUserId\":8328,\"CreatedDate\":\"2018-08-06T14:06:45.6915816+07:00\",\"ModifiedDate\":\"2018-08-06T14:06:53.5531296+07:00\",\"VersionNumber\":1,\"IsRequestQA\":null},{\"UFDetailID\":-5,\"UFFacilityID\":-1,\"ProjectID\":246,\"UFPhaseID\":-1,\"UFHeaderID\":-1,\"DetailVersionID\":null,\"DetailID\":34069,\"SEPass\":\"Y\",\"SEScore\":null,\"SEDate\":\"2018-08-06T14:06:53.557118+07:00\",\"QAPass\":\"P\",\"QAScore\":null,\"QADate\":null,\"RowClientId\":\"Q$PD$246$A1SH83M00T9$20180806140645711\",\"RowState\":\"Modified\",\"RowVersion\":1,\"RowSyncDate\":\"2018-08-06T14:09:18.2067884+07:00\",\"CreateDeviceId\":\"A1SH83M00T9\",\"CreateUserId\":8328,\"ModifiedDeviceId\":\"A1SH83M00T9\",\"ModifiedUserId\":8328,\"CreatedDate\":\"2018-08-06T14:06:45.7114898+07:00\",\"ModifiedDate\":\"2018-08-06T14:06:53.5581151+07:00\",\"VersionNumber\":1,\"IsRequestQA\":null},{\"UFDetailID\":-6,\"UFFacilityID\":-1,\"ProjectID\":246,\"UFPhaseID\":-1,\"UFHeaderID\":-1,\"DetailVersionID\":null,\"DetailID\":34070,\"SEPass\":\"Y\",\"SEScore\":null,\"SEDate\":\"2018-08-06T14:06:53.5631034+07:00\",\"QAPass\":\"P\",\"QAScore\":null,\"QADate\":null,\"RowClientId\":\"Q$PD$246$A1SH83M00T9$20180806140645734\",\"RowState\":\"Modified\",\"RowVersion\":1,\"RowSyncDate\":\"2018-08-06T14:09:18.2067884+07:00\",\"CreateDeviceId\":\"A1SH83M00T9\",\"CreateUserId\":8328,\"ModifiedDeviceId\":\"A1SH83M00T9\",\"ModifiedUserId\":8328,\"CreatedDate\":\"2018-08-06T14:06:45.7347721+07:00\",\"ModifiedDate\":\"2018-08-06T14:06:53.5641051+07:00\",\"VersionNumber\":1,\"IsRequestQA\":null},{\"UFDetailID\":-7,\"UFFacilityID\":-1,\"ProjectID\":246,\"UFPhaseID\":-1,\"UFHeaderID\":-1,\"DetailVersionID\":null,\"DetailID\":34071,\"SEPass\":\"Y\",\"SEScore\":null,\"SEDate\":\"2018-08-06T14:06:53.5690857+07:00\",\"QAPass\":\"P\",\"QAScore\":null,\"QADate\":null,\"RowClientId\":\"Q$PD$246$A1SH83M00T9$20180806140645753\",\"RowState\":\"Modified\",\"RowVersion\":1,\"RowSyncDate\":\"2018-08-06T14:09:18.2067884+07:00\",\"CreateDeviceId\":\"A1SH83M00T9\",\"CreateUserId\":8328,\"ModifiedDeviceId\":\"A1SH83M00T9\",\"ModifiedUserId\":8328,\"CreatedDate\":\"2018-08-06T14:06:45.7536681+07:00\",\"ModifiedDate\":\"2018-08-06T14:06:53.5690857+07:00\",\"VersionNumber\":1,\"IsRequestQA\":null},{\"UFDetailID\":-8,\"UFFacilityID\":-1,\"ProjectID\":246,\"UFPhaseID\":-1,\"UFHeaderID\":-1,\"DetailVersionID\":null,\"DetailID\":34072,\"SEPass\":\"Y\",\"SEScore\":null,\"SEDate\":\"2018-08-06T14:06:53.5740724+07:00\",\"QAPass\":\"P\",\"QAScore\":null,\"QADate\":null,\"RowClientId\":\"Q$PD$246$A1SH83M00T9$20180806140645774\",\"RowState\":\"Modified\",\"RowVersion\":1,\"RowSyncDate\":\"2018-08-06T14:09:18.2067884+07:00\",\"CreateDeviceId\":\"A1SH83M00T9\",\"CreateUserId\":8328,\"ModifiedDeviceId\":\"A1SH83M00T9\",\"ModifiedUserId\":8328,\"CreatedDate\":\"2018-08-06T14:06:45.7741223+07:00\",\"ModifiedDate\":\"2018-08-06T14:06:53.5750707+07:00\",\"VersionNumber\":1,\"IsRequestQA\":null},{\"UFDetailID\":-9,\"UFFacilityID\":-1,\"ProjectID\":246,\"UFPhaseID\":-1,\"UFHeaderID\":-1,\"DetailVersionID\":null,\"DetailID\":34073,\"SEPass\":\"Y\",\"SEScore\":null,\"SEDate\":\"2018-08-06T14:06:53.5790591+07:00\",\"QAPass\":\"P\",\"QAScore\":null,\"QADate\":null,\"RowClientId\":\"Q$PD$246$A1SH83M00T9$20180806140645795\",\"RowState\":\"Modified\",\"RowVersion\":1,\"RowSyncDate\":\"2018-08-06T14:09:18.2067884+07:00\",\"CreateDeviceId\":\"A1SH83M00T9\",\"CreateUserId\":8328,\"ModifiedDeviceId\":\"A1SH83M00T9\",\"ModifiedUserId\":8328,\"CreatedDate\":\"2018-08-06T14:06:45.7946898+07:00\",\"ModifiedDate\":\"2018-08-06T14:06:53.5800578+07:00\",\"VersionNumber\":1,\"IsRequestQA\":null},{\"UFDetailID\":-10,\"UFFacilityID\":-1,\"ProjectID\":246,\"UFPhaseID\":-1,\"UFHeaderID\":-1,\"DetailVersionID\":null,\"DetailID\":34074,\"SEPass\":\"Y\",\"SEScore\":null,\"SEDate\":\"2018-08-06T14:06:53.5840454+07:00\",\"QAPass\":\"P\",\"QAScore\":null,\"QADate\":null,\"RowClientId\":\"Q$PD$246$A1SH83M00T9$20180806140645815\",\"RowState\":\"Modified\",\"RowVersion\":1,\"RowSyncDate\":\"2018-08-06T14:09:18.2067884+07:00\",\"CreateDeviceId\":\"A1SH83M00T9\",\"CreateUserId\":8328,\"ModifiedDeviceId\":\"A1SH83M00T9\",\"ModifiedUserId\":8328,\"CreatedDate\":\"2018-08-06T14:06:45.8155307+07:00\",\"ModifiedDate\":\"2018-08-06T14:06:53.5850434+07:00\",\"VersionNumber\":1,\"IsRequestQA\":null},{\"UFDetailID\":-11,\"UFFacilityID\":-1,\"ProjectID\":246,\"UFPhaseID\":-1,\"UFHeaderID\":-1,\"DetailVersionID\":null,\"DetailID\":34075,\"SEPass\":\"Y\",\"SEScore\":null,\"SEDate\":\"2018-08-06T14:06:53.5900297+07:00\",\"QAPass\":\"P\",\"QAScore\":null,\"QADate\":null,\"RowClientId\":\"Q$PD$246$A1SH83M00T9$20180806140645835\",\"RowState\":\"Modified\",\"RowVersion\":1,\"RowSyncDate\":\"2018-08-06T14:09:18.2067884+07:00\",\"CreateDeviceId\":\"A1SH83M00T9\",\"CreateUserId\":8328,\"ModifiedDeviceId\":\"A1SH83M00T9\",\"ModifiedUserId\":8328,\"CreatedDate\":\"2018-08-06T14:06:45.8352128+07:00\",\"ModifiedDate\":\"2018-08-06T14:06:53.5910276+07:00\",\"VersionNumber\":1,\"IsRequestQA\":null},{\"UFDetailID\":-12,\"UFFacilityID\":-1,\"ProjectID\":246,\"UFPhaseID\":-1,\"UFHeaderID\":-1,\"DetailVersionID\":null,\"DetailID\":34076,\"SEPass\":\"Y\",\"SEScore\":null,\"SEDate\":\"2018-08-06T14:06:53.5950164+07:00\",\"QAPass\":\"P\",\"QAScore\":null,\"QADate\":null,\"RowClientId\":\"Q$PD$246$A1SH83M00T9$20180806140645856\",\"RowState\":\"Modified\",\"RowVersion\":1,\"RowSyncDate\":\"2018-08-06T14:09:18.2067884+07:00\",\"CreateDeviceId\":\"A1SH83M00T9\",\"CreateUserId\":8328,\"ModifiedDeviceId\":\"A1SH83M00T9\",\"ModifiedUserId\":8328,\"CreatedDate\":\"2018-08-06T14:06:45.8561651+07:00\",\"ModifiedDate\":\"2018-08-06T14:06:53.5960147+07:00\",\"VersionNumber\":1,\"IsRequestQA\":null},{\"UFDetailID\":-13,\"UFFacilityID\":-1,\"ProjectID\":246,\"UFPhaseID\":-1,\"UFHeaderID\":-1,\"DetailVersionID\":null,\"DetailID\":34077,\"SEPass\":\"Y\",\"SEScore\":null,\"SEDate\":\"2018-08-06T14:06:53.6005109+07:00\",\"QAPass\":\"P\",\"QAScore\":null,\"QADate\":null,\"RowClientId\":\"Q$PD$246$A1SH83M00T9$20180806140645876\",\"RowState\":\"Modified\",\"RowVersion\":1,\"RowSyncDate\":\"2018-08-06T14:09:18.2067884+07:00\",\"CreateDeviceId\":\"A1SH83M00T9\",\"CreateUserId\":8328,\"ModifiedDeviceId\":\"A1SH83M00T9\",\"ModifiedUserId\":8328,\"CreatedDate\":\"2018-08-06T14:06:45.8767205+07:00\",\"ModifiedDate\":\"2018-08-06T14:06:53.6015088+07:00\",\"VersionNumber\":1,\"IsRequestQA\":null},{\"UFDetailID\":-14,\"UFFacilityID\":-1,\"ProjectID\":246,\"UFPhaseID\":-1,\"UFHeaderID\":-1,\"DetailVersionID\":null,\"DetailID\":34078,\"SEPass\":\"Y\",\"SEScore\":null,\"SEDate\":\"2018-08-06T14:06:53.6064952+07:00\",\"QAPass\":\"P\",\"QAScore\":null,\"QADate\":null,\"RowClientId\":\"Q$PD$246$A1SH83M00T9$20180806140645896\",\"RowState\":\"Modified\",\"RowVersion\":1,\"RowSyncDate\":\"2018-08-06T14:09:18.2067884+07:00\",\"CreateDeviceId\":\"A1SH83M00T9\",\"CreateUserId\":8328,\"ModifiedDeviceId\":\"A1SH83M00T9\",\"ModifiedUserId\":8328,\"CreatedDate\":\"2018-08-06T14:06:45.8966291+07:00\",\"ModifiedDate\":\"2018-08-06T14:06:53.6064952+07:00\",\"VersionNumber\":1,\"IsRequestQA\":null},{\"UFDetailID\":-15,\"UFFacilityID\":-1,\"ProjectID\":246,\"UFPhaseID\":-1,\"UFHeaderID\":-1,\"DetailVersionID\":null,\"DetailID\":34079,\"SEPass\":\"Y\",\"SEScore\":null,\"SEDate\":\"2018-08-06T14:06:53.6114819+07:00\",\"QAPass\":\"P\",\"QAScore\":null,\"QADate\":null,\"RowClientId\":\"Q$PD$246$A1SH83M00T9$20180806140645916\",\"RowState\":\"Modified\",\"RowVersion\":1,\"RowSyncDate\":\"2018-08-06T14:09:18.2067884+07:00\",\"CreateDeviceId\":\"A1SH83M00T9\",\"CreateUserId\":8328,\"ModifiedDeviceId\":\"A1SH83M00T9\",\"ModifiedUserId\":8328,\"CreatedDate\":\"2018-08-06T14:06:45.9166137+07:00\",\"ModifiedDate\":\"2018-08-06T14:06:53.6124798+07:00\",\"VersionNumber\":1,\"IsRequestQA\":null},{\"UFDetailID\":-16,\"UFFacilityID\":-1,\"ProjectID\":246,\"UFPhaseID\":-1,\"UFHeaderID\":-1,\"DetailVersionID\":null,\"DetailID\":34080,\"SEPass\":\"Y\",\"SEScore\":null,\"SEDate\":\"2018-08-06T14:06:53.6164693+07:00\",\"QAPass\":\"P\",\"QAScore\":null,\"QADate\":null,\"RowClientId\":\"Q$PD$246$A1SH83M00T9$20180806140645938\",\"RowState\":\"Modified\",\"RowVersion\":1,\"RowSyncDate\":\"2018-08-06T14:09:18.2067884+07:00\",\"CreateDeviceId\":\"A1SH83M00T9\",\"CreateUserId\":8328,\"ModifiedDeviceId\":\"A1SH83M00T9\",\"ModifiedUserId\":8328,\"CreatedDate\":\"2018-08-06T14:06:45.9383286+07:00\",\"ModifiedDate\":\"2018-08-06T14:06:53.6174661+07:00\",\"VersionNumber\":1,\"IsRequestQA\":null},{\"UFDetailID\":-17,\"UFFacilityID\":-1,\"ProjectID\":246,\"UFPhaseID\":-1,\"UFHeaderID\":-1,\"DetailVersionID\":null,\"DetailID\":34081,\"SEPass\":\"Y\",\"SEScore\":null,\"SEDate\":\"2018-08-06T14:06:53.6224524+07:00\",\"QAPass\":\"P\",\"QAScore\":null,\"QADate\":null,\"RowClientId\":\"Q$PD$246$A1SH83M00T9$20180806140645959\",\"RowState\":\"Modified\",\"RowVersion\":1,\"RowSyncDate\":\"2018-08-06T14:09:18.2067884+07:00\",\"CreateDeviceId\":\"A1SH83M00T9\",\"CreateUserId\":8328,\"ModifiedDeviceId\":\"A1SH83M00T9\",\"ModifiedUserId\":8328,\"CreatedDate\":\"2018-08-06T14:06:45.958946+07:00\",\"ModifiedDate\":\"2018-08-06T14:06:53.6234538+07:00\",\"VersionNumber\":1,\"IsRequestQA\":null},{\"UFDetailID\":-18,\"UFFacilityID\":-1,\"ProjectID\":246,\"UFPhaseID\":-1,\"UFHeaderID\":-1,\"DetailVersionID\":null,\"DetailID\":34082,\"SEPass\":\"Y\",\"SEScore\":null,\"SEDate\":\"2018-08-06T14:06:53.6274391+07:00\",\"QAPass\":\"P\",\"QAScore\":null,\"QADate\":null,\"RowClientId\":\"Q$PD$246$A1SH83M00T9$20180806140645981\",\"RowState\":\"Modified\",\"RowVersion\":1,\"RowSyncDate\":\"2018-08-06T14:09:18.2067884+07:00\",\"CreateDeviceId\":\"A1SH83M00T9\",\"CreateUserId\":8328,\"ModifiedDeviceId\":\"A1SH83M00T9\",\"ModifiedUserId\":8328,\"CreatedDate\":\"2018-08-06T14:06:45.981435+07:00\",\"ModifiedDate\":\"2018-08-06T14:06:53.6284371+07:00\",\"VersionNumber\":1,\"IsRequestQA\":null},{\"UFDetailID\":-19,\"UFFacilityID\":-1,\"ProjectID\":246,\"UFPhaseID\":-1,\"UFHeaderID\":-1,\"DetailVersionID\":null,\"DetailID\":34083,\"SEPass\":\"Y\",\"SEScore\":null,\"SEDate\":\"2018-08-06T14:06:53.6324262+07:00\",\"QAPass\":\"P\",\"QAScore\":null,\"QADate\":null,\"RowClientId\":\"Q$PD$246$A1SH83M00T9$20180806140646001\",\"RowState\":\"Modified\",\"RowVersion\":1,\"RowSyncDate\":\"2018-08-06T14:09:18.2067884+07:00\",\"CreateDeviceId\":\"A1SH83M00T9\",\"CreateUserId\":8328,\"ModifiedDeviceId\":\"A1SH83M00T9\",\"ModifiedUserId\":8328,\"CreatedDate\":\"2018-08-06T14:06:46.001128+07:00\",\"ModifiedDate\":\"2018-08-06T14:06:53.6334238+07:00\",\"VersionNumber\":1,\"IsRequestQA\":null},{\"UFDetailID\":-20,\"UFFacilityID\":-1,\"ProjectID\":246,\"UFPhaseID\":-2,\"UFHeaderID\":-2,\"DetailVersionID\":null,\"DetailID\":52351,\"SEPass\":\"Y\",\"SEScore\":null,\"SEDate\":\"2018-08-06T14:07:30.7019371+07:00\",\"QAPass\":null,\"QAScore\":null,\"QADate\":null,\"RowClientId\":\"Q$PD$246$A1SH83M00T9$20180806140714854\",\"RowState\":\"Modified\",\"RowVersion\":1,\"RowSyncDate\":\"2018-08-06T14:09:18.2067884+07:00\",\"CreateDeviceId\":\"A1SH83M00T9\",\"CreateUserId\":8328,\"ModifiedDeviceId\":\"A1SH83M00T9\",\"ModifiedUserId\":8328,\"CreatedDate\":\"2018-08-06T14:07:14.8531977+07:00\",\"ModifiedDate\":\"2018-08-06T14:07:30.702935+07:00\",\"VersionNumber\":1,\"IsRequestQA\":null},{\"UFDetailID\":-21,\"UFFacilityID\":-1,\"ProjectID\":246,\"UFPhaseID\":-2,\"UFHeaderID\":-2,\"DetailVersionID\":null,\"DetailID\":34084,\"SEPass\":\"Y\",\"SEScore\":null,\"SEDate\":\"2018-08-06T14:07:19.7874936+07:00\",\"QAPass\":null,\"QAScore\":null,\"QADate\":null,\"RowClientId\":\"Q$PD$246$A1SH83M00T9$20180806140714877\",\"RowState\":\"Modified\",\"RowVersion\":1,\"RowSyncDate\":\"2018-08-06T14:09:18.2067884+07:00\",\"CreateDeviceId\":\"A1SH83M00T9\",\"CreateUserId\":8328,\"ModifiedDeviceId\":\"A1SH83M00T9\",\"ModifiedUserId\":8328,\"CreatedDate\":\"2018-08-06T14:07:14.8779982+07:00\",\"ModifiedDate\":\"2018-08-06T14:07:19.7884805+07:00\",\"VersionNumber\":2,\"IsRequestQA\":null},{\"UFDetailID\":-22,\"UFFacilityID\":-1,\"ProjectID\":246,\"UFPhaseID\":-2,\"UFHeaderID\":-2,\"DetailVersionID\":null,\"DetailID\":34085,\"SEPass\":\"Y\",\"SEScore\":null,\"SEDate\":\"2018-08-06T14:07:19.7944648+07:00\",\"QAPass\":null,\"QAScore\":null,\"QADate\":null,\"RowClientId\":\"Q$PD$246$A1SH83M00T9$20180806140714898\",\"RowState\":\"Modified\",\"RowVersion\":1,\"RowSyncDate\":\"2018-08-06T14:09:18.2067884+07:00\",\"CreateDeviceId\":\"A1SH83M00T9\",\"CreateUserId\":8328,\"ModifiedDeviceId\":\"A1SH83M00T9\",\"ModifiedUserId\":8328,\"CreatedDate\":\"2018-08-06T14:07:14.8981934+07:00\",\"ModifiedDate\":\"2018-08-06T14:07:19.7944648+07:00\",\"VersionNumber\":2,\"IsRequestQA\":null},{\"UFDetailID\":-23,\"UFFacilityID\":-1,\"ProjectID\":246,\"UFPhaseID\":-2,\"UFHeaderID\":-2,\"DetailVersionID\":null,\"DetailID\":34086,\"SEPass\":\"Y\",\"SEScore\":null,\"SEDate\":\"2018-08-06T14:07:19.7994511+07:00\",\"QAPass\":null,\"QAScore\":null,\"QADate\":null,\"RowClientId\":\"Q$PD$246$A1SH83M00T9$20180806140714925\",\"RowState\":\"Modified\",\"RowVersion\":1,\"RowSyncDate\":\"2018-08-06T14:09:18.2067884+07:00\",\"CreateDeviceId\":\"A1SH83M00T9\",\"CreateUserId\":8328,\"ModifiedDeviceId\":\"A1SH83M00T9\",\"ModifiedUserId\":8328,\"CreatedDate\":\"2018-08-06T14:07:14.9250065+07:00\",\"ModifiedDate\":\"2018-08-06T14:07:19.8004491+07:00\",\"VersionNumber\":2,\"IsRequestQA\":null},{\"UFDetailID\":-24,\"UFFacilityID\":-1,\"ProjectID\":246,\"UFPhaseID\":-2,\"UFHeaderID\":-2,\"DetailVersionID\":null,\"DetailID\":34087,\"SEPass\":\"Y\",\"SEScore\":null,\"SEDate\":\"2018-08-06T14:07:19.805435+07:00\",\"QAPass\":null,\"QAScore\":null,\"QADate\":null,\"RowClientId\":\"Q$PD$246$A1SH83M00T9$20180806140714945\",\"RowState\":\"Modified\",\"RowVersion\":1,\"RowSyncDate\":\"2018-08-06T14:09:18.2067884+07:00\",\"CreateDeviceId\":\"A1SH83M00T9\",\"CreateUserId\":8328,\"ModifiedDeviceId\":\"A1SH83M00T9\",\"ModifiedUserId\":8328,\"CreatedDate\":\"2018-08-06T14:07:14.9459078+07:00\",\"ModifiedDate\":\"2018-08-06T14:07:19.8064341+07:00\",\"VersionNumber\":2,\"IsRequestQA\":null},{\"UFDetailID\":-25,\"UFFacilityID\":-1,\"ProjectID\":246,\"UFPhaseID\":-2,\"UFHeaderID\":-2,\"DetailVersionID\":null,\"DetailID\":34088,\"SEPass\":\"Y\",\"SEScore\":null,\"SEDate\":\"2018-08-06T14:07:19.8104221+07:00\",\"QAPass\":null,\"QAScore\":null,\"QADate\":null,\"RowClientId\":\"Q$PD$246$A1SH83M00T9$20180806140714971\",\"RowState\":\"Modified\",\"RowVersion\":1,\"RowSyncDate\":\"2018-08-06T14:09:18.2067884+07:00\",\"CreateDeviceId\":\"A1SH83M00T9\",\"CreateUserId\":8328,\"ModifiedDeviceId\":\"A1SH83M00T9\",\"ModifiedUserId\":8328,\"CreatedDate\":\"2018-08-06T14:07:14.9711811+07:00\",\"ModifiedDate\":\"2018-08-06T14:07:19.8114193+07:00\",\"VersionNumber\":2,\"IsRequestQA\":null},{\"UFDetailID\":-26,\"UFFacilityID\":-1,\"ProjectID\":246,\"UFPhaseID\":-2,\"UFHeaderID\":-2,\"DetailVersionID\":null,\"DetailID\":34089,\"SEPass\":\"Y\",\"SEScore\":null,\"SEDate\":\"2018-08-06T14:07:19.8164059+07:00\",\"QAPass\":null,\"QAScore\":null,\"QADate\":null,\"RowClientId\":\"Q$PD$246$A1SH83M00T9$20180806140714995\",\"RowState\":\"Modified\",\"RowVersion\":1,\"RowSyncDate\":\"2018-08-06T14:09:18.2067884+07:00\",\"CreateDeviceId\":\"A1SH83M00T9\",\"CreateUserId\":8328,\"ModifiedDeviceId\":\"A1SH83M00T9\",\"ModifiedUserId\":8328,\"CreatedDate\":\"2018-08-06T14:07:14.9952423+07:00\",\"ModifiedDate\":\"2018-08-06T14:07:19.8174035+07:00\",\"VersionNumber\":2,\"IsRequestQA\":null},{\"UFDetailID\":-27,\"UFFacilityID\":-1,\"ProjectID\":246,\"UFPhaseID\":-2,\"UFHeaderID\":-2,\"DetailVersionID\":null,\"DetailID\":34090,\"SEPass\":\"Y\",\"SEScore\":null,\"SEDate\":\"2018-08-06T14:07:19.8213923+07:00\",\"QAPass\":null,\"QAScore\":null,\"QADate\":null,\"RowClientId\":\"Q$PD$246$A1SH83M00T9$20180806140715016\",\"RowState\":\"Modified\",\"RowVersion\":1,\"RowSyncDate\":\"2018-08-06T14:09:18.2067884+07:00\",\"CreateDeviceId\":\"A1SH83M00T9\",\"CreateUserId\":8328,\"ModifiedDeviceId\":\"A1SH83M00T9\",\"ModifiedUserId\":8328,\"CreatedDate\":\"2018-08-06T14:07:15.0161863+07:00\",\"ModifiedDate\":\"2018-08-06T14:07:19.8223898+07:00\",\"VersionNumber\":2,\"IsRequestQA\":null},{\"UFDetailID\":-28,\"UFFacilityID\":-1,\"ProjectID\":246,\"UFPhaseID\":-2,\"UFHeaderID\":-2,\"DetailVersionID\":null,\"DetailID\":34091,\"SEPass\":\"Y\",\"SEScore\":null,\"SEDate\":\"2018-08-06T14:07:19.8273765+07:00\",\"QAPass\":null,\"QAScore\":null,\"QADate\":null,\"RowClientId\":\"Q$PD$246$A1SH83M00T9$20180806140715037\",\"RowState\":\"Modified\",\"RowVersion\":1,\"RowSyncDate\":\"2018-08-06T14:09:18.2067884+07:00\",\"CreateDeviceId\":\"A1SH83M00T9\",\"CreateUserId\":8328,\"ModifiedDeviceId\":\"A1SH83M00T9\",\"ModifiedUserId\":8328,\"CreatedDate\":\"2018-08-06T14:07:15.0376056+07:00\",\"ModifiedDate\":\"2018-08-06T14:07:19.8283752+07:00\",\"VersionNumber\":2,\"IsRequestQA\":null}]",
          "FacilityType": "F",
          "LastSyncDate": "2018-08-06T14:09:18.2067884+07:00",
          "LastSyncUserId": 8328,
          "ModifiedDate": "2018-08-06T14:06:45",
          "ModifiedUserId": 8328,
          "POID": 122753,
          "GRParallelIndex": 1,
          "RowState": "AddNew"
        },
        {
          "MaxPhaseID": 552,
          "MaxHeaderID": 8359,
          "MaxDetailID": 52351,
          "ModelProjectDataId": "246.F.88_UID8328_122753/2",
          "DataOwnerUserId": 8328,
          "ProjectID": 246,
          "ModelID": 88,
          "UFFacility": "[{\"UFFacilityID\":-1,\"POID\":122753,\"ProjectID\":246,\"Quantity\":1160.1,\"SE\":8328,\"SEComplete\":\"Y\",\"SECompleteDate\":\"2018-08-06T14:08:39.0702753+07:00\",\"QA\":null,\"QAComplete\":null,\"QACompleteDate\":null,\"StartDate\":\"2018-08-06T14:07:43.0434751+07:00\",\"FinishDate\":null,\"IsReq\":null,\"FacilityType\":\"F\",\"Remark\":\"ทอสอบ 2\",\"IsGRParallel\":true,\"GRParallelIndex\":2,\"GRParallelValue\":0.1,\"RowClientId\":\"Q$UFF$246$A1SH83M00T9$20180806140743043\",\"RowState\":\"Modified\",\"RowVersion\":1,\"RowSyncDate\":\"2018-08-06T14:09:18.2067884+07:00\",\"IssueDocNo\":null,\"CreateDeviceId\":\"A1SH83M00T9\",\"CreateUserId\":8328,\"ModifiedDeviceId\":\"A1SH83M00T9\",\"ModifiedUserId\":8328,\"CreatedDate\":\"2018-08-06T14:07:43.0434751+07:00\",\"ModifiedDate\":\"2018-08-06T14:08:39.0692773+07:00\"}]",
          "UFPhases": "[{\"UFPhaseID\":-1,\"UFFacilityID\":-1,\"ProjectID\":246,\"PhaseID\":551,\"ModelID\":88,\"SE\":8328,\"SEComplete\":\"Y\",\"SECompleteDate\":\"2018-08-06T14:07:47.855664+07:00\",\"QA\":null,\"QAComplete\":\"P\",\"QACompleteDate\":\"2018-08-06T14:07:47.855664+07:00\",\"Complete\":\"Y\",\"RowClientId\":\"Q$UFH$246$A1SH83M00T9$20180806140743043\",\"RowState\":\"Modified\",\"RowVersion\":1,\"RowSyncDate\":\"2018-08-06T14:09:18.2067884+07:00\",\"CreateDeviceId\":\"A1SH83M00T9\",\"CreateUserId\":8328,\"ModifiedDeviceId\":\"A1SH83M00T9\",\"ModifiedUserId\":8328,\"CreatedDate\":\"2018-08-06T14:07:43.0434751+07:00\",\"ModifiedDate\":\"2018-08-06T14:07:47.855664+07:00\"},{\"UFPhaseID\":-2,\"UFFacilityID\":-1,\"ProjectID\":246,\"PhaseID\":552,\"ModelID\":88,\"SE\":8328,\"SEComplete\":\"Y\",\"SECompleteDate\":\"2018-08-06T14:08:39.0702753+07:00\",\"QA\":null,\"QAComplete\":null,\"QACompleteDate\":null,\"Complete\":\"N\",\"RowClientId\":\"Q$UFH$246$A1SH83M00T9$20180806140835189\",\"RowState\":\"Modified\",\"RowVersion\":1,\"RowSyncDate\":\"2018-08-06T14:09:18.2067884+07:00\",\"CreateDeviceId\":\"A1SH83M00T9\",\"CreateUserId\":8328,\"ModifiedDeviceId\":\"A1SH83M00T9\",\"ModifiedUserId\":8328,\"CreatedDate\":\"2018-08-06T14:08:35.1894953+07:00\",\"ModifiedDate\":\"2018-08-06T14:08:39.0692773+07:00\"}]",
          "UFHeaders": "[{\"UFHeaderID\":-1,\"UFFacilityID\":-1,\"ProjectID\":246,\"UFPhaseID\":-1,\"HeaderVersionID\":null,\"HeaderID\":8358,\"PhaseID\":551,\"SEComplete\":\"Y\",\"QAComplete\":\"P\",\"RowClientId\":\"Q$PH$246$A1SH83M00T9$20180806140743044\",\"RowState\":\"Modified\",\"RowVersion\":1,\"RowSyncDate\":\"2018-08-06T14:09:18.2067884+07:00\",\"CreateDeviceId\":\"A1SH83M00T9\",\"CreateUserId\":8328,\"ModifiedDeviceId\":\"A1SH83M00T9\",\"ModifiedUserId\":8328,\"CreatedDate\":\"2018-08-06T14:07:43.0434751+07:00\",\"ModifiedDate\":\"2018-08-06T14:07:47.855664+07:00\",\"VersionNumber\":2},{\"UFHeaderID\":-2,\"UFFacilityID\":-1,\"ProjectID\":246,\"UFPhaseID\":-2,\"HeaderVersionID\":null,\"HeaderID\":8359,\"PhaseID\":552,\"SEComplete\":\"Y\",\"QAComplete\":\"N\",\"RowClientId\":\"Q$PH$246$A1SH83M00T9$2018080614083519\",\"RowState\":\"Modified\",\"RowVersion\":1,\"RowSyncDate\":\"2018-08-06T14:09:18.2067884+07:00\",\"CreateDeviceId\":\"A1SH83M00T9\",\"CreateUserId\":8328,\"ModifiedDeviceId\":\"A1SH83M00T9\",\"ModifiedUserId\":8328,\"CreatedDate\":\"2018-08-06T14:08:35.1894953+07:00\",\"ModifiedDate\":\"2018-08-06T14:08:39.0692773+07:00\",\"VersionNumber\":3}]",
          "UFDetails": "[{\"UFDetailID\":-1,\"UFFacilityID\":-1,\"ProjectID\":246,\"UFPhaseID\":-1,\"UFHeaderID\":-1,\"DetailVersionID\":null,\"DetailID\":34065,\"SEPass\":\"Y\",\"SEScore\":null,\"SEDate\":\"2018-08-06T14:07:47.1044779+07:00\",\"QAPass\":\"P\",\"QAScore\":null,\"QADate\":null,\"RowClientId\":\"Q$PD$246$A1SH83M00T9$20180806140743044\",\"RowState\":\"Modified\",\"RowVersion\":1,\"RowSyncDate\":\"2018-08-06T14:09:18.2067884+07:00\",\"CreateDeviceId\":\"A1SH83M00T9\",\"CreateUserId\":8328,\"ModifiedDeviceId\":\"A1SH83M00T9\",\"ModifiedUserId\":8328,\"CreatedDate\":\"2018-08-06T14:07:43.0434751+07:00\",\"ModifiedDate\":\"2018-08-06T14:07:47.105474+07:00\",\"VersionNumber\":1,\"IsRequestQA\":null},{\"UFDetailID\":-2,\"UFFacilityID\":-1,\"ProjectID\":246,\"UFPhaseID\":-1,\"UFHeaderID\":-1,\"DetailVersionID\":null,\"DetailID\":34066,\"SEPass\":\"Y\",\"SEScore\":null,\"SEDate\":\"2018-08-06T14:07:47.7579578+07:00\",\"QAPass\":\"P\",\"QAScore\":null,\"QADate\":null,\"RowClientId\":\"Q$PD$246$A1SH83M00T9$20180806140743088\",\"RowState\":\"Modified\",\"RowVersion\":1,\"RowSyncDate\":\"2018-08-06T14:09:18.2067884+07:00\",\"CreateDeviceId\":\"A1SH83M00T9\",\"CreateUserId\":8328,\"ModifiedDeviceId\":\"A1SH83M00T9\",\"ModifiedUserId\":8328,\"CreatedDate\":\"2018-08-06T14:07:43.088956+07:00\",\"ModifiedDate\":\"2018-08-06T14:07:47.7589693+07:00\",\"VersionNumber\":1,\"IsRequestQA\":null},{\"UFDetailID\":-3,\"UFFacilityID\":-1,\"ProjectID\":246,\"UFPhaseID\":-1,\"UFHeaderID\":-1,\"DetailVersionID\":null,\"DetailID\":34067,\"SEPass\":\"Y\",\"SEScore\":null,\"SEDate\":\"2018-08-06T14:07:47.7639413+07:00\",\"QAPass\":\"P\",\"QAScore\":null,\"QADate\":null,\"RowClientId\":\"Q$PD$246$A1SH83M00T9$2018080614074311\",\"RowState\":\"Modified\",\"RowVersion\":1,\"RowSyncDate\":\"2018-08-06T14:09:18.2067884+07:00\",\"CreateDeviceId\":\"A1SH83M00T9\",\"CreateUserId\":8328,\"ModifiedDeviceId\":\"A1SH83M00T9\",\"ModifiedUserId\":8328,\"CreatedDate\":\"2018-08-06T14:07:43.1105328+07:00\",\"ModifiedDate\":\"2018-08-06T14:07:47.7649049+07:00\",\"VersionNumber\":1,\"IsRequestQA\":null},{\"UFDetailID\":-4,\"UFFacilityID\":-1,\"ProjectID\":246,\"UFPhaseID\":-1,\"UFHeaderID\":-1,\"DetailVersionID\":null,\"DetailID\":34068,\"SEPass\":\"Y\",\"SEScore\":null,\"SEDate\":\"2018-08-06T14:07:47.7699391+07:00\",\"QAPass\":\"P\",\"QAScore\":null,\"QADate\":null,\"RowClientId\":\"Q$PD$246$A1SH83M00T9$20180806140743129\",\"RowState\":\"Modified\",\"RowVersion\":1,\"RowSyncDate\":\"2018-08-06T14:09:18.2067884+07:00\",\"CreateDeviceId\":\"A1SH83M00T9\",\"CreateUserId\":8328,\"ModifiedDeviceId\":\"A1SH83M00T9\",\"ModifiedUserId\":8328,\"CreatedDate\":\"2018-08-06T14:07:43.1294424+07:00\",\"ModifiedDate\":\"2018-08-06T14:07:47.7709363+07:00\",\"VersionNumber\":1,\"IsRequestQA\":null},{\"UFDetailID\":-5,\"UFFacilityID\":-1,\"ProjectID\":246,\"UFPhaseID\":-1,\"UFHeaderID\":-1,\"DetailVersionID\":null,\"DetailID\":34069,\"SEPass\":\"Y\",\"SEScore\":null,\"SEDate\":\"2018-08-06T14:07:47.7758758+07:00\",\"QAPass\":\"P\",\"QAScore\":null,\"QADate\":null,\"RowClientId\":\"Q$PD$246$A1SH83M00T9$20180806140743152\",\"RowState\":\"Modified\",\"RowVersion\":1,\"RowSyncDate\":\"2018-08-06T14:09:18.2067884+07:00\",\"CreateDeviceId\":\"A1SH83M00T9\",\"CreateUserId\":8328,\"ModifiedDeviceId\":\"A1SH83M00T9\",\"ModifiedUserId\":8328,\"CreatedDate\":\"2018-08-06T14:07:43.1521066+07:00\",\"ModifiedDate\":\"2018-08-06T14:07:47.7768741+07:00\",\"VersionNumber\":1,\"IsRequestQA\":null},{\"UFDetailID\":-6,\"UFFacilityID\":-1,\"ProjectID\":246,\"UFPhaseID\":-1,\"UFHeaderID\":-1,\"DetailVersionID\":null,\"DetailID\":34070,\"SEPass\":\"Y\",\"SEScore\":null,\"SEDate\":\"2018-08-06T14:07:47.7808621+07:00\",\"QAPass\":\"P\",\"QAScore\":null,\"QADate\":null,\"RowClientId\":\"Q$PD$246$A1SH83M00T9$20180806140743173\",\"RowState\":\"Modified\",\"RowVersion\":1,\"RowSyncDate\":\"2018-08-06T14:09:18.2067884+07:00\",\"CreateDeviceId\":\"A1SH83M00T9\",\"CreateUserId\":8328,\"ModifiedDeviceId\":\"A1SH83M00T9\",\"ModifiedUserId\":8328,\"CreatedDate\":\"2018-08-06T14:07:43.1730105+07:00\",\"ModifiedDate\":\"2018-08-06T14:07:47.7818604+07:00\",\"VersionNumber\":1,\"IsRequestQA\":null},{\"UFDetailID\":-7,\"UFFacilityID\":-1,\"ProjectID\":246,\"UFPhaseID\":-1,\"UFHeaderID\":-1,\"DetailVersionID\":null,\"DetailID\":34071,\"SEPass\":\"Y\",\"SEScore\":null,\"SEDate\":\"2018-08-06T14:07:47.7858492+07:00\",\"QAPass\":\"P\",\"QAScore\":null,\"QADate\":null,\"RowClientId\":\"Q$PD$246$A1SH83M00T9$20180806140743192\",\"RowState\":\"Modified\",\"RowVersion\":1,\"RowSyncDate\":\"2018-08-06T14:09:18.2067884+07:00\",\"CreateDeviceId\":\"A1SH83M00T9\",\"CreateUserId\":8328,\"ModifiedDeviceId\":\"A1SH83M00T9\",\"ModifiedUserId\":8328,\"CreatedDate\":\"2018-08-06T14:07:43.1924109+07:00\",\"ModifiedDate\":\"2018-08-06T14:07:47.7868471+07:00\",\"VersionNumber\":1,\"IsRequestQA\":null},{\"UFDetailID\":-8,\"UFFacilityID\":-1,\"ProjectID\":246,\"UFPhaseID\":-1,\"UFHeaderID\":-1,\"DetailVersionID\":null,\"DetailID\":34072,\"SEPass\":\"Y\",\"SEScore\":null,\"SEDate\":\"2018-08-06T14:07:47.7908351+07:00\",\"QAPass\":\"P\",\"QAScore\":null,\"QADate\":null,\"RowClientId\":\"Q$PD$246$A1SH83M00T9$20180806140743211\",\"RowState\":\"Modified\",\"RowVersion\":1,\"RowSyncDate\":\"2018-08-06T14:09:18.2067884+07:00\",\"CreateDeviceId\":\"A1SH83M00T9\",\"CreateUserId\":8328,\"ModifiedDeviceId\":\"A1SH83M00T9\",\"ModifiedUserId\":8328,\"CreatedDate\":\"2018-08-06T14:07:43.2118634+07:00\",\"ModifiedDate\":\"2018-08-06T14:07:47.7918334+07:00\",\"VersionNumber\":1,\"IsRequestQA\":null},{\"UFDetailID\":-9,\"UFFacilityID\":-1,\"ProjectID\":246,\"UFPhaseID\":-1,\"UFHeaderID\":-1,\"DetailVersionID\":null,\"DetailID\":34073,\"SEPass\":\"Y\",\"SEScore\":null,\"SEDate\":\"2018-08-06T14:07:47.7968198+07:00\",\"QAPass\":\"P\",\"QAScore\":null,\"QADate\":null,\"RowClientId\":\"Q$PD$246$A1SH83M00T9$20180806140743232\",\"RowState\":\"Modified\",\"RowVersion\":1,\"RowSyncDate\":\"2018-08-06T14:09:18.2067884+07:00\",\"CreateDeviceId\":\"A1SH83M00T9\",\"CreateUserId\":8328,\"ModifiedDeviceId\":\"A1SH83M00T9\",\"ModifiedUserId\":8328,\"CreatedDate\":\"2018-08-06T14:07:43.2323475+07:00\",\"ModifiedDate\":\"2018-08-06T14:07:47.7978177+07:00\",\"VersionNumber\":1,\"IsRequestQA\":null},{\"UFDetailID\":-10,\"UFFacilityID\":-1,\"ProjectID\":246,\"UFPhaseID\":-1,\"UFHeaderID\":-1,\"DetailVersionID\":null,\"DetailID\":34074,\"SEPass\":\"Y\",\"SEScore\":null,\"SEDate\":\"2018-08-06T14:07:47.8018065+07:00\",\"QAPass\":\"P\",\"QAScore\":null,\"QADate\":null,\"RowClientId\":\"Q$PD$246$A1SH83M00T9$20180806140743253\",\"RowState\":\"Modified\",\"RowVersion\":1,\"RowSyncDate\":\"2018-08-06T14:09:18.2067884+07:00\",\"CreateDeviceId\":\"A1SH83M00T9\",\"CreateUserId\":8328,\"ModifiedDeviceId\":\"A1SH83M00T9\",\"ModifiedUserId\":8328,\"CreatedDate\":\"2018-08-06T14:07:43.2530713+07:00\",\"ModifiedDate\":\"2018-08-06T14:07:47.802804+07:00\",\"VersionNumber\":1,\"IsRequestQA\":null},{\"UFDetailID\":-11,\"UFFacilityID\":-1,\"ProjectID\":246,\"UFPhaseID\":-1,\"UFHeaderID\":-1,\"DetailVersionID\":null,\"DetailID\":34075,\"SEPass\":\"Y\",\"SEScore\":null,\"SEDate\":\"2018-08-06T14:07:47.8077907+07:00\",\"QAPass\":\"P\",\"QAScore\":null,\"QADate\":null,\"RowClientId\":\"Q$PD$246$A1SH83M00T9$20180806140743275\",\"RowState\":\"Modified\",\"RowVersion\":1,\"RowSyncDate\":\"2018-08-06T14:09:18.2067884+07:00\",\"CreateDeviceId\":\"A1SH83M00T9\",\"CreateUserId\":8328,\"ModifiedDeviceId\":\"A1SH83M00T9\",\"ModifiedUserId\":8328,\"CreatedDate\":\"2018-08-06T14:07:43.2750117+07:00\",\"ModifiedDate\":\"2018-08-06T14:07:47.8077907+07:00\",\"VersionNumber\":1,\"IsRequestQA\":null},{\"UFDetailID\":-12,\"UFFacilityID\":-1,\"ProjectID\":246,\"UFPhaseID\":-1,\"UFHeaderID\":-1,\"DetailVersionID\":null,\"DetailID\":34076,\"SEPass\":\"Y\",\"SEScore\":null,\"SEDate\":\"2018-08-06T14:07:47.812777+07:00\",\"QAPass\":\"P\",\"QAScore\":null,\"QADate\":null,\"RowClientId\":\"Q$PD$246$A1SH83M00T9$20180806140743293\",\"RowState\":\"Modified\",\"RowVersion\":1,\"RowSyncDate\":\"2018-08-06T14:09:18.2067884+07:00\",\"CreateDeviceId\":\"A1SH83M00T9\",\"CreateUserId\":8328,\"ModifiedDeviceId\":\"A1SH83M00T9\",\"ModifiedUserId\":8328,\"CreatedDate\":\"2018-08-06T14:07:43.2936298+07:00\",\"ModifiedDate\":\"2018-08-06T14:07:47.812777+07:00\",\"VersionNumber\":1,\"IsRequestQA\":null},{\"UFDetailID\":-13,\"UFFacilityID\":-1,\"ProjectID\":246,\"UFPhaseID\":-1,\"UFHeaderID\":-1,\"DetailVersionID\":null,\"DetailID\":34077,\"SEPass\":\"Y\",\"SEScore\":null,\"SEDate\":\"2018-08-06T14:07:47.8197585+07:00\",\"QAPass\":\"P\",\"QAScore\":null,\"QADate\":null,\"RowClientId\":\"Q$PD$246$A1SH83M00T9$20180806140743313\",\"RowState\":\"Modified\",\"RowVersion\":1,\"RowSyncDate\":\"2018-08-06T14:09:18.2067884+07:00\",\"CreateDeviceId\":\"A1SH83M00T9\",\"CreateUserId\":8328,\"ModifiedDeviceId\":\"A1SH83M00T9\",\"ModifiedUserId\":8328,\"CreatedDate\":\"2018-08-06T14:07:43.3133466+07:00\",\"ModifiedDate\":\"2018-08-06T14:07:47.8207557+07:00\",\"VersionNumber\":1,\"IsRequestQA\":null},{\"UFDetailID\":-14,\"UFFacilityID\":-1,\"ProjectID\":246,\"UFPhaseID\":-1,\"UFHeaderID\":-1,\"DetailVersionID\":null,\"DetailID\":34078,\"SEPass\":\"Y\",\"SEScore\":null,\"SEDate\":\"2018-08-06T14:07:47.8267399+07:00\",\"QAPass\":\"P\",\"QAScore\":null,\"QADate\":null,\"RowClientId\":\"Q$PD$246$A1SH83M00T9$20180806140743332\",\"RowState\":\"Modified\",\"RowVersion\":1,\"RowSyncDate\":\"2018-08-06T14:09:18.2067884+07:00\",\"CreateDeviceId\":\"A1SH83M00T9\",\"CreateUserId\":8328,\"ModifiedDeviceId\":\"A1SH83M00T9\",\"ModifiedUserId\":8328,\"CreatedDate\":\"2018-08-06T14:07:43.3329721+07:00\",\"ModifiedDate\":\"2018-08-06T14:07:47.8277454+07:00\",\"VersionNumber\":1,\"IsRequestQA\":null},{\"UFDetailID\":-15,\"UFFacilityID\":-1,\"ProjectID\":246,\"UFPhaseID\":-1,\"UFHeaderID\":-1,\"DetailVersionID\":null,\"DetailID\":34079,\"SEPass\":\"Y\",\"SEScore\":null,\"SEDate\":\"2018-08-06T14:07:47.8327234+07:00\",\"QAPass\":\"P\",\"QAScore\":null,\"QADate\":null,\"RowClientId\":\"Q$PD$246$A1SH83M00T9$20180806140743353\",\"RowState\":\"Modified\",\"RowVersion\":1,\"RowSyncDate\":\"2018-08-06T14:09:18.2067884+07:00\",\"CreateDeviceId\":\"A1SH83M00T9\",\"CreateUserId\":8328,\"ModifiedDeviceId\":\"A1SH83M00T9\",\"ModifiedUserId\":8328,\"CreatedDate\":\"2018-08-06T14:07:43.3528074+07:00\",\"ModifiedDate\":\"2018-08-06T14:07:47.8337217+07:00\",\"VersionNumber\":1,\"IsRequestQA\":null},{\"UFDetailID\":-16,\"UFFacilityID\":-1,\"ProjectID\":246,\"UFPhaseID\":-1,\"UFHeaderID\":-1,\"DetailVersionID\":null,\"DetailID\":34080,\"SEPass\":\"Y\",\"SEScore\":null,\"SEDate\":\"2018-08-06T14:07:47.8387077+07:00\",\"QAPass\":\"P\",\"QAScore\":null,\"QADate\":null,\"RowClientId\":\"Q$PD$246$A1SH83M00T9$20180806140743372\",\"RowState\":\"Modified\",\"RowVersion\":1,\"RowSyncDate\":\"2018-08-06T14:09:18.2067884+07:00\",\"CreateDeviceId\":\"A1SH83M00T9\",\"CreateUserId\":8328,\"ModifiedDeviceId\":\"A1SH83M00T9\",\"ModifiedUserId\":8328,\"CreatedDate\":\"2018-08-06T14:07:43.372764+07:00\",\"ModifiedDate\":\"2018-08-06T14:07:47.8397052+07:00\",\"VersionNumber\":1,\"IsRequestQA\":null},{\"UFDetailID\":-17,\"UFFacilityID\":-1,\"ProjectID\":246,\"UFPhaseID\":-1,\"UFHeaderID\":-1,\"DetailVersionID\":null,\"DetailID\":34081,\"SEPass\":\"Y\",\"SEScore\":null,\"SEDate\":\"2018-08-06T14:07:47.8436944+07:00\",\"QAPass\":\"P\",\"QAScore\":null,\"QADate\":null,\"RowClientId\":\"Q$PD$246$A1SH83M00T9$20180806140743393\",\"RowState\":\"Modified\",\"RowVersion\":1,\"RowSyncDate\":\"2018-08-06T14:09:18.2067884+07:00\",\"CreateDeviceId\":\"A1SH83M00T9\",\"CreateUserId\":8328,\"ModifiedDeviceId\":\"A1SH83M00T9\",\"ModifiedUserId\":8328,\"CreatedDate\":\"2018-08-06T14:07:43.393011+07:00\",\"ModifiedDate\":\"2018-08-06T14:07:47.8446919+07:00\",\"VersionNumber\":1,\"IsRequestQA\":null},{\"UFDetailID\":-18,\"UFFacilityID\":-1,\"ProjectID\":246,\"UFPhaseID\":-1,\"UFHeaderID\":-1,\"DetailVersionID\":null,\"DetailID\":34082,\"SEPass\":\"Y\",\"SEScore\":null,\"SEDate\":\"2018-08-06T14:07:47.8486807+07:00\",\"QAPass\":\"P\",\"QAScore\":null,\"QADate\":null,\"RowClientId\":\"Q$PD$246$A1SH83M00T9$20180806140743413\",\"RowState\":\"Modified\",\"RowVersion\":1,\"RowSyncDate\":\"2018-08-06T14:09:18.2067884+07:00\",\"CreateDeviceId\":\"A1SH83M00T9\",\"CreateUserId\":8328,\"ModifiedDeviceId\":\"A1SH83M00T9\",\"ModifiedUserId\":8328,\"CreatedDate\":\"2018-08-06T14:07:43.4130646+07:00\",\"ModifiedDate\":\"2018-08-06T14:07:47.8496786+07:00\",\"VersionNumber\":1,\"IsRequestQA\":null},{\"UFDetailID\":-19,\"UFFacilityID\":-1,\"ProjectID\":246,\"UFPhaseID\":-1,\"UFHeaderID\":-1,\"DetailVersionID\":null,\"DetailID\":34083,\"SEPass\":\"Y\",\"SEScore\":null,\"SEDate\":\"2018-08-06T14:07:47.8546665+07:00\",\"QAPass\":\"P\",\"QAScore\":null,\"QADate\":null,\"RowClientId\":\"Q$PD$246$A1SH83M00T9$20180806140743433\",\"RowState\":\"Modified\",\"RowVersion\":1,\"RowSyncDate\":\"2018-08-06T14:09:18.2067884+07:00\",\"CreateDeviceId\":\"A1SH83M00T9\",\"CreateUserId\":8328,\"ModifiedDeviceId\":\"A1SH83M00T9\",\"ModifiedUserId\":8328,\"CreatedDate\":\"2018-08-06T14:07:43.4330427+07:00\",\"ModifiedDate\":\"2018-08-06T14:07:47.855664+07:00\",\"VersionNumber\":1,\"IsRequestQA\":null},{\"UFDetailID\":-20,\"UFFacilityID\":-1,\"ProjectID\":246,\"UFPhaseID\":-2,\"UFHeaderID\":-2,\"DetailVersionID\":null,\"DetailID\":52351,\"SEPass\":\"Y\",\"SEScore\":null,\"SEDate\":\"2018-08-06T14:08:39.019057+07:00\",\"QAPass\":null,\"QAScore\":null,\"QADate\":null,\"RowClientId\":\"Q$PD$246$A1SH83M00T9$2018080614083519\",\"RowState\":\"Modified\",\"RowVersion\":1,\"RowSyncDate\":\"2018-08-06T14:09:18.2067884+07:00\",\"CreateDeviceId\":\"A1SH83M00T9\",\"CreateUserId\":8328,\"ModifiedDeviceId\":\"A1SH83M00T9\",\"ModifiedUserId\":8328,\"CreatedDate\":\"2018-08-06T14:08:35.1894953+07:00\",\"ModifiedDate\":\"2018-08-06T14:08:39.0200553+07:00\",\"VersionNumber\":1,\"IsRequestQA\":null},{\"UFDetailID\":-21,\"UFFacilityID\":-1,\"ProjectID\":246,\"UFPhaseID\":-2,\"UFHeaderID\":-2,\"DetailVersionID\":null,\"DetailID\":34084,\"SEPass\":\"Y\",\"SEScore\":null,\"SEDate\":\"2018-08-06T14:08:39.0290281+07:00\",\"QAPass\":null,\"QAScore\":null,\"QADate\":null,\"RowClientId\":\"Q$PD$246$A1SH83M00T9$20180806140835212\",\"RowState\":\"Modified\",\"RowVersion\":1,\"RowSyncDate\":\"2018-08-06T14:09:18.2067884+07:00\",\"CreateDeviceId\":\"A1SH83M00T9\",\"CreateUserId\":8328,\"ModifiedDeviceId\":\"A1SH83M00T9\",\"ModifiedUserId\":8328,\"CreatedDate\":\"2018-08-06T14:08:35.2129796+07:00\",\"ModifiedDate\":\"2018-08-06T14:08:39.030028+07:00\",\"VersionNumber\":2,\"IsRequestQA\":null},{\"UFDetailID\":-22,\"UFFacilityID\":-1,\"ProjectID\":246,\"UFPhaseID\":-2,\"UFHeaderID\":-2,\"DetailVersionID\":null,\"DetailID\":34085,\"SEPass\":\"Y\",\"SEScore\":null,\"SEDate\":\"2018-08-06T14:08:39.0340163+07:00\",\"QAPass\":null,\"QAScore\":null,\"QADate\":null,\"RowClientId\":\"Q$PD$246$A1SH83M00T9$20180806140835233\",\"RowState\":\"Modified\",\"RowVersion\":1,\"RowSyncDate\":\"2018-08-06T14:09:18.2067884+07:00\",\"CreateDeviceId\":\"A1SH83M00T9\",\"CreateUserId\":8328,\"ModifiedDeviceId\":\"A1SH83M00T9\",\"ModifiedUserId\":8328,\"CreatedDate\":\"2018-08-06T14:08:35.2338827+07:00\",\"ModifiedDate\":\"2018-08-06T14:08:39.0350146+07:00\",\"VersionNumber\":2,\"IsRequestQA\":null},{\"UFDetailID\":-23,\"UFFacilityID\":-1,\"ProjectID\":246,\"UFPhaseID\":-2,\"UFHeaderID\":-2,\"DetailVersionID\":null,\"DetailID\":34086,\"SEPass\":\"Y\",\"SEScore\":null,\"SEDate\":\"2018-08-06T14:08:39.0400002+07:00\",\"QAPass\":null,\"QAScore\":null,\"QADate\":null,\"RowClientId\":\"Q$PD$246$A1SH83M00T9$20180806140835252\",\"RowState\":\"Modified\",\"RowVersion\":1,\"RowSyncDate\":\"2018-08-06T14:09:18.2067884+07:00\",\"CreateDeviceId\":\"A1SH83M00T9\",\"CreateUserId\":8328,\"ModifiedDeviceId\":\"A1SH83M00T9\",\"ModifiedUserId\":8328,\"CreatedDate\":\"2018-08-06T14:08:35.2528319+07:00\",\"ModifiedDate\":\"2018-08-06T14:08:39.0409963+07:00\",\"VersionNumber\":2,\"IsRequestQA\":null},{\"UFDetailID\":-24,\"UFFacilityID\":-1,\"ProjectID\":246,\"UFPhaseID\":-2,\"UFHeaderID\":-2,\"DetailVersionID\":null,\"DetailID\":34087,\"SEPass\":\"Y\",\"SEScore\":null,\"SEDate\":\"2018-08-06T14:08:39.0459841+07:00\",\"QAPass\":null,\"QAScore\":null,\"QADate\":null,\"RowClientId\":\"Q$PD$246$A1SH83M00T9$20180806140835273\",\"RowState\":\"Modified\",\"RowVersion\":1,\"RowSyncDate\":\"2018-08-06T14:09:18.2067884+07:00\",\"CreateDeviceId\":\"A1SH83M00T9\",\"CreateUserId\":8328,\"ModifiedDeviceId\":\"A1SH83M00T9\",\"ModifiedUserId\":8328,\"CreatedDate\":\"2018-08-06T14:08:35.2739673+07:00\",\"ModifiedDate\":\"2018-08-06T14:08:39.0469817+07:00\",\"VersionNumber\":2,\"IsRequestQA\":null},{\"UFDetailID\":-25,\"UFFacilityID\":-1,\"ProjectID\":246,\"UFPhaseID\":-2,\"UFHeaderID\":-2,\"DetailVersionID\":null,\"DetailID\":34088,\"SEPass\":\"Y\",\"SEScore\":null,\"SEDate\":\"2018-08-06T14:08:39.0519706+07:00\",\"QAPass\":null,\"QAScore\":null,\"QADate\":null,\"RowClientId\":\"Q$PD$246$A1SH83M00T9$20180806140835297\",\"RowState\":\"Modified\",\"RowVersion\":1,\"RowSyncDate\":\"2018-08-06T14:09:18.2067884+07:00\",\"CreateDeviceId\":\"A1SH83M00T9\",\"CreateUserId\":8328,\"ModifiedDeviceId\":\"A1SH83M00T9\",\"ModifiedUserId\":8328,\"CreatedDate\":\"2018-08-06T14:08:35.2978692+07:00\",\"ModifiedDate\":\"2018-08-06T14:08:39.0519706+07:00\",\"VersionNumber\":2,\"IsRequestQA\":null},{\"UFDetailID\":-26,\"UFFacilityID\":-1,\"ProjectID\":246,\"UFPhaseID\":-2,\"UFHeaderID\":-2,\"DetailVersionID\":null,\"DetailID\":34089,\"SEPass\":\"Y\",\"SEScore\":null,\"SEDate\":\"2018-08-06T14:08:39.0573096+07:00\",\"QAPass\":null,\"QAScore\":null,\"QADate\":null,\"RowClientId\":\"Q$PD$246$A1SH83M00T9$20180806140835318\",\"RowState\":\"Modified\",\"RowVersion\":1,\"RowSyncDate\":\"2018-08-06T14:09:18.2067884+07:00\",\"CreateDeviceId\":\"A1SH83M00T9\",\"CreateUserId\":8328,\"ModifiedDeviceId\":\"A1SH83M00T9\",\"ModifiedUserId\":8328,\"CreatedDate\":\"2018-08-06T14:08:35.318945+07:00\",\"ModifiedDate\":\"2018-08-06T14:08:39.0583068+07:00\",\"VersionNumber\":2,\"IsRequestQA\":null},{\"UFDetailID\":-27,\"UFFacilityID\":-1,\"ProjectID\":246,\"UFPhaseID\":-2,\"UFHeaderID\":-2,\"DetailVersionID\":null,\"DetailID\":34090,\"SEPass\":\"Y\",\"SEScore\":null,\"SEDate\":\"2018-08-06T14:08:39.0632935+07:00\",\"QAPass\":null,\"QAScore\":null,\"QADate\":null,\"RowClientId\":\"Q$PD$246$A1SH83M00T9$20180806140835341\",\"RowState\":\"Modified\",\"RowVersion\":1,\"RowSyncDate\":\"2018-08-06T14:09:18.2067884+07:00\",\"CreateDeviceId\":\"A1SH83M00T9\",\"CreateUserId\":8328,\"ModifiedDeviceId\":\"A1SH83M00T9\",\"ModifiedUserId\":8328,\"CreatedDate\":\"2018-08-06T14:08:35.341067+07:00\",\"ModifiedDate\":\"2018-08-06T14:08:39.0642914+07:00\",\"VersionNumber\":2,\"IsRequestQA\":null},{\"UFDetailID\":-28,\"UFFacilityID\":-1,\"ProjectID\":246,\"UFPhaseID\":-2,\"UFHeaderID\":-2,\"DetailVersionID\":null,\"DetailID\":34091,\"SEPass\":\"Y\",\"SEScore\":null,\"SEDate\":\"2018-08-06T14:08:39.0682802+07:00\",\"QAPass\":null,\"QAScore\":null,\"QADate\":null,\"RowClientId\":\"Q$PD$246$A1SH83M00T9$2018080614083536\",\"RowState\":\"Modified\",\"RowVersion\":1,\"RowSyncDate\":\"2018-08-06T14:09:18.2067884+07:00\",\"CreateDeviceId\":\"A1SH83M00T9\",\"CreateUserId\":8328,\"ModifiedDeviceId\":\"A1SH83M00T9\",\"ModifiedUserId\":8328,\"CreatedDate\":\"2018-08-06T14:08:35.3606146+07:00\",\"ModifiedDate\":\"2018-08-06T14:08:39.0692773+07:00\",\"VersionNumber\":2,\"IsRequestQA\":null}]",
          "FacilityType": "F",
          "LastSyncDate": "2018-08-06T14:09:18.2067884+07:00",
          "LastSyncUserId": 8328,
          "ModifiedDate": "2018-08-06T14:07:43",
          "ModifiedUserId": 8328,
          "POID": 122753,
          "GRParallelIndex": 2,
          "RowState": "AddNew"
        }
      ]
    }
  ]
}