{
  "SessionId" : "e7f8b3ab-c0d3-4503-abaa-b8ce075ab952",
  "SessionDate" : "2019-06-27T17:26:16.939+07:00",
  "ClientDeviceId" : "9a88823200373fe2",
  "ClientUserId" : "5269",
  "ClientName" : "APQIS",
  "ClientVersion" : "1.0.0.0",
  "SessionDataType" : "QisUnitDataAndPO",
  "SessionUserRole" : "SE",
  "SessionDataPath" : "205",
  "Data" : [ {
    "HEADER" : {
      "BU" : "1",
      "JsonData" : "{\n  \"ProjectID\" : 205,\n  \"ProjectCode\" : \"4/045\",\n  \"ProjectName\" : \"The City ไทรม้า\",\n  \"ProjectCRMCode\" : \"40045\",\n  \"ProjectType\" : null,\n  \"Plant\" : \"4045\",\n  \"Status\" : \"Active\",\n  \"PM\" : 5267,\n  \"BU\" : \"1\",\n  \"RefID\" : null,\n  \"CreatedDate\" : null,\n  \"ModifiedDate\" : \"2018-10-18T15:14:33.143+07:00\",\n  \"DeletedDate\" : null,\n  \"ProjectFullName\" : \"4/045 - The City ไทรม้า\",\n  \"ProjectCRMFullName\" : \"40045\",\n  \"BUName\" : \"BG 1\",\n  \"StatusName\" : \"อยู่ระหว่างก่อสร้าง\",\n  \"PMCode\" : \"Test_PM\",\n  \"PMName\" : \"คุณPM PM\",\n  \"CanRedeem\" : null,\n  \"SERedeem\" : null,\n  \"QARedeem\" : null,\n  \"RedeemModelID\" : null,\n  \"SurveyModelID\" : null,\n  \"CanRedeemName\" : \"ยังไม่ตรวจ Pre ไถ่ถอน\",\n  \"SERedeemName\" : null,\n  \"QARedeemName\" : null,\n  \"RedeemModelName\" : null,\n  \"SurveyModelName\" : null,\n  \"CanSurvey\" : null,\n  \"QASurvey\" : null\n}",
      "ProjectCode" : "4/045",
      "ProjectID" : 205,
      "ProjectName" : "The City ไทรม้า",
      "ProjectType" : null
    },
    "DETAILS" : [ {
      "DataOwnerUserId" : 5269,
      "LastSyncDate" : "2019-06-27T17:26:16.832+07:00",
      "LastSyncUserId" : 5269,
      "MaxDetailID" : 69874,
      "MaxHeaderID" : 16670,
      "MaxPhaseID" : 1250,
      "ModelID" : 247,
      "ModelName" : "",
      "ModelUnitDataId" : "62750.247_UID5269",
      "ModifiedDate" : "2019-06-27T17:26:16.833+07:00",
      "ModifiedUserId" : 0,
      "ProjectID" : 205,
      "ProjectName" : "",
      "RowState" : "Modified",
      "UDefectDetails" : "[]",
      "UDetails" : "[{\"DetailID\":69748,\"VersionNumber\":1,\"HeaderID\":16350,\"ScoreID\":0,\"SubjectID\":null,\"GroupName\":\"1\",\"DetailName\":\"1 ถนนสำหรับรถบรรทุกเสาเข็ม\",\"Seq\":1,\"Status\":null,\"Remark\":null,\"CreatedBy\":5269,\"CreatedDate\":\"2019-06-27T17:14:24.101+07:00\",\"ModifiedBy\":5269,\"ModifiedDate\":\"2019-06-27T17:14:24.102+07:00\",\"DeletedBy\":null,\"DeletedDate\":null,\"RefID\":null,\"HelpMStorageServerId\":null,\"HelpMFilePath\":null,\"HelpMMineType\":null,\"HelpMFileLength\":null,\"HelpMUpdateDate\":null,\"UDetailID\":0,\"UnitID\":62750,\"UPhaseID\":0,\"UHeaderID\":0,\"DetailVersionID\":null,\"SEPass\":\"Y\",\"SEScore\":null,\"SEDate\":\"2019-06-27T17:14:24.099+07:00\",\"QAPass\":null,\"QAScore\":0,\"QADate\":null,\"RowClientId\":\"U62750UDT69748-Y-9a888232-20190627171424\",\"RowState\":\"AddNew\",\"RowVersion\":0,\"RowSyncDate\":\"2019-06-27T17:26:16.789+07:00\",\"CreateDeviceId\":\"9a88823200373fe2\",\"CreateUserId\":5269,\"ModifiedDeviceId\":\"9a88823200373fe2\",\"ModifiedUserId\":5269,\"IsMandatoryCapture\":null,\"IsMandatoryPDF\":null,\"IsApproveLock\":null,\"DetailDesc\":null,\"DetailDescId\":null,\"ModelID\":247,\"ProjectID\":205,\"UPhase_RowClientId\":\"U62750P1237-T-9a888232-20190627105833\",\"UHeader_RowClientId\":\"U62750UHD16350-T-9a888232-20190627135523\"}]",
      "UFADefectDetails" : null,
      "UFADetails" : null,
      "UFAHeaders" : null,
      "UFAPhases" : null,
      "UFAZones" : null,
      "UHeaders" : "[{\"ModelID\":247,\"ModelCode\":null,\"ModelName\":\"[2016]_BG1_SH2_City_Centro_Flab Slab\",\"ModelType\":\"U\",\"ModelTypeName\":\"บ้าน\",\"PhaseID\":1237,\"PhaseName\":\"00\",\"PhaseSeq\":0,\"PhaseType\":\"1\",\"Progress\":\"0.00\",\"HeaderID\":16350,\"HeaderVersionNumber\":16,\"HeaderName\":\"แบบฟอร์มขออนุมัติตอกเสาเข็ม (REQ01)\",\"HeaderType\":\"REQ\",\"HeaderSeq\":1,\"ForSe\":true,\"ForQA\":false,\"HeaderRemark\":null,\"AreaID\":0,\"AreaName\":\"\",\"CreatedBy\":5269,\"CreatedByName\":\"นางสาวอาวีศรี แจ่มศิริ\",\"CreatedDate\":\"2019-06-27T17:14:24.104+07:00\",\"ModifiedBy\":5269,\"ModifiedByName\":\"นางสาวอาวีศรี แจ่มศิริ\",\"ModifiedDate\":\"2019-06-27T17:14:24.104+07:00\",\"DeletedBy\":null,\"DeletedDate\":null,\"UHeaderID\":0,\"SEComplete\":\"Y\",\"QAComplete\":null,\"UFHeaderID\":0,\"RowClientId\":\"U62750UHD16350-T-9a888232-20190627135523\",\"RowState\":\"AddNew\",\"IsNewModelChange\":null,\"IsMandatoryCapture\":\"N\",\"UnitID\":62750,\"ProjectID\":205,\"UPhase_RowClientId\":\"U62750P1237-T-9a888232-20190627105833\",\"RowSyncDate\":\"2019-06-27T17:26:16.789+07:00\",\"CreateDeviceId\":\"9a88823200373fe2\",\"CreateUserId\":5269,\"ModifiedDeviceId\":\"9a88823200373fe2\",\"ModifiedUserId\":5269}]",
      "UPhases" : "[{\"Complete\":null,\"IsEndProduct\":false,\"IsReq\":null,\"JobPending\":0,\"ProcessNo\":0,\"QAComplete\":null,\"RowState\":\"AddNew\",\"RowSyncDate\":\"2019-06-27T17:26:16.789+07:00\",\"SEComplete\":\"N\",\"Seleted\":false,\"UFPhaseID\":0,\"UPhaseID\":0,\"CreatedBy\":5269,\"CreatedByName\":\"นางสาวอาวีศรี แจ่มศิริ\",\"CreatedDate\":\"2019-06-27T17:14:24.105+07:00\",\"DeletedBy\":null,\"DeletedDate\":null,\"ModelCode\":null,\"ModelID\":247,\"ModelName\":\"[2016]_BG1_SH2_City_Centro_Flab Slab\",\"ModelType\":\"U\",\"ModelTypeName\":\"บ้าน\",\"ModifiedBy\":5269,\"ModifiedByName\":\"นางสาวอาวีศรี แจ่มศิริ\",\"ModifiedDate\":\"2019-06-27T17:14:24.106+07:00\",\"PhaseID\":1237,\"PhaseName\":\"00\",\"PhaseSeq\":0,\"PhaseType\":\"1\",\"Progress\":0,\"UseOnFinish\":null,\"UseOnFinishProgress\":null,\"UseOnStartProgress\":null,\"UnitID\":62750,\"ProjectID\":205,\"RowClientId\":\"U62750P1237-T-9a888232-20190627105833\",\"CreateDeviceId\":\"9a88823200373fe2\",\"CreateUserId\":5269,\"ModifiedDeviceId\":\"9a88823200373fe2\",\"ModifiedUserId\":5269,\"SE\":5269,\"SECompleteDate\":null,\"StartDate\":\"2019-06-27T13:55:23.452+07:00\",\"OfflineDetailIDs\":null,\"OfflineDetailCount\":0}]",
      "UPlanPointImages" : "[]",
      "UnitID" : 62750,
      "UnitNumber" : "",
      "UnitPublicAreaID" : 0,
      "UnitWBS" : ""
    } ],
    "RESOURCES" : [ {
      "ModelId" : 0,
      "ClientDataType" : "1",
      "UDefectDetailID" : 0,
      "UDefectDetail_RowClientId" : null,
      "IsActive" : true,
      "CreateDeviceId" : "9a88823200373fe2",
      "CreateUserId" : 5269,
      "CreatedDate" : "2019-06-27T16:59:32.102+07:00",
      "Description" : "",
      "DetailId" : 69748,
      "FileLength" : 20597,
      "FilePath" : "/storage/emulated/0/Download/pdf-test.pdf",
      "HeaderId" : 16350,
      "ModifiedDate" : "2019-06-27T16:59:32.102+07:00",
      "ModifiedDeviceId" : "9a88823200373fe2",
      "ModifiedUserId" : 5269,
      "PhaseId" : 1237,
      "ProjectID" : 205,
      "RemoteUrlPath" : null,
      "ResourceGroupOrder" : 0,
      "ResourceGroupSet" : "",
      "ResourceId" : 0,
      "ResourceMineType" : "application/pdf",
      "ResourceTagCode" : "U-SE",
      "ResourceTagSubCode" : "D",
      "ResourceType" : 100,
      "RowClientId" : "U62750TR0-Y-9a888232-20190627165932",
      "RowState" : "AddNew",
      "RowSyncDate" : "2019-06-27T17:26:16.836+07:00",
      "RowVersion" : 0,
      "StorageServerId" : null,
      "Tag" : null,
      "TagState" : null,
      "UDetailId" : 0,
      "UDetail_RowClientId" : "U62750UDT69748-Y-9a888232-20190627165926",
      "UFADefectDetailID" : 0,
      "UFADefectDetail_RowClientId" : null,
      "UFADetailId" : 0,
      "UFADetail_RowClientId" : null,
      "UFAHeaderId" : 0,
      "UFAHeader_RowClientId" : null,
      "UFAPhaseId" : 0,
      "UFAPhase_RowClientId" : null,
      "UFDetailId" : 0,
      "UFDetail_RowClientId" : "",
      "UFHeaderId" : 0,
      "UFHeader_RowClientId" : "",
      "UFPhaseId" : 0,
      "UFPhase_RowClientId" : "",
      "UHeaderId" : 0,
      "UHeader_RowClientId" : "U62750UHD16350-T-9a888232-20190627135523",
      "UPhaseId" : 0,
      "UPhase_RowClientId" : "U62750P1237-T-9a888232-20190627105833",
      "UPlanPointImageID" : 0,
      "UPlanPointImage_RowClientId" : null,
      "UnitId" : 62750,
      "UnitPublicAreaId" : 0
    }, {
      "ModelId" : 0,
      "ClientDataType" : "1",
      "UDefectDetailID" : 0,
      "UDefectDetail_RowClientId" : null,
      "IsActive" : true,
      "CreateDeviceId" : "9a88823200373fe2",
      "CreateUserId" : 5269,
      "CreatedDate" : "2019-06-27T17:11:15.459+07:00",
      "Description" : "",
      "DetailId" : 69748,
      "FileLength" : 20597,
      "FilePath" : "/storage/emulated/0/Android/data/cn.wps.moffice_eng/.cache/KingsoftOffice/file/download/3e44e145-6262-4aa8-aa1c-4b9aad5cfed6/RedeemHistory-06-09-2018 16:01:11.pdf",
      "HeaderId" : 16350,
      "ModifiedDate" : "2019-06-27T17:11:15.459+07:00",
      "ModifiedDeviceId" : "9a88823200373fe2",
      "ModifiedUserId" : 5269,
      "PhaseId" : 1237,
      "ProjectID" : 205,
      "RemoteUrlPath" : null,
      "ResourceGroupOrder" : 0,
      "ResourceGroupSet" : "",
      "ResourceId" : 0,
      "ResourceMineType" : null,
      "ResourceTagCode" : "U-SE",
      "ResourceTagSubCode" : "D",
      "ResourceType" : 100,
      "RowClientId" : "U62750TR0-Y-9a888232-20190627171115",
      "RowState" : "AddNew",
      "RowSyncDate" : "2019-06-27T17:26:16.839+07:00",
      "RowVersion" : 0,
      "StorageServerId" : null,
      "Tag" : null,
      "TagState" : null,
      "UDetailId" : 0,
      "UDetail_RowClientId" : "U62750UDT69748-Y-9a888232-20190627171113",
      "UFADefectDetailID" : 0,
      "UFADefectDetail_RowClientId" : null,
      "UFADetailId" : 0,
      "UFADetail_RowClientId" : null,
      "UFAHeaderId" : 0,
      "UFAHeader_RowClientId" : null,
      "UFAPhaseId" : 0,
      "UFAPhase_RowClientId" : null,
      "UFDetailId" : 0,
      "UFDetail_RowClientId" : "",
      "UFHeaderId" : 0,
      "UFHeader_RowClientId" : "",
      "UFPhaseId" : 0,
      "UFPhase_RowClientId" : "",
      "UHeaderId" : 0,
      "UHeader_RowClientId" : "U62750UHD16350-T-9a888232-20190627135523",
      "UPhaseId" : 0,
      "UPhase_RowClientId" : "U62750P1237-T-9a888232-20190627105833",
      "UPlanPointImageID" : 0,
      "UPlanPointImage_RowClientId" : null,
      "UnitId" : 62750,
      "UnitPublicAreaId" : 0
    } ],
    "DETAILS_FA" : null
  } ]
}