﻿{
  "SessionId": "492395b6-8e07-4f74-82c7-ab380ce78576",
  "SessionDate": "2018-08-23T15:50:06.9941594+07:00",
  "ClientDeviceId": "9SN9V22CN74430517019K",
  "ClientUserId": "8328",
  "ClientName": "APQIS",
  "ClientVersion": "1.0.0.0",
  "SessionDataType": "QisUnitDataAndPO",
  "SessionUserRole": "SE",
  "SessionDataPath": "0",
  "Data": [
    {
      "HEADER": {
        "ProjectID": 233,
        "ProjectCode": "4/039",
        "ProjectName": "Centro พุทธบูชา32",
        "ProjectCRMCode": "40039",
        "JsonData": "{\"ProjectID\":233,\"ProjectCode\":\"4/039\",\"ProjectName\":\"Centro พุทธบูชา32\",\"ProjectCRMCode\":\"40039\",\"ProjectType\":null,\"Plant\":\"\",\"Status\":\"Active\",\"PM\":339,\"BU\":\"1\",\"RefID\":null,\"CreatedDate\":null,\"ModifiedDate\":\"2018-05-14T16:15:05.973\",\"DeletedDate\":null,\"ProjectFullName\":\"4/039 - Centro พุทธบูชา32\",\"ProjectCRMFullName\":\"40039\",\"BUName\":\"BG 1\",\"StatusName\":\"อยู่ระหว่างก่อสร้าง\",\"PMCode\":\"AP000571\",\"PMName\":\"นายโยธิน ปกสุข\",\"CanRedeem\":null,\"SERedeem\":null,\"QARedeem\":null,\"RedeemModelID\":161,\"SurveyModelID\":162,\"CanRedeemName\":\"ยังไม่ตรวจ Pre ไถ่ถอน\",\"SERedeemName\":null,\"QARedeemName\":null,\"RedeemModelName\":\"Pre ไถ่ถอน\",\"SurveyModelName\":\"Survey\",\"CanSurvey\":null,\"QASurvey\":null}",
        "BU": "1"
      },
      "DETAILS_PO": [],
      "DETAILS": [
        {
          "MaxPhaseID": 962,
          "MaxHeaderID": 12945,
          "MaxDetailID": 52445,
          "ModelUnitDataId": "63237.174_UID8328",
          "DataOwnerUserId": 8328,
          "ProjectID": 233,
          "ProjectName": "",
          "UnitID": 63237,
          "UnitNumber": "",
          "UnitWBS": "",
          "ModelID": 174,
          "ModelName": "",
          "UPhases": "[{\"UPhaseID\":-1,\"UnitID\":63237,\"PhaseID\":949,\"ModelID\":174,\"SE\":8328,\"SEComplete\":\"Y\",\"SECompleteDate\":\"2018-08-23T15:47:13.8636102+07:00\",\"QA\":null,\"QAComplete\":\"P\",\"QACompleteDate\":\"2018-08-23T15:47:13.8646079+07:00\",\"Complete\":\"Y\",\"StartDate\":\"2018-08-23T15:47:04.8787533+07:00\",\"FinishDate\":null,\"IsReq\":null,\"RefID\":null,\"RowClientId\":\"Q$UF$63237$SN9V22CN74430517019K$2018082315470488\",\"RowState\":\"Modified\",\"RowVersion\":1,\"RowSyncDate\":\"2018-08-23T15:50:06.9941594+07:00\",\"CreateDeviceId\":\"9SN9V22CN74430517019K\",\"CreateUserId\":8328,\"ModifiedDeviceId\":\"9SN9V22CN74430517019K\",\"ModifiedUserId\":8328,\"CreatedDate\":\"2018-08-23T15:47:04.8787533+07:00\",\"ModifiedDate\":\"2018-08-23T15:47:13.8196364+07:00\",\"ActualProcessDays\":null,\"RowSyncSessionId\":null,\"RowClientTypeID\":null,\"OfflineDetailIDs\":null,\"OfflineDetailCount\":null},{\"UPhaseID\":-2,\"UnitID\":63237,\"PhaseID\":950,\"ModelID\":174,\"SE\":8328,\"SEComplete\":\"Y\",\"SECompleteDate\":\"2018-08-23T15:49:51.0372834+07:00\",\"QA\":null,\"QAComplete\":null,\"QACompleteDate\":null,\"Complete\":\"N\",\"StartDate\":\"2018-08-23T15:47:18.5309246+07:00\",\"FinishDate\":null,\"IsReq\":null,\"RefID\":null,\"RowClientId\":\"Q$UF$63237$SN9V22CN74430517019K$2018082315471853\",\"RowState\":\"Modified\",\"RowVersion\":1,\"RowSyncDate\":\"2018-08-23T15:50:06.9941594+07:00\",\"CreateDeviceId\":\"9SN9V22CN74430517019K\",\"CreateUserId\":8328,\"ModifiedDeviceId\":\"9SN9V22CN74430517019K\",\"ModifiedUserId\":8328,\"CreatedDate\":\"2018-08-23T15:47:18.5309246+07:00\",\"ModifiedDate\":\"2018-08-23T15:49:50.8803729+07:00\",\"ActualProcessDays\":null,\"RowSyncSessionId\":null,\"RowClientTypeID\":null,\"OfflineDetailIDs\":null,\"OfflineDetailCount\":null}]",
          "UHeaders": "[{\"UHeaderID\":-1,\"UnitID\":63237,\"UPhaseID\":-1,\"HeaderVersionID\":null,\"HeaderID\":12587,\"PhaseID\":949,\"AreaID\":0,\"SEComplete\":\"Y\",\"QAComplete\":\"P\",\"RefID\":null,\"RowClientId\":\"Q$UH$63237$SN9V22CN74430517019K$20180823154707161\",\"RowState\":\"Modified\",\"RowVersion\":1,\"RowSyncDate\":\"2018-08-23T15:50:06.9941594+07:00\",\"CreateDeviceId\":\"9SN9V22CN74430517019K\",\"CreateUserId\":8328,\"ModifiedDeviceId\":\"9SN9V22CN74430517019K\",\"ModifiedUserId\":8328,\"CreatedDate\":\"2018-08-23T15:47:07.1594492+07:00\",\"ModifiedDate\":\"2018-08-23T15:47:13.8196364+07:00\",\"VersionNumber\":16},{\"UHeaderID\":-2,\"UnitID\":63237,\"UPhaseID\":-2,\"HeaderVersionID\":null,\"HeaderID\":12588,\"PhaseID\":950,\"AreaID\":0,\"SEComplete\":\"Y\",\"QAComplete\":\"P\",\"RefID\":null,\"RowClientId\":\"Q$UH$63237$SN9V22CN74430517019K$20180823154722297\",\"RowState\":\"Modified\",\"RowVersion\":1,\"RowSyncDate\":\"2018-08-23T15:50:06.9941594+07:00\",\"CreateDeviceId\":\"9SN9V22CN74430517019K\",\"CreateUserId\":8328,\"ModifiedDeviceId\":\"9SN9V22CN74430517019K\",\"ModifiedUserId\":8328,\"CreatedDate\":\"2018-08-23T15:47:22.2977691+07:00\",\"ModifiedDate\":\"2018-08-23T15:47:22.6785669+07:00\",\"VersionNumber\":9},{\"UHeaderID\":-3,\"UnitID\":63237,\"UPhaseID\":-2,\"HeaderVersionID\":null,\"HeaderID\":12941,\"PhaseID\":950,\"AreaID\":0,\"SEComplete\":\"Y\",\"QAComplete\":\"P\",\"RefID\":null,\"RowClientId\":\"Q$UH$63237$SN9V22CN74430517019K$20180823154729844\",\"RowState\":\"Modified\",\"RowVersion\":1,\"RowSyncDate\":\"2018-08-23T15:50:06.9941594+07:00\",\"CreateDeviceId\":\"9SN9V22CN74430517019K\",\"CreateUserId\":8328,\"ModifiedDeviceId\":\"9SN9V22CN74430517019K\",\"ModifiedUserId\":8328,\"CreatedDate\":\"2018-08-23T15:47:29.844452+07:00\",\"ModifiedDate\":\"2018-08-23T15:49:45.0647019+07:00\",\"VersionNumber\":1},{\"UHeaderID\":-4,\"UnitID\":63237,\"UPhaseID\":-2,\"HeaderVersionID\":null,\"HeaderID\":12942,\"PhaseID\":950,\"AreaID\":0,\"SEComplete\":\"Y\",\"QAComplete\":\"P\",\"RefID\":null,\"RowClientId\":\"Q$UH$63237$SN9V22CN74430517019K$2018082315474201\",\"RowState\":\"Modified\",\"RowVersion\":1,\"RowSyncDate\":\"2018-08-23T15:50:06.9941594+07:00\",\"CreateDeviceId\":\"9SN9V22CN74430517019K\",\"CreateUserId\":8328,\"ModifiedDeviceId\":\"9SN9V22CN74430517019K\",\"ModifiedUserId\":8328,\"CreatedDate\":\"2018-08-23T15:47:42.0106481+07:00\",\"ModifiedDate\":\"2018-08-23T15:49:46.4698945+07:00\",\"VersionNumber\":1},{\"UHeaderID\":-5,\"UnitID\":63237,\"UPhaseID\":-2,\"HeaderVersionID\":null,\"HeaderID\":12589,\"PhaseID\":950,\"AreaID\":0,\"SEComplete\":\"Y\",\"QAComplete\":\"P\",\"RefID\":null,\"RowClientId\":\"Q$UH$63237$SN9V22CN74430517019K$20180823154748075\",\"RowState\":\"Modified\",\"RowVersion\":1,\"RowSyncDate\":\"2018-08-23T15:50:06.9941594+07:00\",\"CreateDeviceId\":\"9SN9V22CN74430517019K\",\"CreateUserId\":8328,\"ModifiedDeviceId\":\"9SN9V22CN74430517019K\",\"ModifiedUserId\":8328,\"CreatedDate\":\"2018-08-23T15:47:48.0751801+07:00\",\"ModifiedDate\":\"2018-08-23T15:47:54.5824576+07:00\",\"VersionNumber\":11},{\"UHeaderID\":-6,\"UnitID\":63237,\"UPhaseID\":-2,\"HeaderVersionID\":null,\"HeaderID\":12590,\"PhaseID\":950,\"AreaID\":0,\"SEComplete\":\"Y\",\"QAComplete\":\"P\",\"RefID\":null,\"RowClientId\":\"Q$UH$63237$SN9V22CN74430517019K$20180823154758062\",\"RowState\":\"Modified\",\"RowVersion\":1,\"RowSyncDate\":\"2018-08-23T15:50:06.9941594+07:00\",\"CreateDeviceId\":\"9SN9V22CN74430517019K\",\"CreateUserId\":8328,\"ModifiedDeviceId\":\"9SN9V22CN74430517019K\",\"ModifiedUserId\":8328,\"CreatedDate\":\"2018-08-23T15:47:58.0624839+07:00\",\"ModifiedDate\":\"2018-08-23T15:49:50.8803729+07:00\",\"VersionNumber\":13},{\"UHeaderID\":-7,\"UnitID\":63237,\"UPhaseID\":-2,\"HeaderVersionID\":null,\"HeaderID\":12943,\"PhaseID\":950,\"AreaID\":0,\"SEComplete\":\"Y\",\"QAComplete\":\"P\",\"RefID\":null,\"RowClientId\":\"Q$UH$63237$SN9V22CN74430517019K$20180823154811816\",\"RowState\":\"Modified\",\"RowVersion\":1,\"RowSyncDate\":\"2018-08-23T15:50:06.9941594+07:00\",\"CreateDeviceId\":\"9SN9V22CN74430517019K\",\"CreateUserId\":8328,\"ModifiedDeviceId\":\"9SN9V22CN74430517019K\",\"ModifiedUserId\":8328,\"CreatedDate\":\"2018-08-23T15:48:11.8165984+07:00\",\"ModifiedDate\":\"2018-08-23T15:49:40.0465721+07:00\",\"VersionNumber\":1},{\"UHeaderID\":-8,\"UnitID\":63237,\"UPhaseID\":-2,\"HeaderVersionID\":null,\"HeaderID\":12591,\"PhaseID\":950,\"AreaID\":0,\"SEComplete\":\"Y\",\"QAComplete\":\"N\",\"RefID\":null,\"RowClientId\":\"Q$UH$63237$SN9V22CN74430517019K$20180823154820911\",\"RowState\":\"Modified\",\"RowVersion\":1,\"RowSyncDate\":\"2018-08-23T15:50:06.9941594+07:00\",\"CreateDeviceId\":\"9SN9V22CN74430517019K\",\"CreateUserId\":8328,\"ModifiedDeviceId\":\"9SN9V22CN74430517019K\",\"ModifiedUserId\":8328,\"CreatedDate\":\"2018-08-23T15:48:20.9114124+07:00\",\"ModifiedDate\":\"2018-08-23T15:49:30.6369692+07:00\",\"VersionNumber\":8},{\"UHeaderID\":-9,\"UnitID\":63237,\"UPhaseID\":-2,\"HeaderVersionID\":null,\"HeaderID\":12592,\"PhaseID\":950,\"AreaID\":0,\"SEComplete\":\"Y\",\"QAComplete\":\"N\",\"RefID\":null,\"RowClientId\":\"Q$UH$63237$SN9V22CN74430517019K$20180823154837228\",\"RowState\":\"Modified\",\"RowVersion\":1,\"RowSyncDate\":\"2018-08-23T15:50:06.9941594+07:00\",\"CreateDeviceId\":\"9SN9V22CN74430517019K\",\"CreateUserId\":8328,\"ModifiedDeviceId\":\"9SN9V22CN74430517019K\",\"ModifiedUserId\":8328,\"CreatedDate\":\"2018-08-23T15:48:37.2280672+07:00\",\"ModifiedDate\":\"2018-08-23T15:49:11.3030313+07:00\",\"VersionNumber\":2},{\"UHeaderID\":-10,\"UnitID\":63237,\"UPhaseID\":-2,\"HeaderVersionID\":null,\"HeaderID\":12593,\"PhaseID\":950,\"AreaID\":0,\"SEComplete\":\"Y\",\"QAComplete\":\"P\",\"RefID\":null,\"RowClientId\":\"Q$UH$63237$SN9V22CN74430517019K$20180823154841825\",\"RowState\":\"Modified\",\"RowVersion\":1,\"RowSyncDate\":\"2018-08-23T15:50:06.9941594+07:00\",\"CreateDeviceId\":\"9SN9V22CN74430517019K\",\"CreateUserId\":8328,\"ModifiedDeviceId\":\"9SN9V22CN74430517019K\",\"ModifiedUserId\":8328,\"CreatedDate\":\"2018-08-23T15:48:41.8253543+07:00\",\"ModifiedDate\":\"2018-08-23T15:48:49.8248063+07:00\",\"VersionNumber\":6},{\"UHeaderID\":-11,\"UnitID\":63237,\"UPhaseID\":-2,\"HeaderVersionID\":null,\"HeaderID\":12944,\"PhaseID\":950,\"AreaID\":0,\"SEComplete\":\"Y\",\"QAComplete\":\"P\",\"RefID\":null,\"RowClientId\":\"Q$UH$63237$SN9V22CN74430517019K$20180823154859395\",\"RowState\":\"Modified\",\"RowVersion\":1,\"RowSyncDate\":\"2018-08-23T15:50:06.9941594+07:00\",\"CreateDeviceId\":\"9SN9V22CN74430517019K\",\"CreateUserId\":8328,\"ModifiedDeviceId\":\"9SN9V22CN74430517019K\",\"ModifiedUserId\":8328,\"CreatedDate\":\"2018-08-23T15:48:59.3953041+07:00\",\"ModifiedDate\":\"2018-08-23T15:49:14.8759688+07:00\",\"VersionNumber\":1},{\"UHeaderID\":-12,\"UnitID\":63237,\"UPhaseID\":-2,\"HeaderVersionID\":null,\"HeaderID\":12594,\"PhaseID\":950,\"AreaID\":0,\"SEComplete\":\"Y\",\"QAComplete\":\"P\",\"RefID\":null,\"RowClientId\":\"Q$UH$63237$SN9V22CN74430517019K$20180823154916029\",\"RowState\":\"Modified\",\"RowVersion\":1,\"RowSyncDate\":\"2018-08-23T15:50:06.9941594+07:00\",\"CreateDeviceId\":\"9SN9V22CN74430517019K\",\"CreateUserId\":8328,\"ModifiedDeviceId\":\"9SN9V22CN74430517019K\",\"ModifiedUserId\":8328,\"CreatedDate\":\"2018-08-23T15:49:16.029325+07:00\",\"ModifiedDate\":\"2018-08-23T15:49:20.0310277+07:00\",\"VersionNumber\":8},{\"UHeaderID\":-13,\"UnitID\":63237,\"UPhaseID\":-2,\"HeaderVersionID\":null,\"HeaderID\":12595,\"PhaseID\":950,\"AreaID\":0,\"SEComplete\":\"Y\",\"QAComplete\":\"P\",\"RefID\":null,\"RowClientId\":\"Q$UH$63237$SN9V22CN74430517019K$20180823154933533\",\"RowState\":\"Modified\",\"RowVersion\":1,\"RowSyncDate\":\"2018-08-23T15:50:06.9941594+07:00\",\"CreateDeviceId\":\"9SN9V22CN74430517019K\",\"CreateUserId\":8328,\"ModifiedDeviceId\":\"9SN9V22CN74430517019K\",\"ModifiedUserId\":8328,\"CreatedDate\":\"2018-08-23T15:49:33.533317+07:00\",\"ModifiedDate\":\"2018-08-23T15:49:38.0257265+07:00\",\"VersionNumber\":7}]",
          "UDetails": "[{\"UDetailID\":-1,\"UnitID\":63237,\"UPhaseID\":-1,\"UHeaderID\":-1,\"DetailVersionID\":null,\"DetailID\":51214,\"SEPass\":\"Y\",\"SEScore\":null,\"SEDate\":\"2018-08-23T15:47:07.135463+07:00\",\"QAPass\":\"P\",\"QAScore\":null,\"QADate\":null,\"RowClientId\":\"Q$UD$63237$SN9V22CN74430517019K$20180823154707164\",\"RowState\":\"AddNew\",\"RowVersion\":1,\"RowSyncDate\":\"2018-08-23T15:50:06.9941594+07:00\",\"CreateDeviceId\":\"9SN9V22CN74430517019K\",\"CreateUserId\":8328,\"ModifiedDeviceId\":\"9SN9V22CN74430517019K\",\"ModifiedUserId\":8328,\"CreatedDate\":\"2018-08-23T15:47:07.1594492+07:00\",\"ModifiedDate\":\"2018-08-23T15:47:07.1594492+07:00\",\"VersionNumber\":1,\"IsRequestQA\":false},{\"UDetailID\":-2,\"UnitID\":63237,\"UPhaseID\":-1,\"UHeaderID\":-1,\"DetailVersionID\":null,\"DetailID\":51215,\"SEPass\":\"Y\",\"SEScore\":null,\"SEDate\":\"2018-08-23T15:47:07.2833783+07:00\",\"QAPass\":\"P\",\"QAScore\":null,\"QADate\":null,\"RowClientId\":\"Q$UD$63237$SN9V22CN74430517019K$20180823154707297\",\"RowState\":\"AddNew\",\"RowVersion\":1,\"RowSyncDate\":\"2018-08-23T15:50:06.9941594+07:00\",\"CreateDeviceId\":\"9SN9V22CN74430517019K\",\"CreateUserId\":8328,\"ModifiedDeviceId\":\"9SN9V22CN74430517019K\",\"ModifiedUserId\":8328,\"CreatedDate\":\"2018-08-23T15:47:07.2963701+07:00\",\"ModifiedDate\":\"2018-08-23T15:47:07.2963701+07:00\",\"VersionNumber\":1,\"IsRequestQA\":false},{\"UDetailID\":-3,\"UnitID\":63237,\"UPhaseID\":-1,\"UHeaderID\":-1,\"DetailVersionID\":null,\"DetailID\":51216,\"SEPass\":\"Y\",\"SEScore\":null,\"SEDate\":\"2018-08-23T15:47:07.3643313+07:00\",\"QAPass\":\"P\",\"QAScore\":null,\"QADate\":null,\"RowClientId\":\"Q$UD$63237$SN9V22CN74430517019K$20180823154707365\",\"RowState\":\"AddNew\",\"RowVersion\":1,\"RowSyncDate\":\"2018-08-23T15:50:06.9941594+07:00\",\"CreateDeviceId\":\"9SN9V22CN74430517019K\",\"CreateUserId\":8328,\"ModifiedDeviceId\":\"9SN9V22CN74430517019K\",\"ModifiedUserId\":8328,\"CreatedDate\":\"2018-08-23T15:47:07.365332+07:00\",\"ModifiedDate\":\"2018-08-23T15:47:07.365332+07:00\",\"VersionNumber\":1,\"IsRequestQA\":false},{\"UDetailID\":-4,\"UnitID\":63237,\"UPhaseID\":-1,\"UHeaderID\":-1,\"DetailVersionID\":null,\"DetailID\":51217,\"SEPass\":\"Y\",\"SEScore\":null,\"SEDate\":\"2018-08-23T15:47:07.4302941+07:00\",\"QAPass\":\"P\",\"QAScore\":null,\"QADate\":null,\"RowClientId\":\"Q$UD$63237$SN9V22CN74430517019K$20180823154707431\",\"RowState\":\"AddNew\",\"RowVersion\":1,\"RowSyncDate\":\"2018-08-23T15:50:06.9941594+07:00\",\"CreateDeviceId\":\"9SN9V22CN74430517019K\",\"CreateUserId\":8328,\"ModifiedDeviceId\":\"9SN9V22CN74430517019K\",\"ModifiedUserId\":8328,\"CreatedDate\":\"2018-08-23T15:47:07.4312937+07:00\",\"ModifiedDate\":\"2018-08-23T15:47:07.4312937+07:00\",\"VersionNumber\":1,\"IsRequestQA\":false},{\"UDetailID\":-5,\"UnitID\":63237,\"UPhaseID\":-1,\"UHeaderID\":-1,\"DetailVersionID\":null,\"DetailID\":51218,\"SEPass\":\"Y\",\"SEScore\":null,\"SEDate\":\"2018-08-23T15:47:07.862042+07:00\",\"QAPass\":\"P\",\"QAScore\":null,\"QADate\":null,\"RowClientId\":\"Q$UD$63237$SN9V22CN74430517019K$20180823154707862\",\"RowState\":\"AddNew\",\"RowVersion\":1,\"RowSyncDate\":\"2018-08-23T15:50:06.9941594+07:00\",\"CreateDeviceId\":\"9SN9V22CN74430517019K\",\"CreateUserId\":8328,\"ModifiedDeviceId\":\"9SN9V22CN74430517019K\",\"ModifiedUserId\":8328,\"CreatedDate\":\"2018-08-23T15:47:07.862042+07:00\",\"ModifiedDate\":\"2018-08-23T15:47:07.862042+07:00\",\"VersionNumber\":1,\"IsRequestQA\":false},{\"UDetailID\":-6,\"UnitID\":63237,\"UPhaseID\":-1,\"UHeaderID\":-1,\"DetailVersionID\":null,\"DetailID\":51219,\"SEPass\":\"Y\",\"SEScore\":null,\"SEDate\":\"2018-08-23T15:47:07.9050171+07:00\",\"QAPass\":\"P\",\"QAScore\":null,\"QADate\":null,\"RowClientId\":\"Q$UD$63237$SN9V22CN74430517019K$20180823154707906\",\"RowState\":\"AddNew\",\"RowVersion\":1,\"RowSyncDate\":\"2018-08-23T15:50:06.9941594+07:00\",\"CreateDeviceId\":\"9SN9V22CN74430517019K\",\"CreateUserId\":8328,\"ModifiedDeviceId\":\"9SN9V22CN74430517019K\",\"ModifiedUserId\":8328,\"CreatedDate\":\"2018-08-23T15:47:07.9060168+07:00\",\"ModifiedDate\":\"2018-08-23T15:47:07.9060168+07:00\",\"VersionNumber\":1,\"IsRequestQA\":false},{\"UDetailID\":-7,\"UnitID\":63237,\"UPhaseID\":-1,\"UHeaderID\":-1,\"DetailVersionID\":null,\"DetailID\":51220,\"SEPass\":\"Y\",\"SEScore\":null,\"SEDate\":\"2018-08-23T15:47:07.951992+07:00\",\"QAPass\":\"P\",\"QAScore\":null,\"QADate\":null,\"RowClientId\":\"Q$UD$63237$SN9V22CN74430517019K$20180823154707952\",\"RowState\":\"AddNew\",\"RowVersion\":1,\"RowSyncDate\":\"2018-08-23T15:50:06.9941594+07:00\",\"CreateDeviceId\":\"9SN9V22CN74430517019K\",\"CreateUserId\":8328,\"ModifiedDeviceId\":\"9SN9V22CN74430517019K\",\"ModifiedUserId\":8328,\"CreatedDate\":\"2018-08-23T15:47:07.951992+07:00\",\"ModifiedDate\":\"2018-08-23T15:47:07.951992+07:00\",\"VersionNumber\":1,\"IsRequestQA\":false},{\"UDetailID\":-8,\"UnitID\":63237,\"UPhaseID\":-1,\"UHeaderID\":-1,\"DetailVersionID\":null,\"DetailID\":51221,\"SEPass\":\"Y\",\"SEScore\":null,\"SEDate\":\"2018-08-23T15:47:07.9999472+07:00\",\"QAPass\":\"P\",\"QAScore\":null,\"QADate\":null,\"RowClientId\":\"Q$UD$63237$SN9V22CN74430517019K$20180823154708\",\"RowState\":\"AddNew\",\"RowVersion\":1,\"RowSyncDate\":\"2018-08-23T15:50:06.9941594+07:00\",\"CreateDeviceId\":\"9SN9V22CN74430517019K\",\"CreateUserId\":8328,\"ModifiedDeviceId\":\"9SN9V22CN74430517019K\",\"ModifiedUserId\":8328,\"CreatedDate\":\"2018-08-23T15:47:08.0009479+07:00\",\"ModifiedDate\":\"2018-08-23T15:47:08.0009479+07:00\",\"VersionNumber\":1,\"IsRequestQA\":false},{\"UDetailID\":-9,\"UnitID\":63237,\"UPhaseID\":-1,\"UHeaderID\":-1,\"DetailVersionID\":null,\"DetailID\":51222,\"SEPass\":\"Y\",\"SEScore\":null,\"SEDate\":\"2018-08-23T15:47:10.0307875+07:00\",\"QAPass\":\"P\",\"QAScore\":null,\"QADate\":null,\"RowClientId\":\"Q$UD$63237$SN9V22CN74430517019K$20180823154710031\",\"RowState\":\"AddNew\",\"RowVersion\":1,\"RowSyncDate\":\"2018-08-23T15:50:06.9941594+07:00\",\"CreateDeviceId\":\"9SN9V22CN74430517019K\",\"CreateUserId\":8328,\"ModifiedDeviceId\":\"9SN9V22CN74430517019K\",\"ModifiedUserId\":8328,\"CreatedDate\":\"2018-08-23T15:47:10.0317882+07:00\",\"ModifiedDate\":\"2018-08-23T15:47:10.0317882+07:00\",\"VersionNumber\":1,\"IsRequestQA\":false},{\"UDetailID\":-10,\"UnitID\":63237,\"UPhaseID\":-1,\"UHeaderID\":-1,\"DetailVersionID\":null,\"DetailID\":51223,\"SEPass\":\"Y\",\"SEScore\":null,\"SEDate\":\"2018-08-23T15:47:10.1027464+07:00\",\"QAPass\":\"P\",\"QAScore\":null,\"QADate\":null,\"RowClientId\":\"Q$UD$63237$SN9V22CN74430517019K$20180823154710103\",\"RowState\":\"AddNew\",\"RowVersion\":1,\"RowSyncDate\":\"2018-08-23T15:50:06.9941594+07:00\",\"CreateDeviceId\":\"9SN9V22CN74430517019K\",\"CreateUserId\":8328,\"ModifiedDeviceId\":\"9SN9V22CN74430517019K\",\"ModifiedUserId\":8328,\"CreatedDate\":\"2018-08-23T15:47:10.1037471+07:00\",\"ModifiedDate\":\"2018-08-23T15:47:10.1037471+07:00\",\"VersionNumber\":1,\"IsRequestQA\":false},{\"UDetailID\":-11,\"UnitID\":63237,\"UPhaseID\":-1,\"UHeaderID\":-1,\"DetailVersionID\":null,\"DetailID\":51224,\"SEPass\":\"Y\",\"SEScore\":null,\"SEDate\":\"2018-08-23T15:47:10.1697068+07:00\",\"QAPass\":\"P\",\"QAScore\":null,\"QADate\":null,\"RowClientId\":\"Q$UD$63237$SN9V22CN74430517019K$20180823154710171\",\"RowState\":\"AddNew\",\"RowVersion\":1,\"RowSyncDate\":\"2018-08-23T15:50:06.9941594+07:00\",\"CreateDeviceId\":\"9SN9V22CN74430517019K\",\"CreateUserId\":8328,\"ModifiedDeviceId\":\"9SN9V22CN74430517019K\",\"ModifiedUserId\":8328,\"CreatedDate\":\"2018-08-23T15:47:10.1717082+07:00\",\"ModifiedDate\":\"2018-08-23T15:47:10.1717082+07:00\",\"VersionNumber\":1,\"IsRequestQA\":false},{\"UDetailID\":-12,\"UnitID\":63237,\"UPhaseID\":-1,\"UHeaderID\":-1,\"DetailVersionID\":null,\"DetailID\":51225,\"SEPass\":\"Y\",\"SEScore\":null,\"SEDate\":\"2018-08-23T15:47:11.4719832+07:00\",\"QAPass\":\"P\",\"QAScore\":null,\"QADate\":null,\"RowClientId\":\"Q$UD$63237$SN9V22CN74430517019K$20180823154711472\",\"RowState\":\"AddNew\",\"RowVersion\":1,\"RowSyncDate\":\"2018-08-23T15:50:06.9941594+07:00\",\"CreateDeviceId\":\"9SN9V22CN74430517019K\",\"CreateUserId\":8328,\"ModifiedDeviceId\":\"9SN9V22CN74430517019K\",\"ModifiedUserId\":8328,\"CreatedDate\":\"2018-08-23T15:47:11.4729818+07:00\",\"ModifiedDate\":\"2018-08-23T15:47:11.4729818+07:00\",\"VersionNumber\":1,\"IsRequestQA\":false},{\"UDetailID\":-13,\"UnitID\":63237,\"UPhaseID\":-1,\"UHeaderID\":-1,\"DetailVersionID\":null,\"DetailID\":51226,\"SEPass\":\"Y\",\"SEScore\":null,\"SEDate\":\"2018-08-23T15:47:11.5649282+07:00\",\"QAPass\":\"P\",\"QAScore\":null,\"QADate\":null,\"RowClientId\":\"Q$UD$63237$SN9V22CN74430517019K$20180823154711566\",\"RowState\":\"AddNew\",\"RowVersion\":1,\"RowSyncDate\":\"2018-08-23T15:50:06.9941594+07:00\",\"CreateDeviceId\":\"9SN9V22CN74430517019K\",\"CreateUserId\":8328,\"ModifiedDeviceId\":\"9SN9V22CN74430517019K\",\"ModifiedUserId\":8328,\"CreatedDate\":\"2018-08-23T15:47:11.566905+07:00\",\"ModifiedDate\":\"2018-08-23T15:47:11.566905+07:00\",\"VersionNumber\":1,\"IsRequestQA\":false},{\"UDetailID\":-14,\"UnitID\":63237,\"UPhaseID\":-1,\"UHeaderID\":-1,\"DetailVersionID\":null,\"DetailID\":51227,\"SEPass\":\"Y\",\"SEScore\":null,\"SEDate\":\"2018-08-23T15:47:11.6328668+07:00\",\"QAPass\":\"P\",\"QAScore\":null,\"QADate\":null,\"RowClientId\":\"Q$UD$63237$SN9V22CN74430517019K$20180823154711634\",\"RowState\":\"AddNew\",\"RowVersion\":1,\"RowSyncDate\":\"2018-08-23T15:50:06.9941594+07:00\",\"CreateDeviceId\":\"9SN9V22CN74430517019K\",\"CreateUserId\":8328,\"ModifiedDeviceId\":\"9SN9V22CN74430517019K\",\"ModifiedUserId\":8328,\"CreatedDate\":\"2018-08-23T15:47:11.6348672+07:00\",\"ModifiedDate\":\"2018-08-23T15:47:11.6348672+07:00\",\"VersionNumber\":1,\"IsRequestQA\":false},{\"UDetailID\":-15,\"UnitID\":63237,\"UPhaseID\":-1,\"UHeaderID\":-1,\"DetailVersionID\":null,\"DetailID\":51228,\"SEPass\":\"Y\",\"SEScore\":null,\"SEDate\":\"2018-08-23T15:47:11.6998282+07:00\",\"QAPass\":\"P\",\"QAScore\":null,\"QADate\":null,\"RowClientId\":\"Q$UD$63237$SN9V22CN74430517019K$201808231547117\",\"RowState\":\"AddNew\",\"RowVersion\":1,\"RowSyncDate\":\"2018-08-23T15:50:06.9941594+07:00\",\"CreateDeviceId\":\"9SN9V22CN74430517019K\",\"CreateUserId\":8328,\"ModifiedDeviceId\":\"9SN9V22CN74430517019K\",\"ModifiedUserId\":8328,\"CreatedDate\":\"2018-08-23T15:47:11.7008289+07:00\",\"ModifiedDate\":\"2018-08-23T15:47:11.7008289+07:00\",\"VersionNumber\":1,\"IsRequestQA\":false},{\"UDetailID\":-16,\"UnitID\":63237,\"UPhaseID\":-1,\"UHeaderID\":-1,\"DetailVersionID\":null,\"DetailID\":51229,\"SEPass\":\"Y\",\"SEScore\":null,\"SEDate\":\"2018-08-23T15:47:13.8186357+07:00\",\"QAPass\":\"P\",\"QAScore\":null,\"QADate\":null,\"RowClientId\":\"Q$UD$63237$SN9V22CN74430517019K$20180823154713819\",\"RowState\":\"AddNew\",\"RowVersion\":1,\"RowSyncDate\":\"2018-08-23T15:50:06.9941594+07:00\",\"CreateDeviceId\":\"9SN9V22CN74430517019K\",\"CreateUserId\":8328,\"ModifiedDeviceId\":\"9SN9V22CN74430517019K\",\"ModifiedUserId\":8328,\"CreatedDate\":\"2018-08-23T15:47:13.8196364+07:00\",\"ModifiedDate\":\"2018-08-23T15:47:13.8196364+07:00\",\"VersionNumber\":1,\"IsRequestQA\":false},{\"UDetailID\":-17,\"UnitID\":63237,\"UPhaseID\":-2,\"UHeaderID\":-2,\"DetailVersionID\":null,\"DetailID\":51230,\"SEPass\":\"Y\",\"SEScore\":null,\"SEDate\":\"2018-08-23T15:47:22.2907733+07:00\",\"QAPass\":\"P\",\"QAScore\":null,\"QADate\":null,\"RowClientId\":\"Q$UD$63237$SN9V22CN74430517019K$20180823154722297\",\"RowState\":\"AddNew\",\"RowVersion\":1,\"RowSyncDate\":\"2018-08-23T15:50:06.9941594+07:00\",\"CreateDeviceId\":\"9SN9V22CN74430517019K\",\"CreateUserId\":8328,\"ModifiedDeviceId\":\"9SN9V22CN74430517019K\",\"ModifiedUserId\":8328,\"CreatedDate\":\"2018-08-23T15:47:22.2977691+07:00\",\"ModifiedDate\":\"2018-08-23T15:47:22.2977691+07:00\",\"VersionNumber\":1,\"IsRequestQA\":false},{\"UDetailID\":-18,\"UnitID\":63237,\"UPhaseID\":-2,\"UHeaderID\":-2,\"DetailVersionID\":null,\"DetailID\":51231,\"SEPass\":\"Y\",\"SEScore\":null,\"SEDate\":\"2018-08-23T15:47:22.3457386+07:00\",\"QAPass\":\"P\",\"QAScore\":null,\"QADate\":null,\"RowClientId\":\"Q$UD$63237$SN9V22CN74430517019K$20180823154722346\",\"RowState\":\"AddNew\",\"RowVersion\":1,\"RowSyncDate\":\"2018-08-23T15:50:06.9941594+07:00\",\"CreateDeviceId\":\"9SN9V22CN74430517019K\",\"CreateUserId\":8328,\"ModifiedDeviceId\":\"9SN9V22CN74430517019K\",\"ModifiedUserId\":8328,\"CreatedDate\":\"2018-08-23T15:47:22.3467393+07:00\",\"ModifiedDate\":\"2018-08-23T15:47:22.3467393+07:00\",\"VersionNumber\":1,\"IsRequestQA\":false},{\"UDetailID\":-19,\"UnitID\":63237,\"UPhaseID\":-2,\"UHeaderID\":-2,\"DetailVersionID\":null,\"DetailID\":51232,\"SEPass\":\"Y\",\"SEScore\":null,\"SEDate\":\"2018-08-23T15:47:22.3997267+07:00\",\"QAPass\":\"P\",\"QAScore\":null,\"QADate\":null,\"RowClientId\":\"Q$UD$63237$SN9V22CN74430517019K$201808231547224\",\"RowState\":\"AddNew\",\"RowVersion\":1,\"RowSyncDate\":\"2018-08-23T15:50:06.9941594+07:00\",\"CreateDeviceId\":\"9SN9V22CN74430517019K\",\"CreateUserId\":8328,\"ModifiedDeviceId\":\"9SN9V22CN74430517019K\",\"ModifiedUserId\":8328,\"CreatedDate\":\"2018-08-23T15:47:22.4007264+07:00\",\"ModifiedDate\":\"2018-08-23T15:47:22.4007264+07:00\",\"VersionNumber\":1,\"IsRequestQA\":false},{\"UDetailID\":-20,\"UnitID\":63237,\"UPhaseID\":-2,\"UHeaderID\":-2,\"DetailVersionID\":null,\"DetailID\":51233,\"SEPass\":\"Y\",\"SEScore\":null,\"SEDate\":\"2018-08-23T15:47:22.4447012+07:00\",\"QAPass\":\"P\",\"QAScore\":null,\"QADate\":null,\"RowClientId\":\"Q$UD$63237$SN9V22CN74430517019K$20180823154722446\",\"RowState\":\"AddNew\",\"RowVersion\":1,\"RowSyncDate\":\"2018-08-23T15:50:06.9941594+07:00\",\"CreateDeviceId\":\"9SN9V22CN74430517019K\",\"CreateUserId\":8328,\"ModifiedDeviceId\":\"9SN9V22CN74430517019K\",\"ModifiedUserId\":8328,\"CreatedDate\":\"2018-08-23T15:47:22.4467006+07:00\",\"ModifiedDate\":\"2018-08-23T15:47:22.4467006+07:00\",\"VersionNumber\":1,\"IsRequestQA\":false},{\"UDetailID\":-21,\"UnitID\":63237,\"UPhaseID\":-2,\"UHeaderID\":-2,\"DetailVersionID\":null,\"DetailID\":51234,\"SEPass\":\"Y\",\"SEScore\":null,\"SEDate\":\"2018-08-23T15:47:22.4926574+07:00\",\"QAPass\":\"P\",\"QAScore\":null,\"QADate\":null,\"RowClientId\":\"Q$UD$63237$SN9V22CN74430517019K$20180823154722493\",\"RowState\":\"AddNew\",\"RowVersion\":1,\"RowSyncDate\":\"2018-08-23T15:50:06.9941594+07:00\",\"CreateDeviceId\":\"9SN9V22CN74430517019K\",\"CreateUserId\":8328,\"ModifiedDeviceId\":\"9SN9V22CN74430517019K\",\"ModifiedUserId\":8328,\"CreatedDate\":\"2018-08-23T15:47:22.4936581+07:00\",\"ModifiedDate\":\"2018-08-23T15:47:22.4936581+07:00\",\"VersionNumber\":1,\"IsRequestQA\":false},{\"UDetailID\":-22,\"UnitID\":63237,\"UPhaseID\":-2,\"UHeaderID\":-2,\"DetailVersionID\":null,\"DetailID\":51235,\"SEPass\":\"Y\",\"SEScore\":null,\"SEDate\":\"2018-08-23T15:47:22.5396466+07:00\",\"QAPass\":\"P\",\"QAScore\":null,\"QADate\":null,\"RowClientId\":\"Q$UD$63237$SN9V22CN74430517019K$2018082315472254\",\"RowState\":\"AddNew\",\"RowVersion\":1,\"RowSyncDate\":\"2018-08-23T15:50:06.9941594+07:00\",\"CreateDeviceId\":\"9SN9V22CN74430517019K\",\"CreateUserId\":8328,\"ModifiedDeviceId\":\"9SN9V22CN74430517019K\",\"ModifiedUserId\":8328,\"CreatedDate\":\"2018-08-23T15:47:22.5406453+07:00\",\"ModifiedDate\":\"2018-08-23T15:47:22.5406453+07:00\",\"VersionNumber\":1,\"IsRequestQA\":false},{\"UDetailID\":-23,\"UnitID\":63237,\"UPhaseID\":-2,\"UHeaderID\":-2,\"DetailVersionID\":null,\"DetailID\":51236,\"SEPass\":\"Y\",\"SEScore\":null,\"SEDate\":\"2018-08-23T15:47:22.5866031+07:00\",\"QAPass\":\"P\",\"QAScore\":null,\"QADate\":null,\"RowClientId\":\"Q$UD$63237$SN9V22CN74430517019K$20180823154722588\",\"RowState\":\"AddNew\",\"RowVersion\":1,\"RowSyncDate\":\"2018-08-23T15:50:06.9941594+07:00\",\"CreateDeviceId\":\"9SN9V22CN74430517019K\",\"CreateUserId\":8328,\"ModifiedDeviceId\":\"9SN9V22CN74430517019K\",\"ModifiedUserId\":8328,\"CreatedDate\":\"2018-08-23T15:47:22.5886035+07:00\",\"ModifiedDate\":\"2018-08-23T15:47:22.5886035+07:00\",\"VersionNumber\":1,\"IsRequestQA\":false},{\"UDetailID\":-24,\"UnitID\":63237,\"UPhaseID\":-2,\"UHeaderID\":-2,\"DetailVersionID\":null,\"DetailID\":51237,\"SEPass\":\"Y\",\"SEScore\":null,\"SEDate\":\"2018-08-23T15:47:22.6305779+07:00\",\"QAPass\":\"P\",\"QAScore\":null,\"QADate\":null,\"RowClientId\":\"Q$UD$63237$SN9V22CN74430517019K$20180823154722631\",\"RowState\":\"AddNew\",\"RowVersion\":1,\"RowSyncDate\":\"2018-08-23T15:50:06.9941594+07:00\",\"CreateDeviceId\":\"9SN9V22CN74430517019K\",\"CreateUserId\":8328,\"ModifiedDeviceId\":\"9SN9V22CN74430517019K\",\"ModifiedUserId\":8328,\"CreatedDate\":\"2018-08-23T15:47:22.6315787+07:00\",\"ModifiedDate\":\"2018-08-23T15:47:22.6315787+07:00\",\"VersionNumber\":1,\"IsRequestQA\":false},{\"UDetailID\":-25,\"UnitID\":63237,\"UPhaseID\":-2,\"UHeaderID\":-2,\"DetailVersionID\":null,\"DetailID\":51238,\"SEPass\":\"Y\",\"SEScore\":null,\"SEDate\":\"2018-08-23T15:47:22.6765686+07:00\",\"QAPass\":\"P\",\"QAScore\":null,\"QADate\":null,\"RowClientId\":\"Q$UD$63237$SN9V22CN74430517019K$20180823154722678\",\"RowState\":\"AddNew\",\"RowVersion\":1,\"RowSyncDate\":\"2018-08-23T15:50:06.9941594+07:00\",\"CreateDeviceId\":\"9SN9V22CN74430517019K\",\"CreateUserId\":8328,\"ModifiedDeviceId\":\"9SN9V22CN74430517019K\",\"ModifiedUserId\":8328,\"CreatedDate\":\"2018-08-23T15:47:22.6785669+07:00\",\"ModifiedDate\":\"2018-08-23T15:47:22.6785669+07:00\",\"VersionNumber\":1,\"IsRequestQA\":false},{\"UDetailID\":-26,\"UnitID\":63237,\"UPhaseID\":-2,\"UHeaderID\":-3,\"DetailVersionID\":null,\"DetailID\":52441,\"SEPass\":\"Y\",\"SEScore\":null,\"SEDate\":\"2018-08-23T15:49:45.0607062+07:00\",\"QAPass\":\"P\",\"QAScore\":null,\"QADate\":null,\"RowClientId\":\"Q$UD$63237$SN9V22CN74430517019K$20180823154729844\",\"RowState\":\"Modified\",\"RowVersion\":1,\"RowSyncDate\":\"2018-08-23T15:50:06.9941594+07:00\",\"CreateDeviceId\":\"9SN9V22CN74430517019K\",\"CreateUserId\":8328,\"ModifiedDeviceId\":\"9SN9V22CN74430517019K\",\"ModifiedUserId\":8328,\"CreatedDate\":\"2018-08-23T15:47:29.844452+07:00\",\"ModifiedDate\":\"2018-08-23T15:49:45.0647019+07:00\",\"VersionNumber\":1,\"IsRequestQA\":false},{\"UDetailID\":-27,\"UnitID\":63237,\"UPhaseID\":-2,\"UHeaderID\":-4,\"DetailVersionID\":null,\"DetailID\":52442,\"SEPass\":\"Y\",\"SEScore\":null,\"SEDate\":\"2018-08-23T15:49:46.4589247+07:00\",\"QAPass\":\"P\",\"QAScore\":null,\"QADate\":null,\"RowClientId\":\"Q$UD$63237$SN9V22CN74430517019K$20180823154742011\",\"RowState\":\"Modified\",\"RowVersion\":1,\"RowSyncDate\":\"2018-08-23T15:50:06.9941594+07:00\",\"CreateDeviceId\":\"9SN9V22CN74430517019K\",\"CreateUserId\":8328,\"ModifiedDeviceId\":\"9SN9V22CN74430517019K\",\"ModifiedUserId\":8328,\"CreatedDate\":\"2018-08-23T15:47:42.0106481+07:00\",\"ModifiedDate\":\"2018-08-23T15:49:46.4698945+07:00\",\"VersionNumber\":1,\"IsRequestQA\":false},{\"UDetailID\":-28,\"UnitID\":63237,\"UPhaseID\":-2,\"UHeaderID\":-5,\"DetailVersionID\":null,\"DetailID\":51239,\"SEPass\":\"Y\",\"SEScore\":null,\"SEDate\":\"2018-08-23T15:47:48.0741804+07:00\",\"QAPass\":\"P\",\"QAScore\":null,\"QADate\":null,\"RowClientId\":\"Q$UD$63237$SN9V22CN74430517019K$20180823154748075\",\"RowState\":\"AddNew\",\"RowVersion\":1,\"RowSyncDate\":\"2018-08-23T15:50:06.9941594+07:00\",\"CreateDeviceId\":\"9SN9V22CN74430517019K\",\"CreateUserId\":8328,\"ModifiedDeviceId\":\"9SN9V22CN74430517019K\",\"ModifiedUserId\":8328,\"CreatedDate\":\"2018-08-23T15:47:48.0751801+07:00\",\"ModifiedDate\":\"2018-08-23T15:47:48.0751801+07:00\",\"VersionNumber\":1,\"IsRequestQA\":false},{\"UDetailID\":-29,\"UnitID\":63237,\"UPhaseID\":-2,\"UHeaderID\":-5,\"DetailVersionID\":null,\"DetailID\":51240,\"SEPass\":\"Y\",\"SEScore\":null,\"SEDate\":\"2018-08-23T15:47:48.1491363+07:00\",\"QAPass\":\"P\",\"QAScore\":null,\"QADate\":null,\"RowClientId\":\"Q$UD$63237$SN9V22CN74430517019K$20180823154748151\",\"RowState\":\"AddNew\",\"RowVersion\":1,\"RowSyncDate\":\"2018-08-23T15:50:06.9941594+07:00\",\"CreateDeviceId\":\"9SN9V22CN74430517019K\",\"CreateUserId\":8328,\"ModifiedDeviceId\":\"9SN9V22CN74430517019K\",\"ModifiedUserId\":8328,\"CreatedDate\":\"2018-08-23T15:47:48.1511356+07:00\",\"ModifiedDate\":\"2018-08-23T15:47:48.1511356+07:00\",\"VersionNumber\":1,\"IsRequestQA\":false},{\"UDetailID\":-30,\"UnitID\":63237,\"UPhaseID\":-2,\"UHeaderID\":-5,\"DetailVersionID\":null,\"DetailID\":51241,\"SEPass\":\"Y\",\"SEScore\":null,\"SEDate\":\"2018-08-23T15:47:50.9285508+07:00\",\"QAPass\":\"P\",\"QAScore\":null,\"QADate\":null,\"RowClientId\":\"Q$UD$63237$SN9V22CN74430517019K$2018082315475093\",\"RowState\":\"AddNew\",\"RowVersion\":1,\"RowSyncDate\":\"2018-08-23T15:50:06.9941594+07:00\",\"CreateDeviceId\":\"9SN9V22CN74430517019K\",\"CreateUserId\":8328,\"ModifiedDeviceId\":\"9SN9V22CN74430517019K\",\"ModifiedUserId\":8328,\"CreatedDate\":\"2018-08-23T15:47:50.9305491+07:00\",\"ModifiedDate\":\"2018-08-23T15:47:50.9305491+07:00\",\"VersionNumber\":1,\"IsRequestQA\":false},{\"UDetailID\":-31,\"UnitID\":63237,\"UPhaseID\":-2,\"UHeaderID\":-5,\"DetailVersionID\":null,\"DetailID\":51242,\"SEPass\":\"Y\",\"SEScore\":null,\"SEDate\":\"2018-08-23T15:47:51.0774648+07:00\",\"QAPass\":\"P\",\"QAScore\":null,\"QADate\":null,\"RowClientId\":\"Q$UD$63237$SN9V22CN74430517019K$2018082315475108\",\"RowState\":\"AddNew\",\"RowVersion\":1,\"RowSyncDate\":\"2018-08-23T15:50:06.9941594+07:00\",\"CreateDeviceId\":\"9SN9V22CN74430517019K\",\"CreateUserId\":8328,\"ModifiedDeviceId\":\"9SN9V22CN74430517019K\",\"ModifiedUserId\":8328,\"CreatedDate\":\"2018-08-23T15:47:51.0804639+07:00\",\"ModifiedDate\":\"2018-08-23T15:47:51.0804639+07:00\",\"VersionNumber\":1,\"IsRequestQA\":false},{\"UDetailID\":-32,\"UnitID\":63237,\"UPhaseID\":-2,\"UHeaderID\":-5,\"DetailVersionID\":null,\"DetailID\":51243,\"SEPass\":\"Y\",\"SEScore\":null,\"SEDate\":\"2018-08-23T15:47:52.0129236+07:00\",\"QAPass\":\"P\",\"QAScore\":null,\"QADate\":null,\"RowClientId\":\"Q$UD$63237$SN9V22CN74430517019K$20180823154752014\",\"RowState\":\"AddNew\",\"RowVersion\":1,\"RowSyncDate\":\"2018-08-23T15:50:06.9941594+07:00\",\"CreateDeviceId\":\"9SN9V22CN74430517019K\",\"CreateUserId\":8328,\"ModifiedDeviceId\":\"9SN9V22CN74430517019K\",\"ModifiedUserId\":8328,\"CreatedDate\":\"2018-08-23T15:47:52.014925+07:00\",\"ModifiedDate\":\"2018-08-23T15:47:52.014925+07:00\",\"VersionNumber\":1,\"IsRequestQA\":false},{\"UDetailID\":-33,\"UnitID\":63237,\"UPhaseID\":-2,\"UHeaderID\":-5,\"DetailVersionID\":null,\"DetailID\":51244,\"SEPass\":\"Y\",\"SEScore\":null,\"SEDate\":\"2018-08-23T15:47:52.0918781+07:00\",\"QAPass\":\"P\",\"QAScore\":null,\"QADate\":null,\"RowClientId\":\"Q$UD$63237$SN9V22CN74430517019K$20180823154752093\",\"RowState\":\"AddNew\",\"RowVersion\":1,\"RowSyncDate\":\"2018-08-23T15:50:06.9941594+07:00\",\"CreateDeviceId\":\"9SN9V22CN74430517019K\",\"CreateUserId\":8328,\"ModifiedDeviceId\":\"9SN9V22CN74430517019K\",\"ModifiedUserId\":8328,\"CreatedDate\":\"2018-08-23T15:47:52.0928788+07:00\",\"ModifiedDate\":\"2018-08-23T15:47:52.0928788+07:00\",\"VersionNumber\":1,\"IsRequestQA\":false},{\"UDetailID\":-34,\"UnitID\":63237,\"UPhaseID\":-2,\"UHeaderID\":-5,\"DetailVersionID\":null,\"DetailID\":51245,\"SEPass\":\"Y\",\"SEScore\":null,\"SEDate\":\"2018-08-23T15:47:52.166835+07:00\",\"QAPass\":\"P\",\"QAScore\":null,\"QADate\":null,\"RowClientId\":\"Q$UD$63237$SN9V22CN74430517019K$20180823154752168\",\"RowState\":\"AddNew\",\"RowVersion\":1,\"RowSyncDate\":\"2018-08-23T15:50:06.9941594+07:00\",\"CreateDeviceId\":\"9SN9V22CN74430517019K\",\"CreateUserId\":8328,\"ModifiedDeviceId\":\"9SN9V22CN74430517019K\",\"ModifiedUserId\":8328,\"CreatedDate\":\"2018-08-23T15:47:52.1688344+07:00\",\"ModifiedDate\":\"2018-08-23T15:47:52.1688344+07:00\",\"VersionNumber\":1,\"IsRequestQA\":false},{\"UDetailID\":-35,\"UnitID\":63237,\"UPhaseID\":-2,\"UHeaderID\":-5,\"DetailVersionID\":null,\"DetailID\":51246,\"SEPass\":\"Y\",\"SEScore\":null,\"SEDate\":\"2018-08-23T15:47:52.2417919+07:00\",\"QAPass\":\"P\",\"QAScore\":null,\"QADate\":null,\"RowClientId\":\"Q$UD$63237$SN9V22CN74430517019K$20180823154752243\",\"RowState\":\"AddNew\",\"RowVersion\":1,\"RowSyncDate\":\"2018-08-23T15:50:06.9941594+07:00\",\"CreateDeviceId\":\"9SN9V22CN74430517019K\",\"CreateUserId\":8328,\"ModifiedDeviceId\":\"9SN9V22CN74430517019K\",\"ModifiedUserId\":8328,\"CreatedDate\":\"2018-08-23T15:47:52.2427926+07:00\",\"ModifiedDate\":\"2018-08-23T15:47:52.2427926+07:00\",\"VersionNumber\":1,\"IsRequestQA\":false},{\"UDetailID\":-36,\"UnitID\":63237,\"UPhaseID\":-2,\"UHeaderID\":-5,\"DetailVersionID\":null,\"DetailID\":51247,\"SEPass\":\"Y\",\"SEScore\":null,\"SEDate\":\"2018-08-23T15:47:54.4255635+07:00\",\"QAPass\":\"P\",\"QAScore\":null,\"QADate\":null,\"RowClientId\":\"Q$UD$63237$SN9V22CN74430517019K$20180823154754427\",\"RowState\":\"AddNew\",\"RowVersion\":1,\"RowSyncDate\":\"2018-08-23T15:50:06.9941594+07:00\",\"CreateDeviceId\":\"9SN9V22CN74430517019K\",\"CreateUserId\":8328,\"ModifiedDeviceId\":\"9SN9V22CN74430517019K\",\"ModifiedUserId\":8328,\"CreatedDate\":\"2018-08-23T15:47:54.4275608+07:00\",\"ModifiedDate\":\"2018-08-23T15:47:54.4275608+07:00\",\"VersionNumber\":1,\"IsRequestQA\":false},{\"UDetailID\":-37,\"UnitID\":63237,\"UPhaseID\":-2,\"UHeaderID\":-5,\"DetailVersionID\":null,\"DetailID\":51248,\"SEPass\":\"Y\",\"SEScore\":null,\"SEDate\":\"2018-08-23T15:47:54.501518+07:00\",\"QAPass\":\"P\",\"QAScore\":null,\"QADate\":null,\"RowClientId\":\"Q$UD$63237$SN9V22CN74430517019K$20180823154754503\",\"RowState\":\"AddNew\",\"RowVersion\":1,\"RowSyncDate\":\"2018-08-23T15:50:06.9941594+07:00\",\"CreateDeviceId\":\"9SN9V22CN74430517019K\",\"CreateUserId\":8328,\"ModifiedDeviceId\":\"9SN9V22CN74430517019K\",\"ModifiedUserId\":8328,\"CreatedDate\":\"2018-08-23T15:47:54.5035184+07:00\",\"ModifiedDate\":\"2018-08-23T15:47:54.5035184+07:00\",\"VersionNumber\":1,\"IsRequestQA\":false},{\"UDetailID\":-38,\"UnitID\":63237,\"UPhaseID\":-2,\"UHeaderID\":-5,\"DetailVersionID\":null,\"DetailID\":51249,\"SEPass\":\"Y\",\"SEScore\":null,\"SEDate\":\"2018-08-23T15:47:54.5804582+07:00\",\"QAPass\":\"P\",\"QAScore\":null,\"QADate\":null,\"RowClientId\":\"Q$UD$63237$SN9V22CN74430517019K$20180823154754582\",\"RowState\":\"AddNew\",\"RowVersion\":1,\"RowSyncDate\":\"2018-08-23T15:50:06.9941594+07:00\",\"CreateDeviceId\":\"9SN9V22CN74430517019K\",\"CreateUserId\":8328,\"ModifiedDeviceId\":\"9SN9V22CN74430517019K\",\"ModifiedUserId\":8328,\"CreatedDate\":\"2018-08-23T15:47:54.5824576+07:00\",\"ModifiedDate\":\"2018-08-23T15:47:54.5824576+07:00\",\"VersionNumber\":1,\"IsRequestQA\":false},{\"UDetailID\":-39,\"UnitID\":63237,\"UPhaseID\":-2,\"UHeaderID\":-6,\"DetailVersionID\":null,\"DetailID\":51254,\"SEPass\":\"Y\",\"SEScore\":null,\"SEDate\":\"2018-08-23T15:47:58.0614822+07:00\",\"QAPass\":\"P\",\"QAScore\":null,\"QADate\":null,\"RowClientId\":\"Q$UD$63237$SN9V22CN74430517019K$20180823154758063\",\"RowState\":\"AddNew\",\"RowVersion\":1,\"RowSyncDate\":\"2018-08-23T15:50:06.9941594+07:00\",\"CreateDeviceId\":\"9SN9V22CN74430517019K\",\"CreateUserId\":8328,\"ModifiedDeviceId\":\"9SN9V22CN74430517019K\",\"ModifiedUserId\":8328,\"CreatedDate\":\"2018-08-23T15:47:58.0624839+07:00\",\"ModifiedDate\":\"2018-08-23T15:47:58.0624839+07:00\",\"VersionNumber\":1,\"IsRequestQA\":false},{\"UDetailID\":-40,\"UnitID\":63237,\"UPhaseID\":-2,\"UHeaderID\":-6,\"DetailVersionID\":null,\"DetailID\":51255,\"SEPass\":\"Y\",\"SEScore\":null,\"SEDate\":\"2018-08-23T15:47:58.1494319+07:00\",\"QAPass\":\"P\",\"QAScore\":null,\"QADate\":null,\"RowClientId\":\"Q$UD$63237$SN9V22CN74430517019K$20180823154758151\",\"RowState\":\"AddNew\",\"RowVersion\":1,\"RowSyncDate\":\"2018-08-23T15:50:06.9941594+07:00\",\"CreateDeviceId\":\"9SN9V22CN74430517019K\",\"CreateUserId\":8328,\"ModifiedDeviceId\":\"9SN9V22CN74430517019K\",\"ModifiedUserId\":8328,\"CreatedDate\":\"2018-08-23T15:47:58.1514312+07:00\",\"ModifiedDate\":\"2018-08-23T15:47:58.1514312+07:00\",\"VersionNumber\":1,\"IsRequestQA\":false},{\"UDetailID\":-41,\"UnitID\":63237,\"UPhaseID\":-2,\"UHeaderID\":-6,\"DetailVersionID\":null,\"DetailID\":51256,\"SEPass\":\"Y\",\"SEScore\":null,\"SEDate\":\"2018-08-23T15:47:58.2433591+07:00\",\"QAPass\":\"P\",\"QAScore\":null,\"QADate\":null,\"RowClientId\":\"Q$UD$63237$SN9V22CN74430517019K$20180823154758244\",\"RowState\":\"AddNew\",\"RowVersion\":1,\"RowSyncDate\":\"2018-08-23T15:50:06.9941594+07:00\",\"CreateDeviceId\":\"9SN9V22CN74430517019K\",\"CreateUserId\":8328,\"ModifiedDeviceId\":\"9SN9V22CN74430517019K\",\"ModifiedUserId\":8328,\"CreatedDate\":\"2018-08-23T15:47:58.2443609+07:00\",\"ModifiedDate\":\"2018-08-23T15:47:58.2443609+07:00\",\"VersionNumber\":1,\"IsRequestQA\":false},{\"UDetailID\":-42,\"UnitID\":63237,\"UPhaseID\":-2,\"UHeaderID\":-6,\"DetailVersionID\":null,\"DetailID\":51257,\"SEPass\":\"Y\",\"SEScore\":null,\"SEDate\":\"2018-08-23T15:47:58.3273111+07:00\",\"QAPass\":\"P\",\"QAScore\":null,\"QADate\":null,\"RowClientId\":\"Q$UD$63237$SN9V22CN74430517019K$20180823154758329\",\"RowState\":\"AddNew\",\"RowVersion\":1,\"RowSyncDate\":\"2018-08-23T15:50:06.9941594+07:00\",\"CreateDeviceId\":\"9SN9V22CN74430517019K\",\"CreateUserId\":8328,\"ModifiedDeviceId\":\"9SN9V22CN74430517019K\",\"ModifiedUserId\":8328,\"CreatedDate\":\"2018-08-23T15:47:58.3293115+07:00\",\"ModifiedDate\":\"2018-08-23T15:47:58.3293115+07:00\",\"VersionNumber\":1,\"IsRequestQA\":false},{\"UDetailID\":-43,\"UnitID\":63237,\"UPhaseID\":-2,\"UHeaderID\":-6,\"DetailVersionID\":null,\"DetailID\":51258,\"SEPass\":\"Y\",\"SEScore\":null,\"SEDate\":\"2018-08-23T15:48:00.0953196+07:00\",\"QAPass\":\"P\",\"QAScore\":null,\"QADate\":null,\"RowClientId\":\"Q$UD$63237$SN9V22CN74430517019K$20180823154800096\",\"RowState\":\"AddNew\",\"RowVersion\":1,\"RowSyncDate\":\"2018-08-23T15:50:06.9941594+07:00\",\"CreateDeviceId\":\"9SN9V22CN74430517019K\",\"CreateUserId\":8328,\"ModifiedDeviceId\":\"9SN9V22CN74430517019K\",\"ModifiedUserId\":8328,\"CreatedDate\":\"2018-08-23T15:48:00.0963182+07:00\",\"ModifiedDate\":\"2018-08-23T15:48:00.0963182+07:00\",\"VersionNumber\":1,\"IsRequestQA\":false},{\"UDetailID\":-44,\"UnitID\":63237,\"UPhaseID\":-2,\"UHeaderID\":-6,\"DetailVersionID\":null,\"DetailID\":51259,\"SEPass\":\"Y\",\"SEScore\":null,\"SEDate\":\"2018-08-23T15:48:00.1852676+07:00\",\"QAPass\":\"P\",\"QAScore\":null,\"QADate\":null,\"RowClientId\":\"Q$UD$63237$SN9V22CN74430517019K$20180823154800186\",\"RowState\":\"AddNew\",\"RowVersion\":1,\"RowSyncDate\":\"2018-08-23T15:50:06.9941594+07:00\",\"CreateDeviceId\":\"9SN9V22CN74430517019K\",\"CreateUserId\":8328,\"ModifiedDeviceId\":\"9SN9V22CN74430517019K\",\"ModifiedUserId\":8328,\"CreatedDate\":\"2018-08-23T15:48:00.1862673+07:00\",\"ModifiedDate\":\"2018-08-23T15:48:00.1862673+07:00\",\"VersionNumber\":1,\"IsRequestQA\":false},{\"UDetailID\":-45,\"UnitID\":63237,\"UPhaseID\":-2,\"UHeaderID\":-6,\"DetailVersionID\":null,\"DetailID\":51260,\"SEPass\":\"Y\",\"SEScore\":null,\"SEDate\":\"2018-08-23T15:48:00.2712025+07:00\",\"QAPass\":\"P\",\"QAScore\":null,\"QADate\":null,\"RowClientId\":\"Q$UD$63237$SN9V22CN74430517019K$20180823154800273\",\"RowState\":\"AddNew\",\"RowVersion\":1,\"RowSyncDate\":\"2018-08-23T15:50:06.9941594+07:00\",\"CreateDeviceId\":\"9SN9V22CN74430517019K\",\"CreateUserId\":8328,\"ModifiedDeviceId\":\"9SN9V22CN74430517019K\",\"ModifiedUserId\":8328,\"CreatedDate\":\"2018-08-23T15:48:00.2732019+07:00\",\"ModifiedDate\":\"2018-08-23T15:48:00.2732019+07:00\",\"VersionNumber\":1,\"IsRequestQA\":false},{\"UDetailID\":-46,\"UnitID\":63237,\"UPhaseID\":-2,\"UHeaderID\":-6,\"DetailVersionID\":null,\"DetailID\":51261,\"SEPass\":\"Y\",\"SEScore\":null,\"SEDate\":\"2018-08-23T15:48:02.2171107+07:00\",\"QAPass\":\"P\",\"QAScore\":null,\"QADate\":null,\"RowClientId\":\"Q$UD$63237$SN9V22CN74430517019K$20180823154802221\",\"RowState\":\"AddNew\",\"RowVersion\":1,\"RowSyncDate\":\"2018-08-23T15:50:06.9941594+07:00\",\"CreateDeviceId\":\"9SN9V22CN74430517019K\",\"CreateUserId\":8328,\"ModifiedDeviceId\":\"9SN9V22CN74430517019K\",\"ModifiedUserId\":8328,\"CreatedDate\":\"2018-08-23T15:48:02.2201088+07:00\",\"ModifiedDate\":\"2018-08-23T15:48:02.2201088+07:00\",\"VersionNumber\":1,\"IsRequestQA\":false},{\"UDetailID\":-47,\"UnitID\":63237,\"UPhaseID\":-2,\"UHeaderID\":-6,\"DetailVersionID\":null,\"DetailID\":51262,\"SEPass\":\"Y\",\"SEScore\":null,\"SEDate\":\"2018-08-23T15:48:02.3520323+07:00\",\"QAPass\":\"P\",\"QAScore\":null,\"QADate\":null,\"RowClientId\":\"Q$UD$63237$SN9V22CN74430517019K$2018082315480236\",\"RowState\":\"AddNew\",\"RowVersion\":1,\"RowSyncDate\":\"2018-08-23T15:50:06.9941594+07:00\",\"CreateDeviceId\":\"9SN9V22CN74430517019K\",\"CreateUserId\":8328,\"ModifiedDeviceId\":\"9SN9V22CN74430517019K\",\"ModifiedUserId\":8328,\"CreatedDate\":\"2018-08-23T15:48:02.359029+07:00\",\"ModifiedDate\":\"2018-08-23T15:48:02.359029+07:00\",\"VersionNumber\":1,\"IsRequestQA\":false},{\"UDetailID\":-48,\"UnitID\":63237,\"UPhaseID\":-2,\"UHeaderID\":-7,\"DetailVersionID\":null,\"DetailID\":52443,\"SEPass\":\"Y\",\"SEScore\":null,\"SEDate\":\"2018-08-23T15:49:40.0435751+07:00\",\"QAPass\":\"P\",\"QAScore\":null,\"QADate\":null,\"RowClientId\":\"Q$UD$63237$SN9V22CN74430517019K$20180823154811816\",\"RowState\":\"Modified\",\"RowVersion\":1,\"RowSyncDate\":\"2018-08-23T15:50:06.9941594+07:00\",\"CreateDeviceId\":\"9SN9V22CN74430517019K\",\"CreateUserId\":8328,\"ModifiedDeviceId\":\"9SN9V22CN74430517019K\",\"ModifiedUserId\":8328,\"CreatedDate\":\"2018-08-23T15:48:11.8165984+07:00\",\"ModifiedDate\":\"2018-08-23T15:49:40.0465721+07:00\",\"VersionNumber\":1,\"IsRequestQA\":false},{\"UDetailID\":-49,\"UnitID\":63237,\"UPhaseID\":-2,\"UHeaderID\":-8,\"DetailVersionID\":null,\"DetailID\":51263,\"SEPass\":\"Y\",\"SEScore\":null,\"SEDate\":\"2018-08-23T15:49:30.4810429+07:00\",\"QAPass\":null,\"QAScore\":null,\"QADate\":null,\"RowClientId\":\"Q$UD$63237$SN9V22CN74430517019K$20180823154820911\",\"RowState\":\"Modified\",\"RowVersion\":1,\"RowSyncDate\":\"2018-08-23T15:50:06.9941594+07:00\",\"CreateDeviceId\":\"9SN9V22CN74430517019K\",\"CreateUserId\":8328,\"ModifiedDeviceId\":\"9SN9V22CN74430517019K\",\"ModifiedUserId\":8328,\"CreatedDate\":\"2018-08-23T15:48:20.9114124+07:00\",\"ModifiedDate\":\"2018-08-23T15:49:30.4830413+07:00\",\"VersionNumber\":1,\"IsRequestQA\":true},{\"UDetailID\":-50,\"UnitID\":63237,\"UPhaseID\":-2,\"UHeaderID\":-8,\"DetailVersionID\":null,\"DetailID\":51264,\"SEPass\":\"Y\",\"SEScore\":null,\"SEDate\":\"2018-08-23T15:49:30.6349708+07:00\",\"QAPass\":null,\"QAScore\":null,\"QADate\":null,\"RowClientId\":\"Q$UD$63237$SN9V22CN74430517019K$20180823154821136\",\"RowState\":\"Modified\",\"RowVersion\":1,\"RowSyncDate\":\"2018-08-23T15:50:06.9941594+07:00\",\"CreateDeviceId\":\"9SN9V22CN74430517019K\",\"CreateUserId\":8328,\"ModifiedDeviceId\":\"9SN9V22CN74430517019K\",\"ModifiedUserId\":8328,\"CreatedDate\":\"2018-08-23T15:48:21.1362697+07:00\",\"ModifiedDate\":\"2018-08-23T15:49:30.6369692+07:00\",\"VersionNumber\":1,\"IsRequestQA\":true},{\"UDetailID\":-51,\"UnitID\":63237,\"UPhaseID\":-2,\"UHeaderID\":-8,\"DetailVersionID\":null,\"DetailID\":51265,\"SEPass\":\"Y\",\"SEScore\":null,\"SEDate\":\"2018-08-23T15:48:29.6184319+07:00\",\"QAPass\":null,\"QAScore\":null,\"QADate\":null,\"RowClientId\":\"Q$UD$63237$SN9V22CN74430517019K$20180823154821356\",\"RowState\":\"Modified\",\"RowVersion\":1,\"RowSyncDate\":\"2018-08-23T15:50:06.9941594+07:00\",\"CreateDeviceId\":\"9SN9V22CN74430517019K\",\"CreateUserId\":8328,\"ModifiedDeviceId\":\"9SN9V22CN74430517019K\",\"ModifiedUserId\":8328,\"CreatedDate\":\"2018-08-23T15:48:21.3561573+07:00\",\"ModifiedDate\":\"2018-08-23T15:48:29.6204302+07:00\",\"VersionNumber\":1,\"IsRequestQA\":true},{\"UDetailID\":-52,\"UnitID\":63237,\"UPhaseID\":-2,\"UHeaderID\":-8,\"DetailVersionID\":null,\"DetailID\":51266,\"SEPass\":\"Y\",\"SEScore\":null,\"SEDate\":\"2018-08-23T15:48:29.7293507+07:00\",\"QAPass\":null,\"QAScore\":null,\"QADate\":null,\"RowClientId\":\"Q$UD$63237$SN9V22CN74430517019K$20180823154821575\",\"RowState\":\"Modified\",\"RowVersion\":1,\"RowSyncDate\":\"2018-08-23T15:50:06.9941594+07:00\",\"CreateDeviceId\":\"9SN9V22CN74430517019K\",\"CreateUserId\":8328,\"ModifiedDeviceId\":\"9SN9V22CN74430517019K\",\"ModifiedUserId\":8328,\"CreatedDate\":\"2018-08-23T15:48:21.5750339+07:00\",\"ModifiedDate\":\"2018-08-23T15:48:29.7313501+07:00\",\"VersionNumber\":1,\"IsRequestQA\":true},{\"UDetailID\":-53,\"UnitID\":63237,\"UPhaseID\":-2,\"UHeaderID\":-8,\"DetailVersionID\":null,\"DetailID\":51267,\"SEPass\":\"Y\",\"SEScore\":null,\"SEDate\":\"2018-08-23T15:48:29.8343084+07:00\",\"QAPass\":null,\"QAScore\":null,\"QADate\":null,\"RowClientId\":\"Q$UD$63237$SN9V22CN74430517019K$20180823154821794\",\"RowState\":\"Modified\",\"RowVersion\":1,\"RowSyncDate\":\"2018-08-23T15:50:06.9941594+07:00\",\"CreateDeviceId\":\"9SN9V22CN74430517019K\",\"CreateUserId\":8328,\"ModifiedDeviceId\":\"9SN9V22CN74430517019K\",\"ModifiedUserId\":8328,\"CreatedDate\":\"2018-08-23T15:48:21.7948896+07:00\",\"ModifiedDate\":\"2018-08-23T15:48:29.8382897+07:00\",\"VersionNumber\":1,\"IsRequestQA\":true},{\"UDetailID\":-54,\"UnitID\":63237,\"UPhaseID\":-2,\"UHeaderID\":-8,\"DetailVersionID\":null,\"DetailID\":51268,\"SEPass\":\"Y\",\"SEScore\":null,\"SEDate\":\"2018-08-23T15:48:29.9412305+07:00\",\"QAPass\":null,\"QAScore\":null,\"QADate\":null,\"RowClientId\":\"Q$UD$63237$SN9V22CN74430517019K$20180823154822028\",\"RowState\":\"Modified\",\"RowVersion\":1,\"RowSyncDate\":\"2018-08-23T15:50:06.9941594+07:00\",\"CreateDeviceId\":\"9SN9V22CN74430517019K\",\"CreateUserId\":8328,\"ModifiedDeviceId\":\"9SN9V22CN74430517019K\",\"ModifiedUserId\":8328,\"CreatedDate\":\"2018-08-23T15:48:22.0287563+07:00\",\"ModifiedDate\":\"2018-08-23T15:48:29.9432289+07:00\",\"VersionNumber\":1,\"IsRequestQA\":true},{\"UDetailID\":-55,\"UnitID\":63237,\"UPhaseID\":-2,\"UHeaderID\":-8,\"DetailVersionID\":null,\"DetailID\":51269,\"SEPass\":\"Y\",\"SEScore\":null,\"SEDate\":\"2018-08-23T15:48:32.5957347+07:00\",\"QAPass\":null,\"QAScore\":null,\"QADate\":null,\"RowClientId\":\"Q$UD$63237$SN9V22CN74430517019K$20180823154822253\",\"RowState\":\"Modified\",\"RowVersion\":1,\"RowSyncDate\":\"2018-08-23T15:50:06.9941594+07:00\",\"CreateDeviceId\":\"9SN9V22CN74430517019K\",\"CreateUserId\":8328,\"ModifiedDeviceId\":\"9SN9V22CN74430517019K\",\"ModifiedUserId\":8328,\"CreatedDate\":\"2018-08-23T15:48:22.2536259+07:00\",\"ModifiedDate\":\"2018-08-23T15:48:32.6027058+07:00\",\"VersionNumber\":1,\"IsRequestQA\":true},{\"UDetailID\":-56,\"UnitID\":63237,\"UPhaseID\":-2,\"UHeaderID\":-9,\"DetailVersionID\":null,\"DetailID\":51270,\"SEPass\":\"Y\",\"SEScore\":10,\"SEDate\":\"2018-08-23T15:49:11.3020306+07:00\",\"QAPass\":null,\"QAScore\":null,\"QADate\":null,\"RowClientId\":\"Q$UD$63237$SN9V22CN74430517019K$20180823154837229\",\"RowState\":\"Modified\",\"RowVersion\":1,\"RowSyncDate\":\"2018-08-23T15:50:06.9941594+07:00\",\"CreateDeviceId\":\"9SN9V22CN74430517019K\",\"CreateUserId\":8328,\"ModifiedDeviceId\":\"9SN9V22CN74430517019K\",\"ModifiedUserId\":8328,\"CreatedDate\":\"2018-08-23T15:48:37.2280672+07:00\",\"ModifiedDate\":\"2018-08-23T15:49:11.3030313+07:00\",\"VersionNumber\":1,\"IsRequestQA\":true},{\"UDetailID\":-57,\"UnitID\":63237,\"UPhaseID\":-2,\"UHeaderID\":-10,\"DetailVersionID\":null,\"DetailID\":51271,\"SEPass\":\"Y\",\"SEScore\":null,\"SEDate\":\"2018-08-23T15:48:46.313801+07:00\",\"QAPass\":\"P\",\"QAScore\":null,\"QADate\":null,\"RowClientId\":\"Q$UD$63237$SN9V22CN74430517019K$20180823154841826\",\"RowState\":\"Modified\",\"RowVersion\":1,\"RowSyncDate\":\"2018-08-23T15:50:06.9941594+07:00\",\"CreateDeviceId\":\"9SN9V22CN74430517019K\",\"CreateUserId\":8328,\"ModifiedDeviceId\":\"9SN9V22CN74430517019K\",\"ModifiedUserId\":8328,\"CreatedDate\":\"2018-08-23T15:48:41.8253543+07:00\",\"ModifiedDate\":\"2018-08-23T15:48:46.3177987+07:00\",\"VersionNumber\":1,\"IsRequestQA\":false},{\"UDetailID\":-58,\"UnitID\":63237,\"UPhaseID\":-2,\"UHeaderID\":-10,\"DetailVersionID\":null,\"DetailID\":51272,\"SEPass\":\"Y\",\"SEScore\":null,\"SEDate\":\"2018-08-23T15:48:46.442708+07:00\",\"QAPass\":\"P\",\"QAScore\":null,\"QADate\":null,\"RowClientId\":\"Q$UD$63237$SN9V22CN74430517019K$20180823154842173\",\"RowState\":\"Modified\",\"RowVersion\":1,\"RowSyncDate\":\"2018-08-23T15:50:06.9941594+07:00\",\"CreateDeviceId\":\"9SN9V22CN74430517019K\",\"CreateUserId\":8328,\"ModifiedDeviceId\":\"9SN9V22CN74430517019K\",\"ModifiedUserId\":8328,\"CreatedDate\":\"2018-08-23T15:48:42.1731544+07:00\",\"ModifiedDate\":\"2018-08-23T15:48:46.445706+07:00\",\"VersionNumber\":1,\"IsRequestQA\":false},{\"UDetailID\":-59,\"UnitID\":63237,\"UPhaseID\":-2,\"UHeaderID\":-10,\"DetailVersionID\":null,\"DetailID\":51273,\"SEPass\":\"Y\",\"SEScore\":null,\"SEDate\":\"2018-08-23T15:48:46.5726527+07:00\",\"QAPass\":\"P\",\"QAScore\":null,\"QADate\":null,\"RowClientId\":\"Q$UD$63237$SN9V22CN74430517019K$20180823154842445\",\"RowState\":\"Modified\",\"RowVersion\":1,\"RowSyncDate\":\"2018-08-23T15:50:06.9941594+07:00\",\"CreateDeviceId\":\"9SN9V22CN74430517019K\",\"CreateUserId\":8328,\"ModifiedDeviceId\":\"9SN9V22CN74430517019K\",\"ModifiedUserId\":8328,\"CreatedDate\":\"2018-08-23T15:48:42.4450132+07:00\",\"ModifiedDate\":\"2018-08-23T15:48:46.5756507+07:00\",\"VersionNumber\":1,\"IsRequestQA\":false},{\"UDetailID\":-60,\"UnitID\":63237,\"UPhaseID\":-2,\"UHeaderID\":-10,\"DetailVersionID\":null,\"DetailID\":51274,\"SEPass\":\"Y\",\"SEScore\":null,\"SEDate\":\"2018-08-23T15:48:49.4689872+07:00\",\"QAPass\":\"P\",\"QAScore\":null,\"QADate\":null,\"RowClientId\":\"Q$UD$63237$SN9V22CN74430517019K$20180823154842712\",\"RowState\":\"Modified\",\"RowVersion\":1,\"RowSyncDate\":\"2018-08-23T15:50:06.9941594+07:00\",\"CreateDeviceId\":\"9SN9V22CN74430517019K\",\"CreateUserId\":8328,\"ModifiedDeviceId\":\"9SN9V22CN74430517019K\",\"ModifiedUserId\":8328,\"CreatedDate\":\"2018-08-23T15:48:42.7128436+07:00\",\"ModifiedDate\":\"2018-08-23T15:48:49.4739815+07:00\",\"VersionNumber\":1,\"IsRequestQA\":false},{\"UDetailID\":-61,\"UnitID\":63237,\"UPhaseID\":-2,\"UHeaderID\":-10,\"DetailVersionID\":null,\"DetailID\":51275,\"SEPass\":\"Y\",\"SEScore\":null,\"SEDate\":\"2018-08-23T15:48:49.8188092+07:00\",\"QAPass\":\"P\",\"QAScore\":null,\"QADate\":null,\"RowClientId\":\"Q$UD$63237$SN9V22CN74430517019K$20180823154842992\",\"RowState\":\"Modified\",\"RowVersion\":1,\"RowSyncDate\":\"2018-08-23T15:50:06.9941594+07:00\",\"CreateDeviceId\":\"9SN9V22CN74430517019K\",\"CreateUserId\":8328,\"ModifiedDeviceId\":\"9SN9V22CN74430517019K\",\"ModifiedUserId\":8328,\"CreatedDate\":\"2018-08-23T15:48:42.9926846+07:00\",\"ModifiedDate\":\"2018-08-23T15:48:49.8248063+07:00\",\"VersionNumber\":1,\"IsRequestQA\":false},{\"UDetailID\":-62,\"UnitID\":63237,\"UPhaseID\":-2,\"UHeaderID\":-11,\"DetailVersionID\":null,\"DetailID\":52444,\"SEPass\":\"Y\",\"SEScore\":null,\"SEDate\":\"2018-08-23T15:49:14.8739704+07:00\",\"QAPass\":\"P\",\"QAScore\":null,\"QADate\":null,\"RowClientId\":\"Q$UD$63237$SN9V22CN74430517019K$20180823154859396\",\"RowState\":\"Modified\",\"RowVersion\":1,\"RowSyncDate\":\"2018-08-23T15:50:06.9941594+07:00\",\"CreateDeviceId\":\"9SN9V22CN74430517019K\",\"CreateUserId\":8328,\"ModifiedDeviceId\":\"9SN9V22CN74430517019K\",\"ModifiedUserId\":8328,\"CreatedDate\":\"2018-08-23T15:48:59.3953041+07:00\",\"ModifiedDate\":\"2018-08-23T15:49:14.8759688+07:00\",\"VersionNumber\":1,\"IsRequestQA\":false},{\"UDetailID\":-63,\"UnitID\":63237,\"UPhaseID\":-2,\"UHeaderID\":-12,\"DetailVersionID\":null,\"DetailID\":51276,\"SEPass\":\"Y\",\"SEScore\":null,\"SEDate\":\"2018-08-23T15:49:16.0273266+07:00\",\"QAPass\":\"P\",\"QAScore\":null,\"QADate\":null,\"RowClientId\":\"Q$UD$63237$SN9V22CN74430517019K$20180823154916029\",\"RowState\":\"AddNew\",\"RowVersion\":1,\"RowSyncDate\":\"2018-08-23T15:50:06.9941594+07:00\",\"CreateDeviceId\":\"9SN9V22CN74430517019K\",\"CreateUserId\":8328,\"ModifiedDeviceId\":\"9SN9V22CN74430517019K\",\"ModifiedUserId\":8328,\"CreatedDate\":\"2018-08-23T15:49:16.029325+07:00\",\"ModifiedDate\":\"2018-08-23T15:49:16.029325+07:00\",\"VersionNumber\":1,\"IsRequestQA\":false},{\"UDetailID\":-64,\"UnitID\":63237,\"UPhaseID\":-2,\"UHeaderID\":-12,\"DetailVersionID\":null,\"DetailID\":51277,\"SEPass\":\"Y\",\"SEScore\":null,\"SEDate\":\"2018-08-23T15:49:17.2006395+07:00\",\"QAPass\":\"P\",\"QAScore\":null,\"QADate\":null,\"RowClientId\":\"Q$UD$63237$SN9V22CN74430517019K$20180823154917202\",\"RowState\":\"AddNew\",\"RowVersion\":1,\"RowSyncDate\":\"2018-08-23T15:50:06.9941594+07:00\",\"CreateDeviceId\":\"9SN9V22CN74430517019K\",\"CreateUserId\":8328,\"ModifiedDeviceId\":\"9SN9V22CN74430517019K\",\"ModifiedUserId\":8328,\"CreatedDate\":\"2018-08-23T15:49:17.2026369+07:00\",\"ModifiedDate\":\"2018-08-23T15:49:17.2026369+07:00\",\"VersionNumber\":1,\"IsRequestQA\":false},{\"UDetailID\":-65,\"UnitID\":63237,\"UPhaseID\":-2,\"UHeaderID\":-12,\"DetailVersionID\":null,\"DetailID\":51278,\"SEPass\":\"Y\",\"SEScore\":null,\"SEDate\":\"2018-08-23T15:49:17.3475542+07:00\",\"QAPass\":\"P\",\"QAScore\":null,\"QADate\":null,\"RowClientId\":\"Q$UD$63237$SN9V22CN74430517019K$2018082315491735\",\"RowState\":\"AddNew\",\"RowVersion\":1,\"RowSyncDate\":\"2018-08-23T15:50:06.9941594+07:00\",\"CreateDeviceId\":\"9SN9V22CN74430517019K\",\"CreateUserId\":8328,\"ModifiedDeviceId\":\"9SN9V22CN74430517019K\",\"ModifiedUserId\":8328,\"CreatedDate\":\"2018-08-23T15:49:17.3505522+07:00\",\"ModifiedDate\":\"2018-08-23T15:49:17.3505522+07:00\",\"VersionNumber\":1,\"IsRequestQA\":false},{\"UDetailID\":-66,\"UnitID\":63237,\"UPhaseID\":-2,\"UHeaderID\":-12,\"DetailVersionID\":null,\"DetailID\":51279,\"SEPass\":\"Y\",\"SEScore\":null,\"SEDate\":\"2018-08-23T15:49:17.4994673+07:00\",\"QAPass\":\"P\",\"QAScore\":null,\"QADate\":null,\"RowClientId\":\"Q$UD$63237$SN9V22CN74430517019K$20180823154917501\",\"RowState\":\"AddNew\",\"RowVersion\":1,\"RowSyncDate\":\"2018-08-23T15:50:06.9941594+07:00\",\"CreateDeviceId\":\"9SN9V22CN74430517019K\",\"CreateUserId\":8328,\"ModifiedDeviceId\":\"9SN9V22CN74430517019K\",\"ModifiedUserId\":8328,\"CreatedDate\":\"2018-08-23T15:49:17.5014667+07:00\",\"ModifiedDate\":\"2018-08-23T15:49:17.5014667+07:00\",\"VersionNumber\":1,\"IsRequestQA\":false},{\"UDetailID\":-67,\"UnitID\":63237,\"UPhaseID\":-2,\"UHeaderID\":-12,\"DetailVersionID\":null,\"DetailID\":51280,\"SEPass\":\"Y\",\"SEScore\":null,\"SEDate\":\"2018-08-23T15:49:17.6453844+07:00\",\"QAPass\":\"P\",\"QAScore\":null,\"QADate\":null,\"RowClientId\":\"Q$UD$63237$SN9V22CN74430517019K$20180823154917647\",\"RowState\":\"AddNew\",\"RowVersion\":1,\"RowSyncDate\":\"2018-08-23T15:50:06.9941594+07:00\",\"CreateDeviceId\":\"9SN9V22CN74430517019K\",\"CreateUserId\":8328,\"ModifiedDeviceId\":\"9SN9V22CN74430517019K\",\"ModifiedUserId\":8328,\"CreatedDate\":\"2018-08-23T15:49:17.6473837+07:00\",\"ModifiedDate\":\"2018-08-23T15:49:17.6473837+07:00\",\"VersionNumber\":1,\"IsRequestQA\":false},{\"UDetailID\":-68,\"UnitID\":63237,\"UPhaseID\":-2,\"UHeaderID\":-12,\"DetailVersionID\":null,\"DetailID\":51281,\"SEPass\":\"Y\",\"SEScore\":null,\"SEDate\":\"2018-08-23T15:49:17.7913004+07:00\",\"QAPass\":\"P\",\"QAScore\":null,\"QADate\":null,\"RowClientId\":\"Q$UD$63237$SN9V22CN74430517019K$20180823154917793\",\"RowState\":\"AddNew\",\"RowVersion\":1,\"RowSyncDate\":\"2018-08-23T15:50:06.9941594+07:00\",\"CreateDeviceId\":\"9SN9V22CN74430517019K\",\"CreateUserId\":8328,\"ModifiedDeviceId\":\"9SN9V22CN74430517019K\",\"ModifiedUserId\":8328,\"CreatedDate\":\"2018-08-23T15:49:17.7932998+07:00\",\"ModifiedDate\":\"2018-08-23T15:49:17.7932998+07:00\",\"VersionNumber\":1,\"IsRequestQA\":false},{\"UDetailID\":-69,\"UnitID\":63237,\"UPhaseID\":-2,\"UHeaderID\":-12,\"DetailVersionID\":null,\"DetailID\":51282,\"SEPass\":\"Y\",\"SEScore\":null,\"SEDate\":\"2018-08-23T15:49:20.0270464+07:00\",\"QAPass\":\"P\",\"QAScore\":null,\"QADate\":null,\"RowClientId\":\"Q$UD$63237$SN9V22CN74430517019K$20180823154920031\",\"RowState\":\"AddNew\",\"RowVersion\":1,\"RowSyncDate\":\"2018-08-23T15:50:06.9941594+07:00\",\"CreateDeviceId\":\"9SN9V22CN74430517019K\",\"CreateUserId\":8328,\"ModifiedDeviceId\":\"9SN9V22CN74430517019K\",\"ModifiedUserId\":8328,\"CreatedDate\":\"2018-08-23T15:49:20.0310277+07:00\",\"ModifiedDate\":\"2018-08-23T15:49:20.0310277+07:00\",\"VersionNumber\":1,\"IsRequestQA\":false},{\"UDetailID\":-70,\"UnitID\":63237,\"UPhaseID\":-2,\"UHeaderID\":-13,\"DetailVersionID\":null,\"DetailID\":51283,\"SEPass\":\"Y\",\"SEScore\":10,\"SEDate\":\"2018-08-23T15:49:33.7831736+07:00\",\"QAPass\":\"P\",\"QAScore\":null,\"QADate\":null,\"RowClientId\":\"Q$UD$63237$SN9V22CN74430517019K$20180823154933533\",\"RowState\":\"Modified\",\"RowVersion\":1,\"RowSyncDate\":\"2018-08-23T15:50:06.9941594+07:00\",\"CreateDeviceId\":\"9SN9V22CN74430517019K\",\"CreateUserId\":8328,\"ModifiedDeviceId\":\"9SN9V22CN74430517019K\",\"ModifiedUserId\":8328,\"CreatedDate\":\"2018-08-23T15:49:33.533317+07:00\",\"ModifiedDate\":\"2018-08-23T15:49:33.785173+07:00\",\"VersionNumber\":1,\"IsRequestQA\":false},{\"UDetailID\":-71,\"UnitID\":63237,\"UPhaseID\":-2,\"UHeaderID\":-13,\"DetailVersionID\":null,\"DetailID\":51284,\"SEPass\":\"Y\",\"SEScore\":10,\"SEDate\":\"2018-08-23T15:49:34.5187497+07:00\",\"QAPass\":\"P\",\"QAScore\":null,\"QADate\":null,\"RowClientId\":\"Q$UD$63237$SN9V22CN74430517019K$20180823154934204\",\"RowState\":\"Modified\",\"RowVersion\":1,\"RowSyncDate\":\"2018-08-23T15:50:06.9941594+07:00\",\"CreateDeviceId\":\"9SN9V22CN74430517019K\",\"CreateUserId\":8328,\"ModifiedDeviceId\":\"9SN9V22CN74430517019K\",\"ModifiedUserId\":8328,\"CreatedDate\":\"2018-08-23T15:49:34.2049298+07:00\",\"ModifiedDate\":\"2018-08-23T15:49:34.5207306+07:00\",\"VersionNumber\":1,\"IsRequestQA\":false},{\"UDetailID\":-72,\"UnitID\":63237,\"UPhaseID\":-2,\"UHeaderID\":-13,\"DetailVersionID\":null,\"DetailID\":51285,\"SEPass\":\"Y\",\"SEScore\":10,\"SEDate\":\"2018-08-23T15:49:35.3672636+07:00\",\"QAPass\":\"P\",\"QAScore\":null,\"QADate\":null,\"RowClientId\":\"Q$UD$63237$SN9V22CN74430517019K$20180823154935046\",\"RowState\":\"Modified\",\"RowVersion\":1,\"RowSyncDate\":\"2018-08-23T15:50:06.9941594+07:00\",\"CreateDeviceId\":\"9SN9V22CN74430517019K\",\"CreateUserId\":8328,\"ModifiedDeviceId\":\"9SN9V22CN74430517019K\",\"ModifiedUserId\":8328,\"CreatedDate\":\"2018-08-23T15:49:35.0464284+07:00\",\"ModifiedDate\":\"2018-08-23T15:49:35.369262+07:00\",\"VersionNumber\":1,\"IsRequestQA\":false},{\"UDetailID\":-73,\"UnitID\":63237,\"UPhaseID\":-2,\"UHeaderID\":-13,\"DetailVersionID\":null,\"DetailID\":51286,\"SEPass\":\"Y\",\"SEScore\":10,\"SEDate\":\"2018-08-23T15:49:36.2367555+07:00\",\"QAPass\":\"P\",\"QAScore\":null,\"QADate\":null,\"RowClientId\":\"Q$UD$63237$SN9V22CN74430517019K$20180823154935895\",\"RowState\":\"Modified\",\"RowVersion\":1,\"RowSyncDate\":\"2018-08-23T15:50:06.9941594+07:00\",\"CreateDeviceId\":\"9SN9V22CN74430517019K\",\"CreateUserId\":8328,\"ModifiedDeviceId\":\"9SN9V22CN74430517019K\",\"ModifiedUserId\":8328,\"CreatedDate\":\"2018-08-23T15:49:35.8959604+07:00\",\"ModifiedDate\":\"2018-08-23T15:49:36.2387487+07:00\",\"VersionNumber\":1,\"IsRequestQA\":false},{\"UDetailID\":-74,\"UnitID\":63237,\"UPhaseID\":-2,\"UHeaderID\":-13,\"DetailVersionID\":null,\"DetailID\":51287,\"SEPass\":\"Y\",\"SEScore\":10,\"SEDate\":\"2018-08-23T15:49:37.0932812+07:00\",\"QAPass\":\"P\",\"QAScore\":null,\"QADate\":null,\"RowClientId\":\"Q$UD$63237$SN9V22CN74430517019K$20180823154936755\",\"RowState\":\"Modified\",\"RowVersion\":1,\"RowSyncDate\":\"2018-08-23T15:50:06.9941594+07:00\",\"CreateDeviceId\":\"9SN9V22CN74430517019K\",\"CreateUserId\":8328,\"ModifiedDeviceId\":\"9SN9V22CN74430517019K\",\"ModifiedUserId\":8328,\"CreatedDate\":\"2018-08-23T15:49:36.7554534+07:00\",\"ModifiedDate\":\"2018-08-23T15:49:37.095258+07:00\",\"VersionNumber\":1,\"IsRequestQA\":false},{\"UDetailID\":-75,\"UnitID\":63237,\"UPhaseID\":-2,\"UHeaderID\":-13,\"DetailVersionID\":null,\"DetailID\":51288,\"SEPass\":\"Y\",\"SEScore\":8,\"SEDate\":\"2018-08-23T15:49:38.0237271+07:00\",\"QAPass\":\"P\",\"QAScore\":null,\"QADate\":null,\"RowClientId\":\"Q$UD$63237$SN9V22CN74430517019K$20180823154937638\",\"RowState\":\"Modified\",\"RowVersion\":1,\"RowSyncDate\":\"2018-08-23T15:50:06.9941594+07:00\",\"CreateDeviceId\":\"9SN9V22CN74430517019K\",\"CreateUserId\":8328,\"ModifiedDeviceId\":\"9SN9V22CN74430517019K\",\"ModifiedUserId\":8328,\"CreatedDate\":\"2018-08-23T15:49:37.6389654+07:00\",\"ModifiedDate\":\"2018-08-23T15:49:38.0257265+07:00\",\"VersionNumber\":1,\"IsRequestQA\":false},{\"UDetailID\":-76,\"UnitID\":63237,\"UPhaseID\":-2,\"UHeaderID\":-6,\"DetailVersionID\":null,\"DetailID\":51250,\"SEPass\":\"Y\",\"SEScore\":null,\"SEDate\":\"2018-08-23T15:49:47.977055+07:00\",\"QAPass\":\"P\",\"QAScore\":null,\"QADate\":null,\"RowClientId\":\"Q$UD$63237$SN9V22CN74430517019K$2018082315494798\",\"RowState\":\"AddNew\",\"RowVersion\":1,\"RowSyncDate\":\"2018-08-23T15:50:06.9941594+07:00\",\"CreateDeviceId\":\"9SN9V22CN74430517019K\",\"CreateUserId\":8328,\"ModifiedDeviceId\":\"9SN9V22CN74430517019K\",\"ModifiedUserId\":8328,\"CreatedDate\":\"2018-08-23T15:49:47.980053+07:00\",\"ModifiedDate\":\"2018-08-23T15:49:47.980053+07:00\",\"VersionNumber\":1,\"IsRequestQA\":false},{\"UDetailID\":-77,\"UnitID\":63237,\"UPhaseID\":-2,\"UHeaderID\":-6,\"DetailVersionID\":null,\"DetailID\":51251,\"SEPass\":\"Y\",\"SEScore\":null,\"SEDate\":\"2018-08-23T15:49:49.2043324+07:00\",\"QAPass\":\"P\",\"QAScore\":null,\"QADate\":null,\"RowClientId\":\"Q$UD$63237$SN9V22CN74430517019K$20180823154949207\",\"RowState\":\"AddNew\",\"RowVersion\":1,\"RowSyncDate\":\"2018-08-23T15:50:06.9941594+07:00\",\"CreateDeviceId\":\"9SN9V22CN74430517019K\",\"CreateUserId\":8328,\"ModifiedDeviceId\":\"9SN9V22CN74430517019K\",\"ModifiedUserId\":8328,\"CreatedDate\":\"2018-08-23T15:49:49.2073304+07:00\",\"ModifiedDate\":\"2018-08-23T15:49:49.2073304+07:00\",\"VersionNumber\":1,\"IsRequestQA\":false},{\"UDetailID\":-78,\"UnitID\":63237,\"UPhaseID\":-2,\"UHeaderID\":-6,\"DetailVersionID\":null,\"DetailID\":51253,\"SEPass\":\"Y\",\"SEScore\":null,\"SEDate\":\"2018-08-23T15:49:50.283716+07:00\",\"QAPass\":\"P\",\"QAScore\":null,\"QADate\":null,\"RowClientId\":\"Q$UD$63237$SN9V22CN74430517019K$20180823154950287\",\"RowState\":\"AddNew\",\"RowVersion\":1,\"RowSyncDate\":\"2018-08-23T15:50:06.9941594+07:00\",\"CreateDeviceId\":\"9SN9V22CN74430517019K\",\"CreateUserId\":8328,\"ModifiedDeviceId\":\"9SN9V22CN74430517019K\",\"ModifiedUserId\":8328,\"CreatedDate\":\"2018-08-23T15:49:50.2877148+07:00\",\"ModifiedDate\":\"2018-08-23T15:49:50.2877148+07:00\",\"VersionNumber\":1,\"IsRequestQA\":false},{\"UDetailID\":-79,\"UnitID\":63237,\"UPhaseID\":-2,\"UHeaderID\":-6,\"DetailVersionID\":null,\"DetailID\":51252,\"SEPass\":\"Y\",\"SEScore\":null,\"SEDate\":\"2018-08-23T15:49:50.8773759+07:00\",\"QAPass\":\"P\",\"QAScore\":null,\"QADate\":null,\"RowClientId\":\"Q$UD$63237$SN9V22CN74430517019K$2018082315495088\",\"RowState\":\"AddNew\",\"RowVersion\":1,\"RowSyncDate\":\"2018-08-23T15:50:06.9941594+07:00\",\"CreateDeviceId\":\"9SN9V22CN74430517019K\",\"CreateUserId\":8328,\"ModifiedDeviceId\":\"9SN9V22CN74430517019K\",\"ModifiedUserId\":8328,\"CreatedDate\":\"2018-08-23T15:49:50.8803729+07:00\",\"ModifiedDate\":\"2018-08-23T15:49:50.8803729+07:00\",\"VersionNumber\":1,\"IsRequestQA\":false}]",
          "LastSyncDate": "2018-08-23T15:50:06.9941594+07:00",
          "LastSyncUserId": 8328,
          "ModifiedDate": "2018-08-23T15:49:51",
          "ModifiedUserId": 8328,
          "RowState": "Modified"
        }
      ],
      "RESOURCES": [
        {
          "RowClientId": "Q$RES$U63237$SN9V22CN74430517019K$2018082315473439",
          "ResourceId": 0,
          "ResourceType": 110,
          "ResourceTagCode": "U-SE",
          "ResourceTagSubCode": "H",
          "ResourceGroupSet": "58570ce0c05943988941ae6d3fe43543",
          "ResourceGroupOrder": 1,
          "ResourceMineType": "image/jpeg",
          "ProjectId": 233,
          "UnitId": 63237,
          "FilePath": "P_233\\U_63237\\Camera\\Camera_9SN9V22CN74430517019K_20180823154733.jpg",
          "Description": "",
          "IsActive": true,
          "PhaseId": 0,
          "HeaderId": 12941,
          "DetailId": 0,
          "UHeader_RowClientId": "Q$UH$63237$SN9V22CN74430517019K$20180823154729844",
          "UDetail_RowClientId": "",
          "UFHeader_RowClientId": "",
          "UFDetail_RowClientId": "",
          "RowState": "AddNew",
          "RowSyncDate": "2018-08-23T15:50:06.9941594+07:00",
          "FileLength": 17079,
          "CreateDeviceId": "9SN9V22CN74430517019K",
          "CreateUserId": 8328,
          "ModifiedDeviceId": "9SN9V22CN74430517019K",
          "ModifiedUserId": 8328,
          "CreatedDate": "2018-08-23T15:47:34",
          "ModifiedDate": "2018-08-23T15:47:34"
        },
        {
          "RowClientId": "Q$RES$U63237$SN9V22CN74430517019K$2018082315474572",
          "ResourceId": 0,
          "ResourceType": 110,
          "ResourceTagCode": "U-SE",
          "ResourceTagSubCode": "H",
          "ResourceGroupSet": "18ad624b068744a989f71e650d5d5f60",
          "ResourceGroupOrder": 1,
          "ResourceMineType": "image/jpeg",
          "ProjectId": 233,
          "UnitId": 63237,
          "FilePath": "P_233\\U_63237\\Camera\\Camera_9SN9V22CN74430517019K_20180823154744.jpg",
          "Description": "",
          "IsActive": true,
          "PhaseId": 0,
          "HeaderId": 12942,
          "DetailId": 0,
          "UHeader_RowClientId": "Q$UH$63237$SN9V22CN74430517019K$2018082315474201",
          "UDetail_RowClientId": "",
          "UFHeader_RowClientId": "",
          "UFDetail_RowClientId": "",
          "RowState": "AddNew",
          "RowSyncDate": "2018-08-23T15:50:06.9941594+07:00",
          "FileLength": 17082,
          "CreateDeviceId": "9SN9V22CN74430517019K",
          "CreateUserId": 8328,
          "ModifiedDeviceId": "9SN9V22CN74430517019K",
          "ModifiedUserId": 8328,
          "CreatedDate": "2018-08-23T15:47:45",
          "ModifiedDate": "2018-08-23T15:47:45"
        },
        {
          "RowClientId": "Q$RES$U63237$SN9V22CN74430517019K$2018082315481570",
          "ResourceId": 0,
          "ResourceType": 110,
          "ResourceTagCode": "U-SE",
          "ResourceTagSubCode": "H",
          "ResourceGroupSet": "ca99f6d2571743ba83aec972fc5828f1",
          "ResourceGroupOrder": 1,
          "ResourceMineType": "image/jpeg",
          "ProjectId": 233,
          "UnitId": 63237,
          "FilePath": "P_233\\U_63237\\Camera\\Camera_9SN9V22CN74430517019K_20180823154814.jpg",
          "Description": "",
          "IsActive": true,
          "PhaseId": 0,
          "HeaderId": 12943,
          "DetailId": 0,
          "UHeader_RowClientId": "Q$UH$63237$SN9V22CN74430517019K$20180823154811816",
          "UDetail_RowClientId": "",
          "UFHeader_RowClientId": "",
          "UFDetail_RowClientId": "",
          "RowState": "AddNew",
          "RowSyncDate": "2018-08-23T15:50:06.9941594+07:00",
          "FileLength": 17065,
          "CreateDeviceId": "9SN9V22CN74430517019K",
          "CreateUserId": 8328,
          "ModifiedDeviceId": "9SN9V22CN74430517019K",
          "ModifiedUserId": 8328,
          "CreatedDate": "2018-08-23T15:48:15",
          "ModifiedDate": "2018-08-23T15:48:15"
        },
        {
          "RowClientId": "Q$RES$U63237$SN9V22CN74430517019K$2018082315482684",
          "ResourceId": 0,
          "ResourceType": 110,
          "ResourceTagCode": "U-SE",
          "ResourceTagSubCode": "H",
          "ResourceGroupSet": "29c1ad2e69ab4260a2248be9ad39cefe",
          "ResourceGroupOrder": 1,
          "ResourceMineType": "image/jpeg",
          "ProjectId": 233,
          "UnitId": 63237,
          "FilePath": "P_233\\U_63237\\Camera\\Camera_9SN9V22CN74430517019K_20180823154825.jpg",
          "Description": "",
          "IsActive": true,
          "PhaseId": 0,
          "HeaderId": 12591,
          "DetailId": 0,
          "UHeader_RowClientId": "Q$UH$63237$SN9V22CN74430517019K$20180823154820911",
          "UDetail_RowClientId": "",
          "UFHeader_RowClientId": "",
          "UFDetail_RowClientId": "",
          "RowState": "AddNew",
          "RowSyncDate": "2018-08-23T15:50:06.9941594+07:00",
          "FileLength": 17116,
          "CreateDeviceId": "9SN9V22CN74430517019K",
          "CreateUserId": 8328,
          "ModifiedDeviceId": "9SN9V22CN74430517019K",
          "ModifiedUserId": 8328,
          "CreatedDate": "2018-08-23T15:48:26",
          "ModifiedDate": "2018-08-23T15:48:26"
        },
        {
          "RowClientId": "Q$RES$U63237$SN9V22CN74430517019K$2018082315484074",
          "ResourceId": 0,
          "ResourceType": 110,
          "ResourceTagCode": "U-SE",
          "ResourceTagSubCode": "H",
          "ResourceGroupSet": "1e85528547f24fb3ba55acdf602370df",
          "ResourceGroupOrder": 1,
          "ResourceMineType": "image/jpeg",
          "ProjectId": 233,
          "UnitId": 63237,
          "FilePath": "P_233\\U_63237\\Camera\\Camera_9SN9V22CN74430517019K_20180823154840.jpg",
          "Description": "",
          "IsActive": true,
          "PhaseId": 0,
          "HeaderId": 12592,
          "DetailId": 0,
          "UHeader_RowClientId": "Q$UH$63237$SN9V22CN74430517019K$20180823154837228",
          "UDetail_RowClientId": "",
          "UFHeader_RowClientId": "",
          "UFDetail_RowClientId": "",
          "RowState": "AddNew",
          "RowSyncDate": "2018-08-23T15:50:06.9941594+07:00",
          "FileLength": 17074,
          "CreateDeviceId": "9SN9V22CN74430517019K",
          "CreateUserId": 8328,
          "ModifiedDeviceId": "9SN9V22CN74430517019K",
          "ModifiedUserId": 8328,
          "CreatedDate": "2018-08-23T15:48:40",
          "ModifiedDate": "2018-08-23T15:48:40"
        },
        {
          "RowClientId": "Q$RES$U63237$SN9V22CN74430517019K$2018082315484518",
          "ResourceId": 0,
          "ResourceType": 110,
          "ResourceTagCode": "U-SE",
          "ResourceTagSubCode": "H",
          "ResourceGroupSet": "f44a55cb5e814bb3ae96a63e3d6ba4d4",
          "ResourceGroupOrder": 1,
          "ResourceMineType": "image/jpeg",
          "ProjectId": 233,
          "UnitId": 63237,
          "FilePath": "P_233\\U_63237\\Camera\\Camera_9SN9V22CN74430517019K_20180823154844.jpg",
          "Description": "",
          "IsActive": true,
          "PhaseId": 0,
          "HeaderId": 12593,
          "DetailId": 0,
          "UHeader_RowClientId": "Q$UH$63237$SN9V22CN74430517019K$20180823154841825",
          "UDetail_RowClientId": "",
          "UFHeader_RowClientId": "",
          "UFDetail_RowClientId": "",
          "RowState": "AddNew",
          "RowSyncDate": "2018-08-23T15:50:06.9941594+07:00",
          "FileLength": 17106,
          "CreateDeviceId": "9SN9V22CN74430517019K",
          "CreateUserId": 8328,
          "ModifiedDeviceId": "9SN9V22CN74430517019K",
          "ModifiedUserId": 8328,
          "CreatedDate": "2018-08-23T15:48:45",
          "ModifiedDate": "2018-08-23T15:48:45"
        },
        {
          "RowClientId": "Q$RES$U63237$SN9V22CN74430517019K$2018082315490490",
          "ResourceId": 0,
          "ResourceType": 110,
          "ResourceTagCode": "U-SE",
          "ResourceTagSubCode": "H",
          "ResourceGroupSet": "dec75253e7e741c889c46fb62d4e7994",
          "ResourceGroupOrder": 1,
          "ResourceMineType": "image/jpeg",
          "ProjectId": 233,
          "UnitId": 63237,
          "FilePath": "P_233\\U_63237\\Camera\\Camera_9SN9V22CN74430517019K_20180823154903.jpg",
          "Description": "",
          "IsActive": true,
          "PhaseId": 0,
          "HeaderId": 12944,
          "DetailId": 0,
          "UHeader_RowClientId": "Q$UH$63237$SN9V22CN74430517019K$20180823154859395",
          "UDetail_RowClientId": "",
          "UFHeader_RowClientId": "",
          "UFDetail_RowClientId": "",
          "RowState": "AddNew",
          "RowSyncDate": "2018-08-23T15:50:06.9941594+07:00",
          "FileLength": 17030,
          "CreateDeviceId": "9SN9V22CN74430517019K",
          "CreateUserId": 8328,
          "ModifiedDeviceId": "9SN9V22CN74430517019K",
          "ModifiedUserId": 8328,
          "CreatedDate": "2018-08-23T15:49:04",
          "ModifiedDate": "2018-08-23T15:49:04"
        }
      ],
      "DETAILS_PROJ": []
    }
  ]
}